,company,paper_class
0,600709.SH,0
1,002676.SZ,0
2,603286.SH,0
3,002675.SZ,0
4,600848.SH,0
5,600397.SH,0
6,000563.SZ,0
7,000776.SZ,0
8,688333.SH,0
9,603658.SH,0
10,600696.SH,0
11,600421.SH,0
12,600199.SH,0
13,000982.SZ,0
14,300461.SZ,0
15,603429.SH,0
16,603195.SH,0
17,688037.SH,0
18,300335.SZ,0
19,300314.SZ,0
20,000583.SZ,0
21,002427.SZ,0
22,002201.SZ,0
23,300802.SZ,0
24,002188.SZ,0
25,002522.SZ,0
26,002054.SZ,0
27,600192.SH,0
28,600073.SH,0
29,600616.SH,0
30,600999.SH,0
31,002283.SZ,0
32,300489.SZ,0
33,002004.SZ,0
34,000691.SZ,0
35,002743.SZ,0
36,603585.SH,0
37,000692.SZ,0
38,603267.SH,0
39,600099.SH,0
40,600018.SH,0
41,600393.SH,0
42,002619.SZ,0
43,603580.SH,0
44,300347.SZ,0
45,600820.SH,0
46,600783.SH,0
47,300796.SZ,0
48,600532.SH,0
49,300671.SZ,0
50,002036.SZ,0
51,002028.SZ,0
52,688208.SH,0
53,601678.SH,0
54,000677.SZ,0
55,600460.SH,0
56,600177.SH,0
57,002062.SZ,0
58,000615.SZ,0
59,603238.SH,0
60,002082.SZ,0
61,600210.SH,0
62,002473.SZ,0
63,300404.SZ,0
64,600734.SH,0
65,002378.SZ,0
66,600680.SH,0
67,688005.SH,0
68,000817.SZ,0
69,300010.SZ,0
70,300342.SZ,0
71,600758.SH,0
72,600479.SH,0
73,000333.SZ,0
74,002890.SZ,0
75,002477.SZ,0
76,300501.SZ,0
77,600369.SH,0
78,603225.SH,0
79,002318.SZ,0
80,600832.SH,0
81,300612.SZ,0
82,600550.SH,0
83,000156.SZ,0
84,603639.SH,0
85,600553.SH,0
86,002217.SZ,0
87,002412.SZ,0
88,300640.SZ,0
89,002529.SZ,0
90,002774.SZ,0
91,300462.SZ,0
92,603515.SH,0
93,300442.SZ,0
94,603799.SH,0
95,002299.SZ,0
96,000926.SZ,0
97,002779.SZ,0
98,601101.SH,0
99,000868.SZ,0
100,603378.SH,0
101,600695.SH,0
102,603839.SH,0
103,002562.SZ,0
104,000822.SZ,0
105,000585.SZ,0
106,603898.SH,0
107,603302.SH,0
108,002219.SZ,0
109,002823.SZ,0
110,600038.SH,0
111,000069.SZ,0
112,002257.SZ,0
113,603730.SH,0
114,002653.SZ,0
115,000402.SZ,0
116,000971.SZ,0
117,600600.SH,0
118,300039.SZ,0
119,002670.SZ,0
120,600392.SH,0
121,600273.SH,0
122,000578.SZ,0
123,300263.SZ,0
124,300628.SZ,0
125,600517.SH,0
126,002715.SZ,0
127,600711.SH,0
128,600665.SH,0
129,600359.SH,0
130,002172.SZ,0
131,603277.SH,0
132,300517.SZ,0
133,002896.SZ,0
134,600358.SH,0
135,600624.SH,0
136,600325.SH,0
137,002561.SZ,0
138,600184.SH,0
139,300465.SZ,0
140,300653.SZ,0
141,603165.SH,0
142,600846.SH,0
143,300670.SZ,0
144,300759.SZ,0
145,002911.SZ,0
146,600749.SH,0
147,603328.SH,0
148,600079.SH,0
149,300154.SZ,0
150,603499.SH,0
151,000977.SZ,0
152,600112.SH,0
153,000673.SZ,0
154,000611.SZ,0
155,603933.SH,0
156,002150.SZ,0
157,300527.SZ,0
158,002321.SZ,0
159,000498.SZ,0
160,000736.SZ,0
161,300192.SZ,0
162,002488.SZ,0
163,603977.SH,0
164,601991.SH,0
165,000056.SZ,0
166,603358.SH,0
167,603949.SH,0
168,000688.SZ,0
169,603520.SH,0
170,600113.SH,0
171,000531.SZ,0
172,600642.SH,0
173,601188.SH,0
174,601318.SH,0
175,002191.SZ,1
176,002312.SZ,1
177,603353.SH,1
178,603978.SH,1
179,000412.SZ,1
180,002511.SZ,1
181,000769.SZ,1
182,000929.SZ,1
183,600876.SH,1
184,688169.SH,1
185,600295.SH,1
186,600249.SH,1
187,600847.SH,1
188,000068.SZ,1
189,603551.SH,1
190,603335.SH,1
191,002406.SZ,1
192,603596.SH,1
193,600339.SH,1
194,002290.SZ,1
195,600027.SH,1
196,600276.SH,1
197,603722.SH,1
198,603996.SH,1
199,300279.SZ,1
200,600388.SH,1
201,002360.SZ,1
202,300661.SZ,1
203,300122.SZ,1
204,300760.SZ,1
205,002050.SZ,1
206,300668.SZ,1
207,002065.SZ,1
208,002490.SZ,1
209,600621.SH,1
210,600108.SH,1
211,300772.SZ,1
212,000003.SZ,1
213,600997.SH,1
214,002031.SZ,1
215,300542.SZ,1
216,002810.SZ,1
217,300418.SZ,1
218,000889.SZ,1
219,002366.SZ,1
220,300120.SZ,1
221,601002.SH,1
222,002729.SZ,1
223,002167.SZ,1
224,600809.SH,1
225,002525.SZ,1
226,002636.SZ,1
227,002099.SZ,1
228,000837.SZ,1
229,002307.SZ,1
230,300578.SZ,1
231,603306.SH,1
232,300727.SZ,1
233,600545.SH,1
234,000933.SZ,1
235,600478.SH,1
236,603121.SH,1
237,000592.SZ,1
238,603028.SH,1
239,000030.SZ,1
240,603127.SH,1
241,300630.SZ,1
242,600712.SH,1
243,600761.SH,1
244,300790.SZ,1
245,600828.SH,1
246,603278.SH,1
247,002208.SZ,1
248,000996.SZ,1
249,600579.SH,1
250,600072.SH,1
251,688196.SH,1
252,600702.SH,1
253,300751.SZ,1
254,000991.SZ,1
255,300025.SZ,1
256,603186.SH,1
257,000956.SZ,1
258,600189.SH,1
259,600159.SH,1
260,000405.SZ,1
261,000406.SZ,1
262,600472.SH,1
263,600448.SH,1
264,300468.SZ,1
265,601688.SH,1
266,000863.SZ,1
267,002611.SZ,1
268,000932.SZ,1
269,300807.SZ,1
270,600130.SH,1
271,000600.SZ,1
272,000660.SZ,1
273,002450.SZ,1
274,002265.SZ,1
275,600350.SH,1
276,600657.SH,1
277,600206.SH,1
278,002599.SZ,1
279,002063.SZ,1
280,603579.SH,1
281,002515.SZ,1
282,300080.SZ,1
283,300601.SZ,1
284,600059.SH,1
285,002532.SZ,1
286,001979.SZ,1
287,688002.SH,1
288,600095.SH,1
289,601216.SH,1
290,000836.SZ,1
291,603001.SH,1
292,000037.SZ,1
293,002860.SZ,1
294,300147.SZ,1
295,603105.SH,1
296,603222.SH,1
297,600926.SH,1
298,600678.SH,1
299,600512.SH,1
300,600866.SH,1
301,600520.SH,1
302,603323.SH,1
303,002087.SZ,1
304,000549.SZ,1
305,603937.SH,1
306,601777.SH,1
307,000827.SZ,1
308,601229.SH,1
309,600728.SH,1
310,688123.SH,1
311,600185.SH,1
312,300798.SZ,1
313,002220.SZ,1
314,603023.SH,1
315,600466.SH,1
316,600400.SH,1
317,601200.SH,1
318,000876.SZ,1
319,600748.SH,1
320,600747.SH,1
321,002147.SZ,1
322,000566.SZ,1
323,000990.SZ,1
324,600986.SH,1
325,002635.SZ,1
326,600593.SH,1
327,300046.SZ,1
328,002026.SZ,1
329,600971.SH,1
330,600138.SH,1
331,600539.SH,1
332,600570.SH,1
333,603630.SH,1
334,600083.SH,1
335,002809.SZ,1
336,600491.SH,1
337,600132.SH,1
338,600627.SH,1
339,600356.SH,1
340,300535.SZ,1
341,600834.SH,1
342,300528.SZ,1
343,300009.SZ,1
344,600217.SH,1
345,300663.SZ,1
346,000803.SZ,1
347,000985.SZ,1
348,600006.SH,1
349,002785.SZ,2
350,601162.SH,2
351,000508.SZ,2
352,300778.SZ,2
353,000567.SZ,2
354,600548.SH,2
355,002679.SZ,2
356,002717.SZ,2
357,002142.SZ,2
358,601618.SH,2
359,601001.SH,2
360,600788.SH,2
361,002916.SZ,2
362,300326.SZ,2
363,002475.SZ,2
364,300379.SZ,2
365,600674.SH,2
366,300485.SZ,2
367,002329.SZ,2
368,603507.SH,2
369,002863.SZ,2
370,600307.SH,2
371,002819.SZ,2
372,002125.SZ,2
373,603086.SH,2
374,002361.SZ,2
375,002866.SZ,2
376,600643.SH,2
377,600017.SH,2
378,002712.SZ,2
379,002828.SZ,2
380,002935.SZ,2
381,603801.SH,2
382,000650.SZ,2
383,603687.SH,2
384,002289.SZ,2
385,002014.SZ,2
386,002657.SZ,2
387,600889.SH,2
388,002643.SZ,2
389,300522.SZ,2
390,600070.SH,2
391,002387.SZ,2
392,300294.SZ,2
393,600767.SH,2
394,600844.SH,2
395,601333.SH,2
396,600626.SH,2
397,002793.SZ,2
398,603196.SH,2
399,603728.SH,2
400,000519.SZ,2
401,300757.SZ,2
402,002211.SZ,2
403,002843.SZ,2
404,000895.SZ,2
405,603488.SH,2
406,603819.SH,2
407,002113.SZ,2
408,002138.SZ,2
409,300585.SZ,2
410,002214.SZ,2
411,603788.SH,2
412,002110.SZ,2
413,601368.SH,2
414,600429.SH,2
415,600582.SH,2
416,000661.SZ,2
417,000710.SZ,2
418,000516.SZ,2
419,002029.SZ,2
420,603297.SH,2
421,601211.SH,2
422,300691.SZ,2
423,688025.SH,2
424,300771.SZ,2
425,300775.SZ,2
426,002348.SZ,2
427,002374.SZ,2
428,002198.SZ,2
429,002443.SZ,2
430,601799.SH,2
431,000952.SZ,2
432,300168.SZ,2
433,300607.SZ,2
434,300699.SZ,2
435,300361.SZ,2
436,000425.SZ,2
437,600697.SH,2
438,600619.SH,2
439,603169.SH,2
440,000532.SZ,2
441,002326.SZ,2
442,000571.SZ,2
443,002385.SZ,2
444,300767.SZ,2
445,600338.SH,2
446,603329.SH,2
447,300100.SZ,2
448,603969.SH,2
449,600854.SH,2
450,002203.SZ,2
451,000880.SZ,2
452,002568.SZ,2
453,300739.SZ,2
454,600780.SH,2
455,600908.SH,2
456,603288.SH,2
457,002485.SZ,2
458,600658.SH,2
459,002314.SZ,2
460,600126.SH,2
461,002133.SZ,2
462,000594.SZ,2
463,300128.SZ,2
464,002716.SZ,2
465,300145.SZ,2
466,600127.SH,2
467,600461.SH,2
468,600096.SH,2
469,002501.SZ,2
470,603266.SH,2
471,002891.SZ,2
472,601816.SH,2
473,002229.SZ,2
474,002602.SZ,2
475,603786.SH,2
476,300231.SZ,2
477,600234.SH,2
478,000828.SZ,2
479,002179.SZ,2
480,000832.SZ,2
481,603693.SH,2
482,002963.SZ,2
483,300245.SZ,2
484,300502.SZ,2
485,600098.SH,2
486,002936.SZ,2
487,000953.SZ,2
488,600158.SH,2
489,300752.SZ,2
490,002009.SZ,2
491,000739.SZ,2
492,002650.SZ,2
493,600543.SH,2
494,000835.SZ,2
495,000017.SZ,2
496,600675.SH,2
497,300622.SZ,2
498,600156.SH,2
499,600868.SH,2
500,300171.SZ,2
501,600482.SH,2
502,600063.SH,2
503,600114.SH,2
504,300274.SZ,2
505,300303.SZ,2
506,002019.SZ,2
507,000638.SZ,2
508,000598.SZ,2
509,603156.SH,2
510,603303.SH,2
511,300346.SZ,3
512,300395.SZ,3
513,603337.SH,3
514,600275.SH,3
515,300076.SZ,3
516,600076.SH,3
517,300198.SZ,3
518,000023.SZ,3
519,002505.SZ,3
520,002240.SZ,3
521,300343.SZ,3
522,603058.SH,3
523,601107.SH,3
524,600315.SH,3
525,603779.SH,3
526,002169.SZ,3
527,600101.SH,3
528,603696.SH,3
529,300126.SZ,3
530,600187.SH,3
531,000780.SZ,3
532,002032.SZ,3
533,300243.SZ,3
534,002059.SZ,3
535,600030.SH,3
536,600468.SH,3
537,600961.SH,3
538,600605.SH,3
539,300151.SZ,3
540,300768.SZ,3
541,002613.SZ,3
542,300541.SZ,3
543,600335.SH,3
544,002379.SZ,3
545,600370.SH,3
546,603890.SH,3
547,002044.SZ,3
548,002060.SZ,3
549,600239.SH,3
550,603617.SH,3
551,002068.SZ,3
552,600236.SH,3
553,600377.SH,3
554,300293.SZ,3
555,600631.SH,3
556,002119.SZ,3
557,300493.SZ,3
558,000809.SZ,3
559,002668.SZ,3
560,601138.SH,3
561,300618.SZ,3
562,000689.SZ,3
563,300652.SZ,3
564,600561.SH,3
565,300605.SZ,3
566,002747.SZ,3
567,002442.SZ,3
568,603388.SH,3
569,600207.SH,3
570,000031.SZ,3
571,601127.SH,3
572,603320.SH,3
573,000662.SZ,3
574,600977.SH,3
575,000768.SZ,3
576,300307.SZ,3
577,000949.SZ,3
578,002821.SZ,3
579,600717.SH,3
580,002703.SZ,3
581,603279.SH,3
582,603626.SH,3
583,002506.SZ,3
584,600173.SH,3
585,002570.SZ,3
586,300199.SZ,3
587,600097.SH,3
588,000153.SZ,3
589,300258.SZ,3
590,600223.SH,3
591,600432.SH,3
592,603876.SH,3
593,002593.SZ,3
594,002686.SZ,3
595,600521.SH,3
596,600233.SH,3
597,300651.SZ,3
598,000587.SZ,3
599,300338.SZ,3
600,000536.SZ,3
601,603110.SH,3
602,002008.SZ,3
603,600109.SH,3
604,600157.SH,3
605,600851.SH,3
606,300191.SZ,3
607,603317.SH,3
608,600396.SH,3
609,002721.SZ,3
610,002585.SZ,3
611,600462.SH,3
612,000010.SZ,3
613,002363.SZ,3
614,600966.SH,3
615,603895.SH,3
616,600585.SH,3
617,688029.SH,3
618,688366.SH,3
619,600617.SH,3
620,002661.SZ,3
621,600395.SH,3
622,000766.SZ,3
623,300519.SZ,3
624,601086.SH,3
625,603080.SH,3
626,300765.SZ,3
627,000560.SZ,3
628,002072.SZ,3
629,000866.SZ,3
630,688068.SH,3
631,000623.SZ,3
632,000059.SZ,3
633,603189.SH,3
634,603737.SH,3
635,603330.SH,3
636,600789.SH,3
637,300816.SZ,3
638,002684.SZ,3
639,000652.SZ,3
640,300669.SZ,3
641,002165.SZ,3
642,300503.SZ,3
643,300581.SZ,3
644,601155.SH,3
645,601901.SH,3
646,000616.SZ,3
647,603326.SH,3
648,300112.SZ,3
649,603586.SH,3
650,600225.SH,3
651,002336.SZ,3
652,600255.SH,3
653,603991.SH,3
654,600459.SH,3
655,603021.SH,3
656,002284.SZ,3
657,002160.SZ,4
658,600252.SH,4
659,601636.SH,4
660,300410.SZ,4
661,600744.SH,4
662,300672.SZ,4
663,600567.SH,4
664,002156.SZ,4
665,601099.SH,4
666,600248.SH,4
667,600768.SH,4
668,600438.SH,4
669,300059.SZ,4
670,002970.SZ,4
671,002344.SZ,4
672,603198.SH,4
673,000759.SZ,4
674,300057.SZ,4
675,300650.SZ,4
676,000408.SZ,4
677,000712.SZ,4
678,300660.SZ,4
679,000727.SZ,4
680,300597.SZ,4
681,300580.SZ,4
682,300497.SZ,4
683,600292.SH,4
684,002773.SZ,4
685,600435.SH,4
686,600179.SH,4
687,600493.SH,4
688,600884.SH,4
689,300233.SZ,4
690,000657.SZ,4
691,600146.SH,4
692,300086.SZ,4
693,300141.SZ,4
694,300005.SZ,4
695,300432.SZ,4
696,603138.SH,4
697,601700.SH,4
698,300143.SZ,4
699,000562.SZ,4
700,000573.SZ,4
701,300049.SZ,4
702,002362.SZ,4
703,603088.SH,4
704,600415.SH,4
705,688266.SH,4
706,002923.SZ,4
707,603985.SH,4
708,600612.SH,4
709,300720.SZ,4
710,603997.SH,4
711,600714.SH,4
712,000554.SZ,4
713,603181.SH,4
714,603810.SH,4
715,600790.SH,4
716,000851.SZ,4
717,600291.SH,4
718,300224.SZ,4
719,603041.SH,4
720,600260.SH,4
721,000790.SZ,4
722,600980.SH,4
723,000024.SZ,4
724,600864.SH,4
725,002567.SZ,4
726,300512.SZ,4
727,600218.SH,4
728,002922.SZ,4
729,600160.SH,4
730,300201.SZ,4
731,600615.SH,4
732,603327.SH,4
733,002458.SZ,4
734,002330.SZ,4
735,300715.SZ,4
736,000966.SZ,4
737,600970.SH,4
738,600503.SH,4
739,300474.SZ,4
740,000520.SZ,4
741,600297.SH,4
742,002718.SZ,4
743,600566.SH,4
744,002816.SZ,4
745,601177.SH,4
746,300733.SZ,4
747,300244.SZ,4
748,601869.SH,4
749,600606.SH,4
750,300369.SZ,4
751,002216.SZ,4
752,600247.SH,4
753,300029.SZ,4
754,603179.SH,4
755,002267.SZ,4
756,603260.SH,4
757,000848.SZ,4
758,001914.SZ,4
759,002163.SZ,4
760,300048.SZ,4
761,600238.SH,4
762,300675.SZ,4
763,300423.SZ,4
764,600529.SH,4
765,000404.SZ,4
766,300646.SZ,4
767,000957.SZ,4
768,000411.SZ,4
769,300773.SZ,4
770,000602.SZ,4
771,600992.SH,4
772,601299.SH,4
773,002373.SZ,4
774,601117.SH,4
775,600736.SH,4
776,600220.SH,4
777,002887.SZ,4
778,002883.SZ,4
779,000813.SZ,4
780,600771.SH,4
781,600835.SH,4
782,603056.SH,4
783,000697.SZ,4
784,002855.SZ,4
785,002350.SZ,4
786,300810.SZ,4
787,000965.SZ,4
788,300516.SZ,4
789,600071.SH,4
790,000892.SZ,4
791,601512.SH,4
792,600823.SH,4
793,002132.SZ,4
794,601828.SH,4
795,600635.SH,4
796,000548.SZ,4
797,000897.SZ,4
798,002696.SZ,5
799,600116.SH,5
800,600168.SH,5
801,601375.SH,5
802,000613.SZ,5
803,002012.SZ,5
804,002497.SZ,5
805,601003.SH,5
806,300176.SZ,5
807,002259.SZ,5
808,600676.SH,5
809,002134.SZ,5
810,002548.SZ,5
811,002926.SZ,5
812,600348.SH,5
813,300536.SZ,5
814,002227.SZ,5
815,600715.SH,5
816,000670.SZ,5
817,603037.SH,5
818,600005.SH,5
819,688086.SH,5
820,000401.SZ,5
821,002508.SZ,5
822,600896.SH,5
823,601118.SH,5
824,600376.SH,5
825,300795.SZ,5
826,002518.SZ,5
827,300643.SZ,5
828,600692.SH,5
829,000656.SZ,5
830,603897.SH,5
831,002250.SZ,5
832,002658.SZ,5
833,002749.SZ,5
834,002233.SZ,5
835,000700.SZ,5
836,002106.SZ,5
837,600878.SH,5
838,603389.SH,5
839,603229.SH,5
840,601069.SH,5
841,600645.SH,5
842,000931.SZ,5
843,600001.SH,5
844,000338.SZ,5
845,300781.SZ,5
846,000422.SZ,5
847,002801.SZ,5
848,603039.SH,5
849,000002.SZ,5
850,002202.SZ,5
851,000703.SZ,5
852,002728.SZ,5
853,000590.SZ,5
854,000157.SZ,5
855,603192.SH,5
856,300327.SZ,5
857,603583.SH,5
858,603709.SH,5
859,000733.SZ,5
860,603605.SH,5
861,002382.SZ,5
862,300737.SZ,5
863,603813.SH,5
864,300450.SZ,5
865,002772.SZ,5
866,600267.SH,5
867,002680.SZ,5
868,300223.SZ,5
869,600215.SH,5
870,002140.SZ,5
871,603958.SH,5
872,000900.SZ,5
873,000014.SZ,5
874,300540.SZ,5
875,603566.SH,5
876,600499.SH,5
877,603530.SH,5
878,300115.SZ,5
879,300032.SZ,5
880,600775.SH,5
881,300034.SZ,5
882,600592.SH,5
883,002831.SZ,5
884,000886.SZ,5
885,603139.SH,5
886,000547.SZ,5
887,603868.SH,5
888,300113.SZ,5
889,300509.SZ,5
890,600594.SH,5
891,002512.SZ,5
892,002296.SZ,5
893,002937.SZ,5
894,600195.SH,5
895,002912.SZ,5
896,600107.SH,5
897,300484.SZ,5
898,600033.SH,5
899,601226.SH,5
900,600390.SH,5
901,600050.SH,5
902,002746.SZ,5
903,600546.SH,5
904,300064.SZ,5
905,002952.SZ,5
906,600705.SH,5
907,600191.SH,5
908,603989.SH,5
909,603707.SH,5
910,002616.SZ,5
911,600810.SH,5
912,600648.SH,5
913,300350.SZ,5
914,002767.SZ,6
915,000960.SZ,6
916,600148.SH,6
917,300629.SZ,6
918,688020.SH,6
919,002334.SZ,6
920,600580.SH,6
921,600137.SH,6
922,603661.SH,6
923,002046.SZ,6
924,600987.SH,6
925,000576.SZ,6
926,600813.SH,6
927,002006.SZ,6
928,600664.SH,6
929,002786.SZ,6
930,000505.SZ,6
931,600625.SH,6
932,600829.SH,6
933,000950.SZ,6
934,300102.SZ,6
935,002693.SZ,6
936,300608.SZ,6
937,600591.SH,6
938,002447.SZ,6
939,300312.SZ,6
940,002782.SZ,6
941,300135.SZ,6
942,000762.SZ,6
943,300475.SZ,6
944,601258.SH,6
945,601788.SH,6
946,300371.SZ,6
947,002972.SZ,6
948,600500.SH,6
949,300117.SZ,6
950,300306.SZ,6
951,600982.SH,6
952,601579.SH,6
953,002557.SZ,6
954,600011.SH,6
955,300637.SZ,6
956,000908.SZ,6
957,002141.SZ,6
958,603013.SH,6
959,601558.SH,6
960,600565.SH,6
961,600704.SH,6
962,300093.SZ,6
963,000589.SZ,6
964,600867.SH,6
965,300357.SZ,6
966,000540.SZ,6
967,002957.SZ,6
968,002840.SZ,6
969,002428.SZ,6
970,300156.SZ,6
971,603976.SH,6
972,002492.SZ,6
973,000514.SZ,6
974,002555.SZ,6
975,300701.SZ,6
976,600308.SH,6
977,000018.SZ,6
978,603569.SH,6
979,603866.SH,6
980,300351.SZ,6
981,002845.SZ,6
982,300008.SZ,6
983,600031.SH,6
984,600720.SH,6
985,002671.SZ,6
986,000502.SZ,6
987,300666.SZ,6
988,300564.SZ,6
989,688099.SH,6
990,002305.SZ,6
991,000718.SZ,6
992,603363.SH,6
993,603501.SH,6
994,002956.SZ,6
995,603988.SH,6
996,000546.SZ,6
997,600622.SH,6
998,600250.SH,6
999,000627.SZ,6
1000,600746.SH,6
1001,002030.SZ,6
1002,000603.SZ,6
1003,600604.SH,6
1004,000025.SZ,6
1005,600003.SH,6
1006,601238.SH,6
1007,002591.SZ,6
1008,600489.SH,6
1009,300411.SZ,6
1010,600799.SH,6
1011,002042.SZ,6
1012,000426.SZ,6
1013,300592.SZ,6
1014,600763.SH,6
1015,000810.SZ,6
1016,000981.SZ,6
1017,600793.SH,6
1018,002919.SZ,6
1019,002304.SZ,6
1020,600383.SH,7
1021,600795.SH,7
1022,601330.SH,7
1023,300142.SZ,7
1024,601881.SH,7
1025,000096.SZ,7
1026,002120.SZ,7
1027,601918.SH,7
1028,600733.SH,7
1029,600738.SH,7
1030,002370.SZ,7
1031,000608.SZ,7
1032,000903.SZ,7
1033,000663.SZ,7
1034,002275.SZ,7
1035,002469.SZ,7
1036,600368.SH,7
1037,300708.SZ,7
1038,600052.SH,7
1039,002735.SZ,7
1040,603669.SH,7
1041,600183.SH,7
1042,600119.SH,7
1043,002067.SZ,7
1044,002281.SZ,7
1045,603336.SH,7
1046,600667.SH,7
1047,600892.SH,7
1048,603505.SH,7
1049,000821.SZ,7
1050,000552.SZ,7
1051,300160.SZ,7
1052,300457.SZ,7
1053,002122.SZ,7
1054,603096.SH,7
1055,002495.SZ,7
1056,000609.SZ,7
1057,688108.SH,7
1058,600169.SH,7
1059,002660.SZ,7
1060,300677.SZ,7
1061,600261.SH,7
1062,603456.SH,7
1063,601566.SH,7
1064,600272.SH,7
1065,300648.SZ,7
1066,688088.SH,7
1067,601366.SH,7
1068,600563.SH,7
1069,002213.SZ,7
1070,603677.SH,7
1071,002574.SZ,7
1072,002154.SZ,7
1073,300758.SZ,7
1074,002075.SZ,7
1075,600382.SH,7
1076,002631.SZ,7
1077,002365.SZ,7
1078,601100.SH,7
1079,600422.SH,7
1080,600349.SH,7
1081,600061.SH,7
1082,601601.SH,7
1083,300724.SZ,7
1084,002530.SZ,7
1085,300269.SZ,7
1086,603908.SH,7
1087,300033.SZ,7
1088,300319.SZ,7
1089,600360.SH,7
1090,300473.SZ,7
1091,002372.SZ,7
1092,300700.SZ,7
1093,600439.SH,7
1094,300636.SZ,7
1095,600979.SH,7
1096,600686.SH,7
1097,600399.SH,7
1098,600786.SH,7
1099,600547.SH,7
1100,000823.SZ,7
1101,300194.SZ,7
1102,600688.SH,7
1103,002705.SZ,7
1104,603357.SH,7
1105,300150.SZ,7
1106,600806.SH,7
1107,600663.SH,7
1108,002601.SZ,7
1109,300333.SZ,7
1110,600201.SH,7
1111,601606.SH,7
1112,002135.SZ,7
1113,600586.SH,7
1114,300253.SZ,7
1115,688016.SH,7
1116,600727.SH,7
1117,600171.SH,7
1118,600857.SH,7
1119,002540.SZ,7
1120,600022.SH,7
1121,000972.SZ,7
1122,600861.SH,7
1123,000526.SZ,7
1124,600573.SH,8
1125,601958.SH,8
1126,603185.SH,8
1127,600094.SH,8
1128,600318.SH,8
1129,600149.SH,8
1130,688015.SH,8
1131,600293.SH,8
1132,300595.SZ,8
1133,300172.SZ,8
1134,300380.SZ,8
1135,688001.SH,8
1136,600856.SH,8
1137,600850.SH,8
1138,300219.SZ,8
1139,688188.SH,8
1140,600496.SH,8
1141,300298.SZ,8
1142,300317.SZ,8
1143,603568.SH,8
1144,600467.SH,8
1145,600805.SH,8
1146,603663.SH,8
1147,000968.SZ,8
1148,300690.SZ,8
1149,000048.SZ,8
1150,002064.SZ,8
1151,600900.SH,8
1152,000819.SZ,8
1153,300434.SZ,8
1154,002527.SZ,8
1155,002881.SZ,8
1156,688218.SH,8
1157,300658.SZ,8
1158,002691.SZ,8
1159,000812.SZ,8
1160,002223.SZ,8
1161,603757.SH,8
1162,603290.SH,8
1163,000791.SZ,8
1164,000970.SZ,8
1165,002129.SZ,8
1166,002688.SZ,8
1167,000975.SZ,8
1168,601669.SH,8
1169,603103.SH,8
1170,000683.SZ,8
1171,603259.SH,8
1172,600726.SH,8
1173,603027.SH,8
1174,600497.SH,8
1175,000593.SZ,8
1176,600824.SH,8
1177,600838.SH,8
1178,002376.SZ,8
1179,002640.SZ,8
1180,600684.SH,8
1181,600557.SH,8
1182,000728.SZ,8
1183,002852.SZ,8
1184,600653.SH,8
1185,300349.SZ,8
1186,688368.SH,8
1187,002513.SZ,8
1188,002252.SZ,8
1189,603365.SH,8
1190,300354.SZ,8
1191,300575.SZ,8
1192,601166.SH,8
1193,600797.SH,8
1194,300606.SZ,8
1195,600305.SH,8
1196,002104.SZ,8
1197,600693.SH,8
1198,002020.SZ,8
1199,000568.SZ,8
1200,002381.SZ,8
1201,300321.SZ,8
1202,300647.SZ,8
1203,600753.SH,8
1204,002474.SZ,8
1205,601518.SH,8
1206,600054.SH,8
1207,002938.SZ,8
1208,600012.SH,8
1209,601952.SH,8
1210,603699.SH,8
1211,603986.SH,8
1212,601966.SH,8
1213,300399.SZ,8
1214,603629.SH,8
1215,600266.SH,8
1216,600769.SH,8
1217,603665.SH,8
1218,002048.SZ,8
1219,000621.SZ,8
1220,300329.SZ,8
1221,000558.SZ,8
1222,601311.SH,8
1223,300554.SZ,8
1224,603578.SH,8
1225,002930.SZ,8
1226,600673.SH,8
1227,688200.SH,9
1228,300610.SZ,9
1229,600375.SH,9
1230,600981.SH,9
1231,600611.SH,9
1232,000913.SZ,9
1233,603045.SH,9
1234,000506.SZ,9
1235,000796.SZ,9
1236,600048.SH,9
1237,002726.SZ,9
1238,000763.SZ,9
1239,002940.SZ,9
1240,000537.SZ,9
1241,603817.SH,9
1242,603858.SH,9
1243,603313.SH,9
1244,002021.SZ,9
1245,000525.SZ,9
1246,300576.SZ,9
1247,002285.SZ,9
1248,002436.SZ,9
1249,600452.SH,9
1250,600355.SH,9
1251,601319.SH,9
1252,600309.SH,9
1253,300613.SZ,9
1254,002347.SZ,9
1255,002323.SZ,9
1256,002614.SZ,9
1257,000995.SZ,9
1258,002673.SZ,9
1259,000012.SZ,9
1260,603557.SH,9
1261,603657.SH,9
1262,600817.SH,9
1263,002569.SZ,9
1264,601015.SH,9
1265,688396.SH,9
1266,688158.SH,9
1267,002389.SZ,9
1268,300195.SZ,9
1269,600172.SH,9
1270,002166.SZ,9
1271,603197.SH,9
1272,300818.SZ,9
1273,000009.SZ,9
1274,300558.SZ,9
1275,002228.SZ,9
1276,600578.SH,9
1277,601990.SH,9
1278,002472.SZ,9
1279,000831.SZ,9
1280,600739.SH,9
1281,603916.SH,9
1282,603159.SH,9
1283,300081.SZ,9
1284,600587.SH,9
1285,300433.SZ,9
1286,600420.SH,9
1287,002550.SZ,9
1288,300390.SZ,9
1289,603218.SH,9
1290,600446.SH,9
1291,300589.SZ,9
1292,000748.SZ,9
1293,600584.SH,9
1294,002025.SZ,9
1295,603369.SH,9
1296,002196.SZ,9
1297,600784.SH,9
1298,002003.SZ,9
1299,603900.SH,9
1300,002687.SZ,9
1301,000635.SZ,9
1302,300305.SZ,9
1303,603638.SH,9
1304,600571.SH,9
1305,002565.SZ,9
1306,601919.SH,9
1307,300004.SZ,9
1308,600685.SH,9
1309,300173.SZ,9
1310,000800.SZ,9
1311,600802.SH,9
1312,601236.SH,9
1313,600632.SH,9
1314,600081.SH,9
1315,601989.SH,9
1316,600708.SH,9
1317,600597.SH,9
1318,603717.SH,9
1319,603721.SH,9
1320,300082.SZ,9
1321,300620.SZ,9
1322,000606.SZ,9
1323,300316.SZ,9
1324,000015.SZ,9
1325,600598.SH,9
1326,300451.SZ,9
1327,600074.SH,9
1328,002015.SZ,9
1329,000838.SZ,9
1330,600317.SH,9
1331,000584.SZ,9
1332,300063.SZ,9
1333,603787.SH,9
1334,300654.SZ,9
1335,002641.SZ,9
1336,688019.SH,9
1337,300322.SZ,9
1338,600577.SH,9
1339,300659.SZ,9
1340,002459.SZ,9
1341,002164.SZ,9
1342,002210.SZ,9
1343,000166.SZ,9
1344,002633.SZ,9
1345,002628.SZ,9
1346,000572.SZ,9
1347,600995.SH,9
1348,300132.SZ,9
1349,603995.SH,9
1350,603258.SH,9
1351,002906.SZ,9
1352,002870.SZ,9
1353,603079.SH,9
1354,600145.SH,9
1355,000542.SZ,9
1356,002260.SZ,9
1357,603689.SH,9
1358,002742.SZ,9
1359,300328.SZ,9
1360,600235.SH,9
1361,000911.SZ,9
1362,002510.SZ,9
1363,002088.SZ,9
1364,000601.SZ,9
1365,300174.SZ,9
1366,300679.SZ,9
1367,600469.SH,9
1368,603797.SH,9
1369,600811.SH,9
1370,002558.SZ,9
1371,600131.SH,9
1372,603321.SH,9
1373,603590.SH,9
1374,000013.SZ,9
1375,300740.SZ,9
1376,300633.SZ,9
1377,002815.SZ,9
1378,600197.SH,9
1379,300378.SZ,9
1380,600595.SH,9
1381,600659.SH,9
1382,600015.SH,9
1383,603517.SH,9
1384,600165.SH,9
1385,600386.SH,9
1386,600765.SH,9
1387,601016.SH,9
1388,603711.SH,9
1389,600502.SH,9
1390,601108.SH,9
1391,600208.SH,9
1392,603236.SH,9
1393,603609.SH,9
1394,600167.SH,9
1395,600093.SH,9
1396,600241.SH,10
1397,603356.SH,10
1398,002564.SZ,10
1399,600436.SH,10
1400,002185.SZ,10
1401,603701.SH,10
1402,002215.SZ,10
1403,002706.SZ,10
1404,300178.SZ,10
1405,002124.SZ,10
1406,002903.SZ,10
1407,000559.SZ,10
1408,000801.SZ,10
1409,002266.SZ,10
1410,002258.SZ,10
1411,002966.SZ,10
1412,002057.SZ,10
1413,600008.SH,10
1414,300282.SZ,10
1415,601168.SH,10
1416,000893.SZ,10
1417,000668.SZ,10
1418,600125.SH,10
1419,000428.SZ,10
1420,600762.SH,10
1421,002221.SZ,10
1422,000410.SZ,10
1423,000416.SZ,10
1424,000923.SZ,10
1425,603377.SH,10
1426,600509.SH,10
1427,002151.SZ,10
1428,000969.SZ,10
1429,600764.SH,10
1430,600609.SH,10
1431,000988.SZ,10
1432,300088.SZ,10
1433,688159.SH,10
1434,002789.SZ,10
1435,300626.SZ,10
1436,002961.SZ,10
1437,300384.SZ,10
1438,601339.SH,10
1439,601158.SH,10
1440,603558.SH,10
1441,000678.SZ,10
1442,002417.SZ,10
1443,688006.SH,10
1444,601916.SH,10
1445,600683.SH,10
1446,002230.SZ,10
1447,002798.SZ,10
1448,603180.SH,10
1449,002910.SZ,10
1450,603053.SH,10
1451,002535.SZ,10
1452,000921.SZ,10
1453,603806.SH,10
1454,002710.SZ,10
1455,000751.SZ,10
1456,002681.SZ,10
1457,603920.SH,10
1458,300446.SZ,10
1459,002349.SZ,10
1460,002859.SZ,10
1461,002040.SZ,10
1462,600053.SH,10
1463,002496.SZ,10
1464,000723.SZ,10
1465,002051.SZ,10
1466,300718.SZ,10
1467,002638.SZ,10
1468,000637.SZ,10
1469,300483.SZ,10
1470,002877.SZ,10
1471,603928.SH,10
1472,603963.SH,10
1473,002239.SZ,10
1474,600065.SH,10
1475,603160.SH,10
1476,300237.SZ,10
1477,300256.SZ,10
1478,300180.SZ,10
1479,601388.SH,10
1480,600340.SH,10
1481,000539.SZ,10
1482,000538.SZ,10
1483,300291.SZ,10
1484,603919.SH,10
1485,600837.SH,10
1486,603538.SH,10
1487,000789.SZ,10
1488,603099.SH,10
1489,603838.SH,10
1490,002649.SZ,10
1491,000527.SZ,11
1492,300023.SZ,11
1493,002607.SZ,11
1494,002414.SZ,11
1495,603228.SH,11
1496,600700.SH,11
1497,600322.SH,11
1498,002538.SZ,11
1499,300026.SZ,11
1500,300340.SZ,11
1501,600540.SH,11
1502,603226.SH,11
1503,002571.SZ,11
1504,002519.SZ,11
1505,002592.SZ,11
1506,603060.SH,11
1507,601949.SH,11
1508,002193.SZ,11
1509,600253.SH,11
1510,600513.SH,11
1511,600077.SH,11
1512,601577.SH,11
1513,600449.SH,11
1514,688321.SH,11
1515,600025.SH,11
1516,600822.SH,11
1517,002391.SZ,11
1518,300226.SZ,11
1519,002536.SZ,11
1520,000628.SZ,11
1521,600862.SH,11
1522,000672.SZ,11
1523,002380.SZ,11
1524,601231.SH,11
1525,688233.SH,11
1526,603848.SH,11
1527,600975.SH,11
1528,600246.SH,11
1529,002100.SZ,11
1530,000088.SZ,11
1531,002517.SZ,11
1532,603298.SH,11
1533,300125.SZ,11
1534,601882.SH,11
1535,603577.SH,11
1536,002157.SZ,11
1537,002850.SZ,11
1538,000403.SZ,11
1539,600575.SH,11
1540,300136.SZ,11
1541,002037.SZ,11
1542,600756.SH,11
1543,601696.SH,11
1544,603133.SH,11
1545,002276.SZ,11
1546,300366.SZ,11
1547,002254.SZ,11
1548,601890.SH,11
1549,300225.SZ,11
1550,002413.SZ,11
1551,600836.SH,11
1552,600929.SH,11
1553,600639.SH,11
1554,000599.SZ,11
1555,600962.SH,11
1556,300782.SZ,11
1557,600528.SH,11
1558,000530.SZ,11
1559,000065.SZ,11
1560,002066.SZ,11
1561,603136.SH,11
1562,300594.SZ,11
1563,601336.SH,11
1564,600701.SH,11
1565,600826.SH,11
1566,002608.SZ,11
1567,600883.SH,11
1568,600082.SH,11
1569,000026.SZ,11
1570,000755.SZ,11
1571,601677.SH,11
1572,601888.SH,11
1573,603826.SH,11
1574,300111.SZ,11
1575,603385.SH,11
1576,002761.SZ,11
1577,002274.SZ,11
1578,600091.SH,11
1579,600533.SH,11
1580,603380.SH,11
1581,002034.SZ,11
1582,600752.SH,11
1583,002942.SZ,11
1584,600055.SH,12
1585,002842.SZ,12
1586,300573.SZ,12
1587,001872.SZ,12
1588,000998.SZ,12
1589,600899.SH,12
1590,002931.SZ,12
1591,603022.SH,12
1592,600840.SH,12
1593,600772.SH,12
1594,603093.SH,12
1595,002939.SZ,12
1596,300055.SZ,12
1597,002758.SZ,12
1598,000671.SZ,12
1599,300460.SZ,12
1600,000090.SZ,12
1601,000726.SZ,12
1602,000811.SZ,12
1603,603489.SH,12
1604,603815.SH,12
1605,300214.SZ,12
1606,000999.SZ,12
1607,002434.SZ,12
1608,600760.SH,12
1609,300301.SZ,12
1610,000607.SZ,12
1611,000729.SZ,12
1612,300409.SZ,12
1613,002402.SZ,12
1614,002096.SZ,12
1615,002766.SZ,12
1616,600483.SH,12
1617,601225.SH,12
1618,603980.SH,12
1619,600316.SH,12
1620,600205.SH,12
1621,002041.SZ,12
1622,300717.SZ,12
1623,000038.SZ,12
1624,300703.SZ,12
1625,002144.SZ,12
1626,603688.SH,12
1627,000883.SZ,12
1628,002098.SZ,12
1629,002027.SZ,12
1630,600486.SH,12
1631,000047.SZ,12
1632,002368.SZ,12
1633,002232.SZ,12
1634,300416.SZ,12
1635,300728.SZ,12
1636,000753.SZ,12
1637,000899.SZ,12
1638,603926.SH,12
1639,000001.SZ,12
1640,002309.SZ,12
1641,000005.SZ,12
1642,000858.SZ,12
1643,600182.SH,12
1644,002788.SZ,12
1645,002145.SZ,12
1646,603183.SH,12
1647,300638.SZ,12
1648,002639.SZ,12
1649,300443.SZ,12
1650,600651.SH,12
1651,600009.SH,12
1652,002723.SZ,12
1653,002423.SZ,12
1654,600180.SH,12
1655,600672.SH,12
1656,000430.SZ,12
1657,002234.SZ,12
1658,600881.SH,12
1659,603398.SH,12
1660,002913.SZ,12
1661,002332.SZ,12
1662,603829.SH,12
1663,002354.SZ,12
1664,603217.SH,12
1665,002242.SZ,12
1666,300697.SZ,12
1667,603500.SH,12
1668,603178.SH,12
1675,002802.SZ,19
1676,300127.SZ,19
1677,600426.SH,19
1678,603035.SH,19
1679,601668.SH,19
1680,600035.SH,19
1681,300285.SZ,19
1682,300649.SZ,19
1683,002600.SZ,19
1684,002435.SZ,19
1685,300591.SZ,19
1686,300036.SZ,19
1687,000830.SZ,19
1688,002180.SZ,19
1689,300600.SZ,19
1690,603938.SH,19
1691,002623.SZ,19
1692,600618.SH,19
1693,603616.SH,19
1694,002455.SZ,19
1695,600886.SH,19
1696,002685.SZ,19
1697,300392.SZ,19
1698,603676.SH,19
1699,002343.SZ,19
1700,600323.SH,19
1701,600670.SH,19
1702,002017.SZ,19
1703,002771.SZ,19
1704,002817.SZ,19
1705,603881.SH,19
1706,002357.SZ,19
1707,601818.SH,19
1708,002311.SZ,19
1709,600211.SH,19
1710,000488.SZ,19
1711,002049.SZ,19
1712,300458.SZ,19
1713,000935.SZ,19
1714,002665.SZ,19
1715,600716.SH,19
1716,300417.SZ,19
1717,000850.SZ,19
1718,600176.SH,19
1719,300170.SZ,19
1720,601595.SH,19
1721,603157.SH,19
1722,000507.SZ,19
1723,300006.SZ,19
1724,002736.SZ,19
1725,002531.SZ,19
1726,002560.SZ,19
1727,600874.SH,19
1728,601899.SH,19
1729,600311.SH,19
1730,600959.SH,19
1731,000636.SZ,19
1732,600481.SH,19
1733,603486.SH,19
1734,000639.SZ,19
1735,002016.SZ,19
1736,002962.SZ,19
1737,600819.SH,19
1738,002921.SZ,19
1739,600181.SH,19
1740,002489.SZ,19
1741,600707.SH,19
1742,600078.SH,19
1743,300323.SZ,19
1744,000912.SZ,19
1745,000716.SZ,19
1746,600735.SH,19
1747,300709.SZ,19
1748,603199.SH,19
1749,000702.SZ,19
1750,600327.SH,19
1751,600860.SH,19
1752,600872.SH,19
1753,600796.SH,19
1754,002224.SZ,19
1755,002039.SZ,19
1756,002827.SZ,19
1757,000983.SZ,19
1758,002618.SZ,19
1759,300161.SZ,19
1760,002253.SZ,19
1761,300766.SZ,19
1762,002094.SZ,19
1763,000626.SZ,19
1764,603733.SH,19
1765,001896.SZ,19
1766,300065.SZ,19
1767,002405.SZ,19
1768,603309.SH,19
1769,300492.SZ,19
1770,002946.SZ,19
1771,002581.SZ,19
1772,600403.SH,19
1773,600841.SH,19
1774,002664.SZ,19
1775,300003.SZ,19
1776,000936.SZ,19
1777,000669.SZ,19
1778,002624.SZ,19
1779,600641.SH,19
1780,300130.SZ,19
1781,600232.SH,19
1782,000750.SZ,19
1783,002886.SZ,19
1784,600163.SH,19
1785,600976.SH,19
1786,002139.SZ,19
1787,002195.SZ,19
1788,300753.SZ,19
1789,603987.SH,19
1790,002839.SZ,19
1791,600808.SH,19
1792,601019.SH,19
1793,600020.SH,19
1794,002637.SZ,19
1795,300808.SZ,19
1796,002833.SZ,19
1797,002102.SZ,19
1798,600743.SH,19
1799,603040.SH,19
1800,002853.SZ,19
1801,603393.SH,19
1802,601515.SH,19
1803,002737.SZ,19
1804,600723.SH,19
1805,000735.SZ,19
1806,600067.SH,19
1807,002487.SZ,19
1808,000918.SZ,19
1809,002846.SZ,19
1810,603399.SH,19
1811,300131.SZ,19
1812,000569.SZ,19
1813,603300.SH,19
1814,300215.SZ,19
1815,603885.SH,19
1816,600419.SH,19
1817,601199.SH,19
1818,600155.SH,19
1819,002867.SZ,19
1820,603823.SH,19
1821,002708.SZ,19
1822,000799.SZ,19
1823,002466.SZ,19
1824,300099.SZ,19
1825,600352.SH,19
1826,000631.SZ,19
1827,600285.SH,19
1828,300447.SZ,19
1829,002714.SZ,19
1830,002152.SZ,19
1831,601500.SH,19
1832,300121.SZ,19
1833,002448.SZ,19
1834,300657.SZ,19
1835,002367.SZ,19
1836,600722.SH,19
1837,600620.SH,19
1838,600719.SH,19
1839,300381.SZ,19
1840,603927.SH,19
1841,002388.SZ,19
1842,003816.SZ,20
1843,600243.SH,20
1844,600283.SH,20
1845,002509.SZ,20
1846,000938.SZ,20
1847,002131.SZ,20
1848,601137.SH,20
1849,600202.SH,20
1850,000078.SZ,20
1851,002077.SZ,20
1852,603348.SH,20
1853,002011.SZ,20
1854,600333.SH,20
1855,000693.SZ,20
1856,603239.SH,20
1857,000409.SZ,20
1858,600988.SH,20
1859,000553.SZ,20
1860,002875.SZ,20
1861,600698.SH,20
1862,000798.SZ,20
1863,002161.SZ,20
1864,600660.SH,20
1865,000919.SZ,20
1866,300387.SZ,20
1867,002750.SZ,20
1868,000529.SZ,20
1869,600816.SH,20
1870,002818.SZ,20
1871,688138.SH,20
1872,600193.SH,20
1873,300725.SZ,20
1874,300229.SZ,20
1875,600102.SH,20
1876,600818.SH,20
1877,300221.SZ,20
1878,600917.SH,20
1879,688078.SH,20
1880,603555.SH,20
1881,300723.SZ,20
1882,600289.SH,20
1883,688310.SH,20
1884,300562.SZ,20
1885,603319.SH,20
1886,300623.SZ,20
1887,600175.SH,20
1888,002534.SZ,20
1889,002702.SZ,20
1890,300716.SZ,20
1891,300553.SZ,20
1892,000722.SZ,20
1893,300175.SZ,20
1894,300393.SZ,20
1895,002836.SZ,20
1896,000987.SZ,20
1897,000737.SZ,20
1898,600891.SH,20
1899,300336.SZ,20
1900,000055.SZ,20
1901,601628.SH,20
1902,002719.SZ,20
1903,000595.SZ,20
1904,600681.SH,20
1905,000517.SZ,20
1906,002244.SZ,20
1907,300430.SZ,20
1908,300286.SZ,20
1909,603811.SH,20
1910,600527.SH,20
1911,002725.SZ,20
1912,603700.SH,20
1913,600508.SH,20
1914,002770.SZ,20
1915,600367.SH,20
1916,000738.SZ,20
1917,600646.SH,20
1918,002400.SZ,20
1919,603800.SH,20
1920,001965.SZ,20
1921,000006.SZ,20
1922,300673.SZ,20
1923,002171.SZ,20
1924,000686.SZ,20
1925,300463.SZ,20
1926,002494.SZ,20
1927,600026.SH,20
1928,300012.SZ,20
1929,002486.SZ,20
1930,002632.SZ,20
1931,600346.SH,20
1932,002320.SZ,20
1933,300429.SZ,20
1934,600754.SH,20
1935,300470.SZ,20
1936,603077.SH,20
1937,603516.SH,20
1938,600852.SH,20
1939,603006.SH,20
1940,002949.SZ,20
1941,600880.SH,20
1942,002553.SZ,20
1943,600882.SH,20
1944,000679.SZ,20
1945,002647.SZ,20
1946,300436.SZ,20
1947,603685.SH,20
1948,603331.SH,20
1949,300403.SZ,20
1950,603002.SH,20
1951,603960.SH,20
1952,300281.SZ,20
1953,601878.SH,20
1954,600456.SH,20
1955,002615.SZ,20
1956,600757.SH,20
1957,300498.SZ,20
1958,603809.SH,20
1959,600978.SH,20
1960,002456.SZ,20
1961,002873.SZ,20
1962,000752.SZ,20
1963,002199.SZ,20
1964,600607.SH,20
1965,000301.SZ,20
1966,000782.SZ,20
1967,002579.SZ,20
1968,600669.SH,20
1969,002563.SZ,20
1970,300579.SZ,20
1971,000151.SZ,20
1972,000011.SZ,20
1973,600668.SH,20
1974,603650.SH,20
1975,600039.SH,20
1976,600401.SH,20
1977,300738.SZ,20
1978,601600.SH,20
1979,300481.SZ,20
1980,300210.SZ,20
1981,000420.SZ,20
1982,300330.SZ,20
1983,600815.SH,20
1984,603016.SH,20
1985,603126.SH,20
1986,300615.SZ,20
1987,601908.SH,20
1988,600519.SH,20
1989,002178.SZ,20
1990,600380.SH,20
1991,601068.SH,20
1992,002159.SZ,20
1993,000511.SZ,20
1994,002316.SZ,20
1995,000632.SZ,20
1996,603214.SH,20
1997,600106.SH,20
1998,600288.SH,20
1999,600559.SH,20
2000,002461.SZ,20
2001,300695.SZ,20
2002,300309.SZ,20
2003,000667.SZ,21
2004,000596.SZ,21
2005,600770.SH,21
2006,000543.SZ,21
2007,000622.SZ,21
2008,000859.SZ,21
2009,300507.SZ,21
2010,603886.SH,21
2011,002162.SZ,21
2012,603289.SH,21
2013,300337.SZ,21
2014,603055.SH,21
2015,600286.SH,21
2016,603863.SH,21
2017,002470.SZ,21
2018,603803.SH,21
2019,000020.SZ,21
2020,300508.SZ,21
2021,603166.SH,21
2022,000793.SZ,21
2023,000597.SZ,21
2024,000565.SZ,21
2025,600425.SH,21
2026,000922.SZ,21
2027,000004.SZ,21
2028,002865.SZ,21
2029,603015.SH,21
2030,002001.SZ,21
2031,300344.SZ,21
2032,601008.SH,21
2033,600170.SH,21
2034,002319.SZ,21
2035,000555.SZ,21
2036,600084.SH,21
2037,300094.SZ,21
2038,002795.SZ,21
2039,000582.SZ,21
2040,300748.SZ,21
2041,002033.SZ,21
2042,300453.SZ,21
2043,688018.SH,21
2044,002596.SZ,21
2045,600326.SH,21
2046,600751.SH,21
2047,603025.SH,21
2048,600296.SH,21
2049,603871.SH,21
2050,600227.SH,21
2051,000407.SZ,21
2052,000887.SZ,21
2053,600725.SH,21
2054,600647.SH,21
2055,603167.SH,21
2056,300582.SZ,21
2057,300015.SZ,21
2058,603818.SH,21
2059,002864.SZ,21
2060,002476.SZ,21
2061,002287.SZ,21
2062,002805.SZ,21
2063,002720.SZ,21
2064,601996.SH,21
2065,603659.SH,21
2066,600064.SH,21
2067,600150.SH,21
2068,600742.SH,21
2069,000029.SZ,21
2070,002605.SZ,21
2071,603220.SH,21
2072,603308.SH,21
2073,600371.SH,21
2074,688007.SH,21
2075,601939.SH,21
2076,000545.SZ,21
2077,300676.SZ,21
2078,603018.SH,21
2079,600890.SH,21
2080,000429.SZ,21
2081,000687.SZ,21
2082,603755.SH,21
2083,600209.SH,21
2084,300287.SZ,21
2085,002888.SZ,21
2086,002282.SZ,21
2087,600423.SH,21
2088,000767.SZ,21
2089,300776.SZ,21
2090,002190.SZ,21
2091,000150.SZ,21
2092,600724.SH,21
2093,600599.SH,21
2094,603351.SH,21
2095,300596.SZ,21
2096,600463.SH,21
2097,601088.SH,21
2098,600212.SH,21
2099,600398.SH,21
2100,300382.SZ,21
2101,600894.SH,21
2102,300398.SZ,21
2103,300268.SZ,21
2104,601717.SH,21
2105,600535.SH,21
2106,002807.SZ,21
2107,600656.SH,21
2108,300068.SZ,21
2109,600365.SH,21
2110,600301.SH,21
2111,000951.SZ,21
2112,000617.SZ,21
2113,600259.SH,21
2114,002078.SZ,21
2115,601838.SH,21
2116,601607.SH,21
2117,000036.SZ,21
2118,002056.SZ,21
2119,000962.SZ,21
2120,000787.SZ,21
2121,600842.SH,21
2122,600330.SH,21
2123,603667.SH,21
2124,000732.SZ,21
2125,300218.SZ,21
2126,600873.SH,21
2127,002333.SZ,21
2128,600601.SH,21
2129,300196.SZ,21
2130,300792.SZ,21
2131,300018.SZ,21
2132,600016.SH,21
2133,601377.SH,21
2134,002634.SZ,21
2135,601619.SH,21
2136,002556.SZ,21
2137,600525.SH,21
2138,601877.SH,21
2139,000699.SZ,21
2140,600228.SH,21
2141,001696.SZ,21
2142,002324.SZ,21
2143,300391.SZ,21
2144,600531.SH,21
2145,600178.SH,21
2146,300711.SZ,21
2147,600290.SH,21
2148,300097.SZ,21
2149,603007.SH,21
2150,600129.SH,21
2151,600662.SH,21
2152,600885.SH,21
2153,600807.SH,21
2154,002022.SZ,21
2155,300598.SZ,21
2156,600536.SH,21
2157,300246.SZ,21
2158,601616.SH,21
2159,300078.SZ,21
2160,603738.SH,21
2161,603208.SH,22
2162,002422.SZ,22
2163,002018.SZ,22
2164,603936.SH,22
2165,600983.SH,22
2166,603607.SH,22
2167,000730.SZ,22
2168,002493.SZ,22
2169,601985.SH,22
2170,600801.SH,22
2171,601727.SH,22
2172,600230.SH,22
2173,000619.SZ,22
2174,601718.SH,22
2175,600732.SH,22
2176,600310.SH,22
2177,000515.SZ,22
2178,600803.SH,22
2179,300017.SZ,22
2180,601992.SH,22
2181,300584.SZ,22
2182,002393.SZ,22
2183,000535.SZ,22
2184,002418.SZ,22
2185,002590.SZ,22
2186,002173.SZ,22
2187,000961.SZ,22
2188,000930.SZ,22
2189,603589.SH,22
2190,300505.SZ,22
2191,000795.SZ,22
2192,300570.SZ,22
2193,600036.SH,22
2194,600555.SH,22
2195,600759.SH,22
2196,601020.SH,22
2197,300662.SZ,22
2198,600745.SH,22
2199,002115.SZ,22
2200,000586.SZ,22
2201,002645.SZ,22
2202,300216.SZ,22
2203,000797.SZ,22
2204,300496.SZ,22
2205,600825.SH,22
2206,000046.SZ,22
2207,300694.SZ,22
2208,300236.SZ,22
2209,000653.SZ,22
2210,600636.SH,22
2211,002884.SZ,22
2212,300627.SZ,22
2213,300016.SZ,22
2214,603882.SH,22
2215,002484.SZ,22
2216,000785.SZ,22
2217,300487.SZ,22
2218,600699.SH,22
2219,600495.SH,22
2220,300732.SZ,22
2221,000711.SZ,22
2222,600791.SH,22
2223,002181.SZ,22
2224,002722.SZ,22
2225,603078.SH,22
2226,000815.SZ,22
2227,600213.SH,22
2228,603915.SH,22
2229,600909.SH,22
2230,600515.SH,22
2231,002136.SZ,22
2232,300812.SZ,22
2233,600090.SH,22
2234,000049.SZ,22
2235,600455.SH,22
2236,600623.SH,22
2237,002763.SZ,22
2238,002146.SZ,22
2239,002552.SZ,22
2240,002200.SZ,22
2241,000916.SZ,22
2242,600002.SH,22
2243,600092.SH,22
2244,002097.SZ,22
2245,002317.SZ,22
2246,002841.SZ,22
2247,002346.SZ,22
2248,002308.SZ,22
2249,603889.SH,22
2250,600993.SH,22
2251,600280.SH,22
2252,603922.SH,22
2253,600237.SH,22
2254,688399.SH,22
2255,600122.SH,22
2256,300249.SZ,22
2257,601865.SH,22
2258,300375.SZ,22
2259,600222.SH,22
2260,300144.SZ,22
2261,603681.SH,22
2262,000685.SZ,22
2263,000418.SZ,22
2264,002328.SZ,22
2265,000719.SZ,22
2266,600139.SH,22
2267,601010.SH,22
2268,002695.SZ,22
2269,000910.SZ,22
2270,300035.SZ,22
2271,002699.SZ,22
2272,000717.SZ,22
2273,601128.SH,22
2274,601567.SH,22
2275,002595.SZ,22
2276,002546.SZ,22
2277,002061.SZ,22
2278,002943.SZ,22
2279,002454.SZ,22
2280,600766.SH,22
2281,603345.SH,22
2282,300761.SZ,22
2283,002820.SZ,22
2284,300755.SZ,22
2285,002295.SZ,22
2286,002626.SZ,22
2287,600666.SH,22
2288,603879.SH,22
2289,688116.SH,22
2290,603610.SH,22
2291,000509.SZ,23
2292,600118.SH,23
2293,002426.SZ,23
2294,603527.SH,23
2295,600263.SH,23
2296,000675.SZ,23
2297,600284.SH,23
2298,603766.SH,23
2299,300257.SZ,23
2300,002799.SZ,23
2301,600262.SH,23
2302,601860.SH,23
2303,603090.SH,23
2304,000042.SZ,23
2305,002559.SZ,23
2306,600671.SH,23
2307,603877.SH,23
2308,000513.SZ,23
2309,600901.SH,23
2310,300683.SZ,23
2311,000783.SZ,23
2312,002407.SZ,23
2313,000605.SZ,23
2314,600299.SH,23
2315,002278.SZ,23
2316,603697.SH,23
2317,600023.SH,23
2318,603161.SH,23
2319,600389.SH,23
2320,300058.SZ,23
2321,600928.SH,23
2322,600162.SH,23
2323,300537.SZ,23
2324,600603.SH,23
2325,600958.SH,23
2326,688168.SH,23
2327,600969.SH,23
2328,600991.SH,23
2329,000557.SZ,23
2330,002627.SZ,23
2331,603612.SH,23
2332,002713.SZ,23
2333,000045.SZ,23
2334,002652.SZ,23
2335,002073.SZ,23
2336,600229.SH,23
2337,002545.SZ,23
2338,000050.SZ,23
2339,000979.SZ,23
2340,300819.SZ,23
2341,002933.SZ,23
2342,600741.SH,23
2343,000869.SZ,23
2344,300621.SZ,23
2345,000534.SZ,23
2346,000861.SZ,23
2347,603332.SH,23
2348,002107.SZ,23
2349,600679.SH,23
2350,002399.SZ,23
2351,300014.SZ,23
2352,002694.SZ,23
2353,600863.SH,23
2354,002116.SZ,23
2355,002901.SZ,23
2356,300713.SZ,23
2357,603878.SH,23
2358,002520.SZ,23
2359,002155.SZ,23
2360,002091.SZ,23
2361,300588.SZ,23
2362,603020.SH,23
2363,000413.SZ,23
2364,603387.SH,23
2365,002662.SZ,23
2366,000007.SZ,23
2367,600366.SH,23
2368,600269.SH,23
2369,601198.SH,23
2370,600661.SH,23
2371,300193.SZ,23
2372,000779.SZ,23
2373,002353.SZ,23
2374,600319.SH,23
2375,002058.SZ,23
2376,300476.SZ,23
2377,600703.SH,23
2378,600610.SH,23
2379,002109.SZ,23
2380,600777.SH,23
2381,600652.SH,23
2382,000655.SZ,23
2383,600589.SH,23
2384,002263.SZ,23
2385,300777.SZ,23
2386,603600.SH,23
2387,603360.SH,23
2388,600649.SH,23
2389,601005.SH,23
2390,688181.SH,23
2391,600510.SH,23
2392,600103.SH,23
2393,300454.SZ,23
2394,688012.SH,23
2395,002507.SZ,23
2396,300680.SZ,23
2397,600505.SH,23
2398,002669.SZ,23
2399,600385.SH,23
2400,600060.SH,23
2401,002500.SZ,23
2402,600281.SH,23
2403,600373.SH,23
2404,688022.SH,23
2405,000039.SZ,23
2406,603305.SH,23
2407,002035.SZ,23
2408,300204.SZ,23
2409,000713.SZ,23
2410,002752.SZ,23
2411,000993.SZ,23
2412,002158.SZ,23
2413,300548.SZ,23
2414,300206.SZ,23
2415,000588.SZ,23
2416,000618.SZ,23
2417,600613.SH,23
2418,300441.SZ,23
2419,002892.SZ,23
2420,002677.SZ,23
2421,000556.SZ,23
2422,603003.SH,23
2423,603655.SH,23
2424,002659.SZ,23
2425,300577.SZ,23
2426,300181.SZ,23
2427,600871.SH,23
2428,300624.SZ,23
2429,002069.SZ,23
2430,002270.SZ,23
2431,600506.SH,23
2432,300052.SZ,23
2433,002269.SZ,23
2434,002105.SZ,23
2435,601012.SH,23
2436,600161.SH,23
2437,000680.SZ,23
2438,300681.SZ,23
2439,600485.SH,23
2440,601699.SH,23
2441,002297.SZ,23
2442,002079.SZ,23
2443,002143.SZ,23
2444,600654.SH,23
2445,603899.SH,23
2446,603768.SH,23
2447,603315.SH,23
2448,002212.SZ,23
2449,000658.SZ,23
2450,002351.SZ,23
2451,002734.SZ,23
2452,603725.SH,23
2453,600313.SH,23
2454,002007.SZ,23
2455,603116.SH,23
2456,600638.SH,23
2457,300736.SZ,23
2458,600110.SH,23
2459,002394.SZ,23
2460,002286.SZ,23
2461,600523.SH,23
