date,close,open,high,low
2019/12/31,8770.82,8794.17,8794.87,8750.46
2019/12/30,8815.98,8787.22,8833.28,8767.39
2019/12/27,8795.1,8726.32,8806.04,8726.32
2019/12/26,8699.15,8693.26,8699.58,8693.22
2019/12/25,8693.01,8688.24,8693.47,8687.1
2019/12/24,8694.72,8693.34,8701.99,8679.64
2019/12/23,8669.21,8672.43,8690.91,8652.81
2019/12/20,8652.08,8658.57,8681.27,8634.36
2019/12/19,8649.62,8670.26,8670.28,8607.65
2019/12/18,8652.22,8655.27,8664.41,8619.85
2019/12/17,8611.97,8507.61,8632.09,8506.39
2019/12/16,8479.94,8488.14,8506.94,8455.75
2019/12/13,8486.97,8365.97,8488.9,8365.97
2019/12/12,8343.98,8294.25,8360.35,8294.25
2019/12/11,8260.21,8214.23,8265.63,8209.71
2019/12/10,8200.13,8197.99,8214.93,8177.18
2019/12/9,8234.84,8232.26,8261.49,8223.32
2019/12/6,8215.44,8157.94,8224.1,8157.94
2019/12/5,8099.79,8050.82,8103.43,8050.82
2019/12/4,8062.82,8110.6,8110.6,8050.95
2019/12/3,8128.38,8126.57,8139.65,8071.94
2019/12/2,8156.54,8129.63,8176.33,8129.63
2019/11/29,8144.2,8263.04,8263.05,8123.19
2019/11/28,8263.42,8270.01,8280.34,8246.57
2019/11/27,8223.08,8224.41,8234.69,8209.8
2019/11/26,8190.17,8200.38,8253.97,8188.37
2019/11/25,8159.7,8096.67,8180.89,8096.67
2019/11/22,8068.88,8045.22,8095.1,8042.49
2019/11/21,8023.96,8110.53,8110.53,8000.76
2019/11/20,8154.56,8189.73,8189.73,8137.81
2019/11/19,8189.85,8101.51,8189.96,8087.69
2019/11/18,8114.97,8037.26,8115.44,8037.26
2019/11/15,8014.74,8028.3,8069.66,8009.09
2019/11/14,8033.7,8088.19,8088.19,8011.43
2019/11/13,8128.13,8199.29,8199.29,8107.28
2019/11/12,8202.6,8154.23,8203.79,8140.13
2019/11/11,8165.79,8306.36,8306.36,8146.32
2019/11/8,8305.43,8348.14,8362.24,8288.03
2019/11/7,8303.49,8268.3,8305.78,8233.21
2019/11/6,8261.31,8275.24,8280.26,8248.26
2019/11/5,8268.11,8218.76,8281.96,8209.81
2019/11/4,8164.52,8060.25,8165.19,8060.25
2019/11/1,8049.92,7997.8,8050.6,7974
2019/10/31,8008.6,7973.09,8028.66,7972.76
2019/10/30,7964.72,7998.42,7999.05,7949.02
2019/10/29,8016.71,8042.08,8068.1,8011.84
2019/10/28,8000.89,7939.71,8013.26,7939.71
2019/10/25,7916.53,7926.18,7932.73,7899.72
2019/10/24,7884.49,7852.45,7885.2,7849.74
2019/10/23,7849.49,7905.77,7905.77,7836.63
2019/10/22,7945.91,7947.2,7969.98,7930.11
2019/10/21,7905.42,7909.38,7920.43,7892.83
2019/10/18,7976.44,8006.64,8040.75,7966.15
2019/10/17,8011.86,7990.47,8021.48,7982.47
2019/10/16,7971.78,7958.47,7987.74,7941.5
2019/10/15,7910.15,7919.73,7931.28,7898.02
2019/10/14,7929.55,7884.16,7957.49,7884.16
2019/10/11,7818,7712.64,7829.9,7712.64
2019/10/10,7690.02,7647.25,7714.59,7634.79
2019/10/9,7619.32,7646.27,7648.12,7610.95
2019/10/8,7713.15,7689.61,7772.98,7683.41
2019/10/4,7702.5,7725.09,7745.19,7659.89
2019/10/3,7680.51,7656.61,7690.63,7621.31
2019/10/2,7658.13,7672.84,7672.84,7619.62
2019/9/30,7671.77,7658.91,7695.28,7615.17
2019/9/27,7753.57,7782.36,7782.54,7728.86
2019/9/26,7792.79,7774.5,7818.25,7771.16
2019/9/25,7726.75,7800.52,7800.69,7721.83
2019/9/24,7862.36,7867.68,7883.66,7848.32
2019/9/23,7914.59,7975.58,7979.82,7903.84
2019/9/20,7973.55,7995.32,7996.98,7963.83
2019/9/19,7971.1,8015.35,8027.03,7950.43
2019/9/18,8014.06,8005.22,8038.09,8005.2
2019/9/17,7990.03,8064.75,8064.75,7965.64
2019/9/16,8089.5,8127.16,8127.16,8046.62
2019/9/13,8120.8,8069.39,8122.86,8064.6
2019/9/12,8054.88,8022.29,8065.44,8017.88
2019/9/11,7998.55,7936.97,8001.42,7930.6
2019/9/10,7960.46,7974.81,8002.29,7945.72
2019/9/9,7956.23,7962.56,7993.03,7948.57
2019/9/6,7972.84,7942.08,7986.05,7942.08
2019/9/5,7885.49,7826.29,7921.57,7826.29
2019/9/4,7805.26,7674.18,7819.22,7673.91
2019/9/3,7706.93,7743.36,7758.92,7701.69
2019/9/2,7743.46,7706.93,7748.1,7698.36
2019/8/30,7694.83,7652.61,7728.39,7652.61
2019/8/29,7601.53,7589.8,7604.34,7528.08
2019/8/28,7579.82,7606.39,7649.6,7579.21
2019/8/27,7594.99,7583.35,7633.1,7578.15
2019/8/26,7563.55,7665.42,7665.42,7480.31
2019/8/23,7743.15,7700.56,7755.14,7671.96
2019/8/22,7743.65,7767.38,7787.3,7735.27
2019/8/21,7780.69,7763.22,7799.26,7743.38
2019/8/20,7768.14,7761.38,7807.79,7751.2
2019/8/19,7710.37,7591.59,7730.57,7591.59
2019/8/16,7514.65,7490.71,7547.09,7463.13
2019/8/15,7452.36,7453.83,7466.59,7356.66
2019/8/14,7494.55,7468.3,7572.69,7468.3
2019/8/13,7397.23,7492.35,7492.35,7396.63
2019/8/12,7503.4,7485.44,7543.38,7485.44
2019/8/9,7517.15,7557.12,7600.67,7516.77
2019/8/8,7514.63,7460.24,7540.51,7460.02
2019/8/7,7451.41,7446.54,7476.21,7408.77
2019/8/6,7410,7461.12,7461.12,7294.77
2019/8/5,7558.33,7730.18,7730.18,7555.26
2019/8/2,7772.03,7936.53,7936.53,7762.34
2019/8/1,8017.63,8041.24,8052.14,8000.39
2019/7/31,8053.89,8126.56,8126.56,8037.08
2019/7/30,8153.82,8136.92,8186.23,8132.02
2019/7/29,8151.87,8173.59,8176.35,8117.32
2019/7/26,8172.05,8214.16,8214.16,8165.77
2019/7/25,8236.19,8181.19,8238.08,8181.19
2019/7/24,8168.54,8130.84,8218.77,8130.84
2019/7/23,8075.91,8061.68,8089.98,8061.68
2019/7/22,8056.97,8130.09,8130.09,8048.32
2019/7/19,8126.57,8067.33,8142.5,8067.33
2019/7/18,8080.65,8127.94,8128.12,8074.09
2019/7/17,8135.06,8132.92,8137.2,8085.14
2019/7/16,8134.02,8119.73,8138.01,8111.02
2019/7/15,8086.07,8043.36,8086.88,7966.96
2019/7/12,8027.98,8038.82,8067.27,8027.65
2019/7/11,8045.78,8016.55,8087.02,8016.55
2019/7/10,8030.25,7984.04,8036.54,7984.04
2019/7/9,7969.88,8005.65,8006.7,7951.07
2019/7/8,8061.98,8169.21,8169.21,8034.37
2019/7/5,8190.44,8193.08,8201.17,8164.64
2019/7/4,8196.74,8207.93,8240.38,8188.65
2019/7/3,8217.25,8252.85,8253.59,8196.47
2019/7/2,8252.28,8171.23,8279.14,8171.23
2019/7/1,8115.74,8109.78,8116.42,8109.78
2019/6/28,8114.26,8122.63,8129.28,8085.54
2019/6/27,8099.22,8023.74,8103.29,8023.74
2019/6/26,7977.22,7966.22,7988.63,7920.41
2019/6/25,7999.68,8093.77,8096.84,7964.85
2019/6/24,8095.36,8080.8,8127.27,8062.01
2019/6/21,8091.87,8102.21,8127.1,8058.22
2019/6/20,8070.81,7971.53,8072.16,7971.53
2019/6/19,7965.04,7855.56,7986.1,7855.56
2019/6/18,7754.31,7706.61,7769.8,7701.34
2019/6/17,7692.69,7703.22,7756.62,7692.21
2019/6/14,7725.35,7767.3,7775.56,7712.62
2019/6/13,7764.87,7766.87,7766.87,7674.61
2019/6/12,7797.9,7882.33,7882.33,7782.73
2019/6/11,7849.28,7783.23,7869.54,7776.77
2019/6/10,7728.54,7600.35,7738.8,7600.35
2019/6/6,7567.54,7577.97,7584.6,7537.79
2019/6/5,7609.23,7596,7673.43,7589.39
2019/6/4,7543.11,7614.99,7620.89,7527.06
2019/6/3,7612.5,7582.74,7616.96,7564.32
2019/5/31,7604.09,7612.1,7660.01,7596.29
2019/5/30,7619.88,7602.01,7632.73,7580.73
2019/5/29,7621.27,7609.58,7681.64,7600.2
2019/5/28,7645.83,7623.35,7706.61,7619.26
2019/5/27,7623.6,7633.94,7654.21,7560.2
2019/5/24,7647.39,7631.48,7689.72,7631.48
2019/5/23,7674.79,7806.11,7806.11,7654.6
2019/5/22,7854.5,7865.43,7905.99,7843.12
2019/5/21,7826.67,7820.65,7883.5,7790.98
2019/5/20,7914.43,8005.66,8012.07,7905.89
2019/5/17,8105.92,8214.67,8251.07,8102.18
2019/5/16,8216.3,8235,8272.8,8191.76
2019/5/15,8208.57,8163.01,8257.73,8160.4
2019/5/14,8110.98,8235.73,8235.73,8067.2
2019/5/13,8330.81,8331.96,8333.11,8330.22
2019/5/10,8349.43,8266.91,8413.85,8256.17
2019/5/9,8275.56,8433.72,8435.1,8271.52
2019/5/8,8450.34,8521.28,8525.04,8425.73
2019/5/7,8599.96,8571.07,8619.35,8543.27
2019/5/6,8645.38,8855.43,8855.43,8571.5
2019/5/3,8824.68,8819.78,8825.73,8752.3
2019/5/2,8808.84,8789.1,8813.19,8772.18
2019/4/30,8774.34,8811.43,8813.21,8735.46
2019/4/29,8807.29,8741.91,8811.34,8741.53
2019/4/26,8747.65,8746.17,8774.46,8723.72
2019/4/25,8729.86,8845.45,8845.77,8721.89
2019/4/24,8872.04,8881.96,8926.41,8822.42
2019/4/23,8856.08,8889.01,8889.31,8814.47
2019/4/22,8905.94,8911.65,8911.68,8905.53
2019/4/19,8911.44,8909.35,8911.49,8907.61
2019/4/18,8909.38,8956.16,8958.93,8886.31
2019/4/17,8942.05,8921.31,8955.16,8901.19
2019/4/16,8896.36,8820.29,8898.68,8775.96
2019/4/15,8880.88,8910.35,9016.8,8880.75
2019/4/12,8870.28,8845.18,8870.3,8809.27
2019/4/11,8867.15,8940.02,8985.2,8862.07
2019/4/10,8956.81,8953.98,8961.77,8888.84
2019/4/9,8961.51,8923.44,8974.58,8915.56
2019/4/8,8913.28,8859.7,8930.81,8859.7
2019/4/4,8789.72,8797.56,8832.41,8754.64
2019/4/3,8805.53,8703.91,8810.84,8703.46
2019/4/2,8705.09,8706.59,8756.97,8696.43
2019/4/1,8683.14,8590.71,8714.52,8590.71
2019/3/29,8534.3,8454.27,8548.63,8446.23
2019/3/28,8440.36,8446.46,8447.34,8398.63
2019/3/27,8451.72,8402.55,8465.19,8400.01
2019/3/26,8400.66,8409.06,8454.2,8365.4
2019/3/25,8380.49,8526.68,8526.68,8362.1
2019/3/22,8592.36,8591.74,8636.71,8528.06
2019/3/21,8589.17,8648.45,8666.29,8581.88
2019/3/20,8655.14,8678.42,8678.74,8629.65
2019/3/19,8677.93,8670.05,8698.28,8641.02
2019/3/18,8652.81,8524.23,8652.92,8524.23
2019/3/15,8501.7,8459.5,8547.86,8458.28
2019/3/14,8469.24,8482.87,8510.96,8442.51
2019/3/13,8477.78,8505.36,8508.74,8454.67
2019/3/12,8515.21,8420.37,8539.14,8420.37
2019/3/11,8353.83,8271.17,8360.34,8271.17
2019/3/8,8295.01,8476.08,8476.08,8290.5
2019/3/7,8556.27,8644.22,8644.22,8544.76
2019/3/6,8656.28,8642.9,8704.79,8642.08
2019/3/5,8624.77,8573.21,8636.54,8527.6
2019/3/4,8548.47,8469.54,8617.48,8466.92
2019/3/1,8467.07,8386.7,8471.31,8386.61
2019/2/28,8391.29,8449.15,8467.44,8380.45
2019/2/27,8443.75,8496.94,8524.82,8428.6
2019/2/26,8499.16,8542.24,8558.13,8483.26
2019/2/25,8486.54,8412.72,8494.51,8410.05
2019/2/22,8359.73,8286.66,8359.8,8233.46
2019/2/21,8296.59,8252.88,8331.28,8236.28
2019/2/20,8240.07,8168.66,8268.76,8168.66
2019/2/19,8130.75,8164.41,8217.18,8130.62
2019/2/18,8166.16,8060.93,8177.48,8060.93
2019/2/15,8085.43,8220.89,8220.89,8072.83
2019/2/14,8233.29,8261.67,8261.67,8202.11
2019/2/13,8250.88,8180.19,8263.22,8178.77
2019/2/12,8158.98,8144.72,8167.65,8113.91
2019/2/11,8137.36,8091.9,8141.08,8054.87
2019/2/8,8087.71,8109.64,8109.64,7992.05
2019/2/4,8128.22,8129.5,8139.89,8105.78
2019/2/1,8131.97,8104.95,8176.68,8098.22
2019/1/31,8071.58,7988.57,8090.82,7988.57
2019/1/30,7907.74,7887.51,7913.5,7845.11
2019/1/29,7908.75,7906.51,7911.28,7845.5
2019/1/28,7914.84,7923.54,7986.13,7888.96
2019/1/25,7876.39,7764.5,7876.55,7764.5
2019/1/24,7735.3,7703.8,7735.38,7664
2019/1/23,7700.62,7703.7,7726.25,7664.6
2019/1/22,7767.78,7829.91,7835.69,7718.72
2019/1/21,7830.13,7791.86,7861.3,7791.86
2019/1/18,7766.24,7682.6,7767.49,7682.45
2019/1/17,7670.14,7703.76,7745.97,7661.26
2019/1/16,7665.44,7632.89,7665.97,7581.68
2019/1/15,7602.98,7476.51,7603.21,7476.51
2019/1/14,7506.83,7595.47,7596.1,7489.86
2019/1/11,7611.44,7575.57,7619.28,7571.58
2019/1/10,7577.44,7540.21,7586.43,7500.53
2019/1/9,7479.4,7353.53,7509.17,7353.53
2019/1/8,7326.86,7327.61,7343.2,7288.75
2019/1/7,7288.64,7232.68,7321.64,7232.68
2019/1/4,7122.93,7021.33,7125.15,6975.35
2019/1/3,7092.87,7120.47,7159.73,7056.7
2019/1/2,7117.12,7281.72,7281.72,7101.11
2018/12/31,7307.2,7231.09,7333.74,7231.09
2018/12/28,7227.54,7203.81,7248.29,7197.23
2018/12/27,7197.78,7235.62,7303.05,7190.31
2018/12/26,7169.72,7169.84,7170.91,7168.71
2018/12/25,7170.54,7170.15,7171.76,7167.77
2018/12/24,7176.87,7168.43,7177.06,7129.83
2018/12/21,7234.88,7214.92,7248.66,7113.68
2018/12/20,7236.86,7283.17,7289.61,7196.98
2018/12/19,7328.87,7347.59,7365.23,7311.02
2018/12/18,7377.65,7450.26,7464.72,7346.71
2018/12/17,7519.87,7534.07,7546.66,7490.84
2018/12/14,7562.05,7675.75,7677.09,7553.43
2018/12/13,7680.49,7597.86,7689.24,7597.86
2018/12/12,7572.57,7483.38,7587.94,7483.38
2018/12/11,7478.69,7465.9,7501.45,7444.86
2018/12/10,7482.67,7554.13,7554.14,7447.25
2018/12/7,7586.45,7595.27,7628.79,7581.92
2018/12/6,7624.91,7811.06,7811.06,7598.81
2018/12/5,7810.07,7898.44,7898.44,7773.61
2018/12/4,7961.06,7932.07,7962.81,7884.71
2018/12/3,7890.5,7924.73,7929.58,7872.81
2018/11/30,7699.25,7668.51,7722.62,7656.5
2018/11/29,7705.71,7741.55,7801.58,7680.98
2018/11/28,7703.55,7605.94,7703.74,7605.94
2018/11/27,7601.83,7591.97,7614.04,7549.14
2018/11/26,7539.87,7463.08,7555.61,7463.08
2018/11/23,7479.02,7529.16,7529.16,7441.34
2018/11/22,7530.75,7530.89,7564.1,7500.08
2018/11/21,7483.62,7426.35,7485.14,7357.5
2018/11/20,7481.65,7596.63,7596.63,7455.21
2018/11/19,7648.55,7602.14,7659.17,7600.24
2018/11/16,7626.95,7601.01,7635.29,7544.24
2018/11/15,7544.03,7428.31,7547.99,7428.31
2018/11/14,7393.72,7429.62,7454.89,7356.49
2018/11/13,7391.81,7343.12,7392.45,7212.76
2018/11/12,7376.33,7400.67,7416.85,7350.48
2018/11/9,7453.43,7608.99,7608.99,7420.34
2018/11/8,7675.96,7656.87,7753.07,7656.87
2018/11/7,7612.19,7615,7705.79,7557.77
2018/11/6,7588.98,7554.34,7595.78,7517.45
2018/11/5,7581.39,7692.12,7692.12,7522.39
2018/11/2,7737.88,7477.59,7741.61,7477.59
2018/11/1,7350.42,7234.34,7395.25,7234.34
2018/10/31,7152.93,7023.07,7153.05,7023.07
2018/10/30,6993.83,7022.69,7063.58,6949.53
2018/10/29,7102.32,7141.76,7191.86,7055.38
2018/10/26,7144.57,7239.65,7255.77,7113.18
2018/10/25,7171.74,7211.76,7211.76,7056.97
2018/10/24,7302.19,7318.11,7404.53,7271.62
2018/10/23,7355.75,7537.3,7537.3,7333.58
2018/10/22,7481.31,7347.78,7527.42,7347.73
2018/10/19,7317.12,7267.84,7365.42,7182.82
2018/10/18,7336.87,7367.9,7408.23,7286.55
2018/10/17,7389.6,7390.87,7391.41,7386.22
2018/10/16,7340.86,7328.22,7393.87,7279.83
2018/10/15,7359.05,7455.95,7455.95,7340.91
2018/10/12,7382.83,7213.33,7388.73,7213.33
2018/10/11,7180.78,7395.61,7395.61,7133.01
2018/10/10,7519.11,7542.18,7620.67,7518.87
2018/10/9,7570.48,7580.93,7627.22,7549.69
2018/10/8,7607.62,7736.84,7769.09,7605.27
2018/10/5,7759.54,7789.96,7790.13,7712.68
2018/10/4,7859.8,7979.41,7979.41,7847.2
2018/10/3,7968.28,7957.5,8008.33,7917.45
2018/10/2,8000.58,8138.5,8138.86,7979.32
2018/10/1,8131.64,8131.64,8131.64,8131.64
2018/9/28,8169.45,8157.4,8198.92,8143.03
2018/9/27,8146.78,8182.11,8204.48,8117.3
2018/9/26,8163.69,8104.73,8223.75,8104.73
2018/9/25,8095.04,8095.92,8096.92,8094.89
2018/9/24,8129.97,8251.75,8251.75,8101.23
2018/9/21,8261.3,8125.2,8263.72,8125.2
2018/9/20,8085.73,8058.05,8124.92,8045.95
2018/9/19,7982.48,7874.71,8007.22,7874.71
2018/9/18,7884.57,7837,7910.93,7766.37
2018/9/17,7890.5,7993.98,7993.98,7860.65
2018/9/14,8006.17,7939.74,8020.32,7939.74
2018/9/13,7892.52,7719.17,7892.76,7719.17
2018/9/12,7682.78,7739.77,7759.68,7664.54
2018/9/11,7736.97,7807.38,7814.17,7730.12
2018/9/10,7868.39,7955.91,7956.09,7832.34
2018/9/7,7942.21,7927.26,7999.55,7872.27
2018/9/6,7949.99,8020.8,8036.24,7904.54
2018/9/5,8101.06,8272.08,8272.08,8087.69
2018/9/4,8319.26,8254.4,8333.46,8221.96
2018/9/3,8254.66,8319.06,8319.77,8207.03
2018/8/31,8307.1,8396.71,8396.71,8262.68
2018/8/30,8447.31,8522.76,8540.73,8436.16
2018/8/29,8512.51,8519.17,8540,8484.25
2018/8/28,8541.71,8521.28,8598,8499.42
2018/8/27,8454.17,8298.49,8457.65,8298.49
2018/8/24,8274.38,8306.52,8311.53,8240.78
2018/8/23,8362.57,8376.8,8400.16,8312.97
2018/8/22,8368.58,8308.55,8378.28,8269.24
2018/8/21,8303.91,8210.03,8305.95,8209.34
2018/8/20,8170.04,8055.39,8178.39,8055.39
2018/8/17,8039.74,8001.39,8104.21,8001.39
2018/8/16,7970.57,8008.69,8057.67,7893.29
2018/8/15,8065.04,8236.62,8236.77,8048.21
2018/8/14,8289.78,8393.01,8395.03,8219.47
2018/8/13,8420.44,8521.56,8521.56,8392.32
2018/8/10,8530.81,8559.91,8605.93,8492.96
2018/8/9,8570.54,8474.67,8593.55,8440.29
2018/8/8,8510.57,8480.4,8554.56,8477.96
2018/8/7,8470.48,8349.35,8475.52,8333.92
2018/8/6,8367.46,8374.24,8478.75,8343.8
2018/8/3,8381.1,8409.69,8438.44,8367.86
2018/8/2,8431.22,8581.77,8581.77,8370.56
2018/8/1,8619.57,8656.18,8718.74,8584.68
2018/7/31,8653.03,8717.58,8717.58,8632.82
2018/7/30,8769.95,8815.92,8815.92,8717.78
2018/7/27,8860.9,8855.78,8871.01,8790.75
2018/7/26,8891.6,8940.34,8989.24,8845.75
2018/7/25,8857.99,8794.18,8864.28,8794.18
2018/7/24,8792.83,8674.58,8807.21,8672.78
2018/7/23,8675.48,8694.55,8705.99,8628.33
2018/7/20,8688.13,8636.9,8703.62,8551.92
2018/7/19,8682.4,8740.1,8780.88,8682.31
2018/7/18,8749.87,8744.21,8805.4,8723.63
2018/7/17,8722.66,8811.57,8811.57,8705.34
2018/7/16,8814.62,8830.8,8871.99,8765.38
2018/7/13,8844.58,8892.89,8893.07,8842.77
2018/7/12,8783.51,8716.4,8829.1,8698.33
2018/7/11,8753.83,8846,8846,8685.63
2018/7/10,8866.35,8900.82,8955.46,8857.92
2018/7/9,8869.8,8744.6,8904.6,8744.6
2018/7/6,8680.27,8656.81,8747.76,8579.34
2018/7/5,8655.79,8669.4,8715.06,8565.25
2018/7/4,8677.38,8811.17,8814.64,8659.93
2018/7/3,8826.56,8932.65,8932.65,8668.32
2018/7/2,8928.99,8932.87,8932.88,8928.4
2018/6/29,8947.35,8741.74,8947.64,8741.27
2018/6/28,8711.37,8723.58,8769.3,8647.17
2018/6/27,8807.47,8981.29,9003.64,8800.49
2018/6/26,8978.61,9038.26,9038.26,8886.49
2018/6/25,9152.37,9268.9,9297.43,9134.49
2018/6/22,9272.69,9255.94,9295.08,9200.88
2018/6/21,9301.11,9384.62,9458.45,9295.81
2018/6/20,9367.28,9337.39,9438.5,9304.8
2018/6/19,9393.03,9625.88,9625.88,9349.55
2018/6/18,9628.07,9628.07,9628.07,9628.07
2018/6/15,9648.15,9696.12,9720.78,9631.93
2018/6/14,9654.79,9729.54,9736.51,9630.44
2018/6/13,9755.58,9841.45,9841.46,9748.38
2018/6/12,9811.39,9779.89,9834.83,9763.68
2018/6/11,9764.4,9734.94,9781.3,9716.73
2018/6/8,9717.03,9867.79,9867.79,9693.88
2018/6/7,9901.02,9857.97,9910.73,9857.97
2018/6/6,9842.06,9800.64,9858.98,9800.24
2018/6/5,9790.72,9752.99,9800.12,9725.25
2018/6/4,9691.8,9553.97,9693.54,9553.97
2018/6/1,9487.04,9479.79,9490.66,9432.18
2018/5/31,9462.06,9400.68,9471.26,9377.21
2018/5/30,9339.19,9442.56,9442.56,9323.62
2018/5/29,9463.66,9537.92,9537.92,9454.57
2018/5/28,9538.25,9499,9551.87,9469.68
2018/5/25,9483.58,9530.36,9530.36,9467.95
2018/5/24,9530.53,9506.25,9544.7,9486.06
2018/5/23,9490.42,9593.46,9614.77,9490.31
2018/5/22,9591.44,9591.44,9591.44,9591.44
2018/5/21,9602.49,9604.29,9686.87,9602.46
2018/5/18,9650.91,9617.38,9680.49,9601.86
2018/5/17,9649.02,9651.04,9793.28,9649.02
2018/5/16,9614.76,9614.21,9637.04,9540.4
2018/5/15,9644.75,9734.01,9747.21,9641.29
2018/5/14,9698.21,9608.8,9719.89,9608.8
2018/5/11,9617.57,9567.56,9664.02,9567.56
2018/5/10,9538.96,9476.01,9553.74,9476.01
2018/5/9,9489.02,9449.41,9501.19,9428.15
2018/5/8,9427.66,9322.37,9452.26,9322.37
2018/5/7,9253.85,9220.08,9291.31,9196.8
2018/5/4,9172.38,9238.28,9257.6,9159.76
2018/5/3,9213.71,9316.14,9316.14,9176.48
2018/5/2,9324.64,9351.43,9364.61,9294.91
2018/5/1,9351.45,9351.45,9351.45,9351.45
2018/4/30,9319.86,9217.05,9334.45,9217.05
2018/4/27,9168.31,9099.43,9191.05,9093.32
2018/4/26,9046.69,9128.09,9164.36,9001.45
2018/4/25,9159.99,9247.37,9247.37,9140.3
2018/4/24,9273.2,9152.85,9285.5,9152.85
2018/4/23,9190.41,9259.8,9263,9182.36
2018/4/20,9295.08,9396.67,9409.29,9273.93
2018/4/19,9412.7,9291.72,9429.02,9291.72
2018/4/18,9260.97,9234.29,9346.19,9175.09
2018/4/17,9181.52,9281.39,9306.45,9158
2018/4/16,9264.13,9380.54,9388.67,9224.47
2018/4/13,9433.15,9477.65,9527.47,9405.67
2018/4/12,9474.79,9510.85,9554.96,9426.15
2018/4/11,9523.81,9522.64,9587.32,9509.58
2018/4/10,9445.27,9308.97,9461.44,9290.71
2018/4/9,9258.98,9183.43,9321.02,9165.14
2018/4/6,9234.88,9144.19,9273.88,9144.19
2018/4/5,9140.7,9140.7,9140.7,9140.7
2018/4/4,9131.15,9293.79,9330.07,9131.14
2018/4/3,9315.77,9271.04,9340.09,9178.45
2018/4/2,9271.46,9271.46,9271.46,9271.46
2018/3/29,9292.8,9288.13,9355.37,9216.83
2018/3/28,9330.05,9549.99,9549.99,9329.88
2018/3/27,9652.15,9571.03,9697.85,9571.03
2018/3/26,9478.21,9412.89,9479.43,9326.53
2018/3/23,9461.54,9679.35,9679.35,9353.94
2018/3/22,9820.02,9957.79,10020.79,9806.78
2018/3/21,9984.69,10030.88,10151.23,9973.23
2018/3/20,9981.7,9940.6,10003.69,9869.12
2018/3/19,10003.71,10026.8,10062.54,9970.71
2018/3/16,10019.14,10030.8,10049.23,9988.24
2018/3/15,9974.41,9927.56,9990.54,9857.37
2018/3/14,9897.01,9916.63,9916.63,9810.1
2018/3/13,9976.77,9969.59,10014.46,9937.03
2018/3/12,9948.41,9795.95,9949.1,9795.94
2018/3/9,9751.05,9674.75,9760.91,9674.75
2018/3/8,9674.07,9561.09,9694.95,9561.09
2018/3/7,9535.26,9602.31,9667.09,9505.14
2018/3/6,9555.35,9388.94,9593.02,9388.94
2018/3/5,9356.16,9507.75,9553.2,9355.97
2018/3/2,9518.63,9648.11,9648.11,9503.19
2018/3/1,9701.72,9629.54,9714.43,9550.01
2018/2/28,9641.25,9773.97,9774.23,9593.73
2018/2/27,9845.2,9949.83,10015.18,9801.21
2018/2/26,9944.86,9905.98,9991.22,9889.34
2018/2/23,9847.53,9755.04,9880.14,9755.04
2018/2/22,9746.02,9860.31,9860.37,9745.93
2018/2/21,9845.41,9686.26,9853.07,9686.15
2018/2/20,9655.52,9682.77,9751.78,9594.5
2018/2/16,9682.82,9682.82,9682.82,9682.82
2018/2/15,9682.34,9507.77,9691.25,9507.77
2018/2/14,9408.67,9263.73,9439.91,9263.73
2018/2/13,9227.42,9105.9,9320.5,9105.9
2018/2/12,9079.96,9061,9176.47,9061
2018/2/9,9023.48,9271.15,9271.15,8897.08
2018/2/8,9377.89,9362.82,9462.13,9321.59
2018/2/7,9413.7,9482.07,9752.3,9400.77
2018/2/6,9437.16,9901.57,9901.57,9430.09
2018/2/5,9977.87,10046.86,10046.86,9819.46
2018/2/2,10131.5,10115.77,10184.6,10034.14
2018/2/1,10215.41,10283.34,10356.09,10215.19
2018/1/31,10248.09,10195.59,10269.13,10110.37
2018/1/30,10250.93,10382.87,10382.89,10230.66
2018/1/29,10422.19,10462.18,10552.22,10386.32
2018/1/26,10380.45,10224.17,10392.23,10224.17
2018/1/25,10192.35,10305.59,10312.27,10181.04
2018/1/24,10281.52,10281.39,10297.24,10206.13
2018/1/23,10228.25,10077.57,10228.28,10077.57
2018/1/22,10077.47,10008.22,10082.12,9959.2
2018/1/19,10004.95,9937.44,10007.83,9928.43
2018/1/18,9937.63,9891.44,9967.66,9873.17
2018/1/17,9876.51,9853.08,9877.1,9778.96
2018/1/16,9888.31,9723.14,9888.6,9723.14
2018/1/15,9723.24,9811.62,9882.13,9712.99
2018/1/12,9804.48,9693.38,9804.51,9693.38
2018/1/11,9699.2,9739.18,9739.88,9663.86
2018/1/10,9759.72,9758.97,9823.35,9733.8
2018/1/9,9745.69,9727.35,9767.07,9709.95
2018/1/8,9711.39,9649.99,9711.5,9649.99
2018/1/5,9598.74,9577.98,9628.22,9542.65
2018/1/4,9565.83,9493.77,9589.65,9493.77
2018/1/3,9478.26,9441.86,9532.43,9441.86
2018/1/2,9323.03,9137.57,9323.72,9137.4
2017/12/29,9141.26,9136.14,9158.51,9128.86
2017/12/28,9154.25,9076.26,9154.57,9076.26
2017/12/27,9067.24,9081.94,9103.85,9051.49
2017/12/26,9080.06,9080.06,9080.06,9080.06
2017/12/22,9114.75,9051.42,9115.44,9051.41
2017/12/21,9017.62,8957.91,9033.49,8933.24
2017/12/20,8956.94,8982.68,8995.14,8943.39
2017/12/19,9003.71,8924.69,9014.85,8924.69
2017/12/18,8887.04,8888.86,8922.01,8842.29
2017/12/15,8834.97,8943.59,8943.59,8819.12
2017/12/14,8982,8958.17,9018.74,8940.49
2017/12/13,8927.15,8851.09,8949.03,8811.55
2017/12/12,8888.8,8977.6,9009.58,8883.89
2017/12/11,8949.23,8849.78,8961.4,8834.07
2017/12/8,8827.89,8686.91,8846.05,8686.91
2017/12/7,8667.72,8623.92,8713.2,8593.88
2017/12/6,8596.17,8788.02,8815.04,8587.4
2017/12/5,8792.19,8879.01,8886.23,8792.15
2017/12/4,8920.51,8875.41,8993.36,8820.13
2017/12/1,8902.16,8960.04,9014.92,8901.94
2017/11/30,8973.46,9124.53,9124.53,8968.79
2017/11/29,9199.28,9242.23,9282.84,9190.85
2017/11/28,9253.74,9219.15,9254.57,9121.9
2017/11/27,9262.31,9348.86,9349.81,9249.04
2017/11/24,9347.5,9316.79,9374.02,9295.66
2017/11/23,9316.2,9431.38,9486.51,9300.8
2017/11/22,9429.51,9460.57,9494.83,9412.49
2017/11/21,9370.2,9217.51,9377.72,9217.51
2017/11/20,9215.61,9170.1,9223.36,9140.72
2017/11/17,9147.5,9091.23,9191.49,9091.23
2017/11/16,9031.63,8957.74,9057.07,8957.6
2017/11/15,8949.88,9002.79,9025.64,8949.48
2017/11/14,9088.05,9156.36,9158.91,9087.89
2017/11/13,9117.37,9115.1,9163.02,9114.84
2017/11/10,9120.6,9123.93,9161.02,9091.58
2017/11/9,9133.97,9066.15,9147.88,9066.15
2017/11/8,9075.21,9092.68,9172.38,9074.99
2017/11/7,9107.85,8990.94,9111.83,8990.94
2017/11/6,8934.98,8907.05,8952.13,8806.67
2017/11/3,8906.06,8881.5,8928.45,8881.5
2017/11/2,8895.86,8906.33,8936.64,8887.37
2017/11/1,8894.31,8809.5,8900.39,8809.5
2017/10/31,8765.5,8758.15,8793.54,8739.94
2017/10/30,8731.97,8756.05,8818.23,8731.67
2017/10/27,8741.11,8706.53,8779.58,8706.53
2017/10/26,8723.27,8768.54,8771.35,8705.4
2017/10/25,8814.44,8756.84,8836.26,8756.84
2017/10/24,8761.49,8797.02,8820.38,8753.01
2017/10/23,8826.18,8845.24,8871.25,8807.15
2017/10/20,8851.54,8740.64,8864.07,8740.64
2017/10/19,8779.92,8929.71,8956.66,8776.46
2017/10/18,8900.29,8889.2,8905.61,8870.38
2017/10/17,8930.2,8944.87,8969.07,8926.73
2017/10/16,8912.33,8856.62,8922.05,8856.62
2017/10/13,8850.78,8843.88,8854.58,8824.67
2017/10/12,8874.9,8856.37,8892.68,8850
2017/10/11,8851.05,8874.89,8910.23,8834.36
2017/10/10,8850.54,8819.92,8856.73,8810.32
2017/10/9,8792.72,8843.44,8844.3,8787.44
2017/10/6,8834.91,8787.97,8860.49,8787.97
2017/10/5,8785.62,8785.62,8785.62,8785.62
2017/10/4,8787.09,8741.44,8829.51,8741.44
2017/10/3,8697.18,8497.73,8707.28,8497.73
2017/10/2,8496.68,8496.68,8496.68,8496.68
2017/9/29,8454.22,8411.29,8469.89,8409.46
2017/9/28,8414.91,8500.15,8501.19,8414.26
2017/9/27,8462.4,8401.88,8469.89,8401.88
2017/9/26,8417.83,8421.55,8445.75,8342.63
2017/9/25,8512.5,8654.1,8654.51,8505.39
2017/9/22,8652.59,8710.08,8710.08,8641.37
2017/9/21,8724.8,8712.99,8742.42,8692.9
2017/9/20,8727.89,8687.75,8729.12,8682.19
2017/9/19,8691.02,8710.46,8743.35,8684.54
2017/9/18,8671.16,8564.22,8678.23,8564.22
2017/9/15,8571.17,8554.45,8583.29,8494.47
2017/9/14,8570.54,8574.64,8603,8557.11
2017/9/13,8540.95,8542.66,8552.28,8502.1
2017/9/12,8518.46,8488.8,8529.54,8484.02
2017/9/11,8438.45,8368.01,8446.71,8367.99
2017/9/8,8388.14,8369.29,8412.22,8369.29
2017/9/7,8329.91,8356.67,8387.91,8325.89
2017/9/6,8348.6,8357.99,8357.99,8296.98
2017/9/5,8383.11,8368.64,8415.95,8368.45
2017/9/4,8368.81,8421.75,8421.75,8356.86
2017/9/1,8418.25,8444.62,8462.08,8417.79
2017/8/31,8414.66,8440.15,8443.89,8385.81
2017/8/30,8395.18,8326.5,8402.36,8326.5
2017/8/29,8327.01,8342.26,8347.1,8275.51
2017/8/28,8381.78,8391.91,8438.69,8372.77
2017/8/25,8431.83,8367.45,8437.47,8366.29
2017/8/24,8379.35,8326,8415.39,8326
2017/8/23,8321.51,8321.51,8321.51,8321.51
2017/8/22,8266.74,8209.64,8298.82,8209.64
2017/8/21,8175.21,8138.9,8196.98,8138.9
2017/8/18,8112.62,8171.16,8171.16,8096.8
2017/8/17,8173.09,8157.16,8237.4,8157.16
2017/8/16,8143.34,8082.92,8146.13,8082.92
2017/8/15,8066.66,8087.41,8146.87,8066.17
2017/8/14,8071.25,7957.1,8079.85,7957.1
2017/8/11,7955.24,8108.21,8108.21,7953.52
2017/8/10,8195.82,8265.12,8265.85,8157.11
2017/8/9,8260.32,8279.15,8302.51,8224.25
2017/8/8,8281.93,8221.8,8288.4,8221.78
2017/8/7,8167.96,8104.11,8172.17,8104.11
2017/8/4,8099.15,8092.58,8119.91,8085.93
2017/8/3,8053.33,8091.63,8091.63,8042
2017/8/2,8126.21,8120.4,8173.71,8120.4
2017/8/1,8119.92,8089.37,8145.27,8081.47
2017/7/31,8096.92,8027.12,8098.3,8027.03
2017/7/28,7967.97,8022.37,8022.88,7957.7
2017/7/27,8048.23,7989.16,8055.54,7989.1
2017/7/26,7947.64,7925.02,7969.02,7909.33
2017/7/25,7923.92,7949.22,7958.02,7923.78
2017/7/24,7930.94,7890.94,7931.2,7884.1
2017/7/21,7890.05,7910.42,7924.62,7885.38
2017/7/20,7916.82,7911.42,7941.58,7895.75
2017/7/19,7914.33,7816.12,7917.99,7816.12
2017/7/18,7779.54,7776.32,7799.6,7749.55
2017/7/17,7788.08,7764.23,7835.45,7754.8
2017/7/14,7736.93,7713.29,7737.56,7708.22
2017/7/13,7713.01,7631.14,7720.18,7631.14
2017/7/12,7590.16,7547.5,7613.72,7547.5
2017/7/11,7523.2,7419.57,7532.77,7419.28
2017/7/10,7392.13,7389.15,7429.93,7385.48
2017/7/7,7380.25,7421.58,7421.58,7378.15
2017/7/6,7457.92,7459.32,7478.55,7436.23
2017/7/5,7424.19,7391.12,7430.29,7327.44
2017/7/4,7391.25,7494.58,7503.24,7356.89
2017/7/3,7492.06,7462.91,7492.54,7443.29
2017/6/30,7465.64,7504.27,7504.27,7447.02
2017/6/29,7542.41,7503.52,7552.76,7503.52
2017/6/28,7476.27,7526.24,7526.24,7465.69
2017/6/27,7559.03,7553.19,7575.23,7539.55
2017/6/26,7560.43,7508.56,7566.61,7508.56
2017/6/23,7495.74,7490.35,7520.72,7485.39
2017/6/22,7495.97,7484.32,7539.65,7484.3
2017/6/21,7440.34,7459.36,7476.5,7417.98
2017/6/20,7472.95,7485.29,7516.41,7465.73
2017/6/19,7428.5,7353.39,7431.97,7352.58
2017/6/16,7353.82,7343.41,7377.88,7340.13
2017/6/15,7363.89,7442.22,7442.22,7363.64
2017/6/14,7455.58,7440.99,7462.44,7419.29
2017/6/13,7459.74,7434.38,7473.91,7433.24
2017/6/12,7438.82,7476,7495.92,7423.88
2017/6/9,7571.47,7592.12,7615,7559.33
2017/6/8,7492.3,7470.11,7492.45,7455.04
2017/6/7,7436.62,7432.22,7458.99,7416.95
2017/6/6,7433.47,7419.28,7446.2,7402.62
2017/6/5,7407.73,7406.12,7438.26,7387.15
2017/6/2,7403.76,7395.79,7435.88,7393.91
2017/6/1,7369.31,7348.46,7372.43,7308.72
2017/5/31,7358.01,7393.57,7425.44,7357.13
2017/5/30,7393.57,7393.57,7393.57,7393.57
2017/5/29,7403.44,7389.62,7408.48,7375.24
2017/5/26,7390.1,7388.35,7412.14,7368.26
2017/5/25,7372.73,7298.27,7377.48,7298.27
2017/5/24,7304.46,7299.97,7304.66,7255.79
2017/5/23,7319.73,7323.03,7358.52,7295.95
2017/5/22,7298.57,7222.65,7306.23,7222.65
2017/5/19,7185.73,7152.47,7205.37,7152.47
2017/5/18,7153.39,7181.77,7205.99,7125.91
2017/5/17,7230.99,7238.58,7245.06,7218.52
2017/5/16,7193.19,7188.29,7213.04,7158.84
2017/5/15,7181.05,7139,7183.51,7139
2017/5/12,7131.13,7116.86,7149.44,7115.86
2017/5/11,7113.96,7092.82,7138.18,7089.46
2017/5/10,7077.16,7047.68,7122.98,7047.68
2017/5/9,7008.41,6934.13,7008.48,6926.62
2017/5/8,6912.07,6884.83,6921.05,6884.83
2017/5/5,6878.01,6933.53,6933.81,6857.78
2017/5/4,6939.18,6988.61,6988.61,6924.41
2017/5/3,6989.06,6989.06,6989.06,6989.06
2017/5/2,6994.33,6983.53,7018.33,6975.08
2017/5/1,6983.36,6983.36,6983.36,6983.36
2017/4/28,6980.85,6996.4,7002,6974.04
2017/4/27,6987.31,6997.74,6997.74,6940.31
2017/4/26,7006.76,7001.79,7030.59,6990.47
2017/4/25,6974.47,6900.29,6974.73,6900.29
2017/4/24,6878.23,6867.43,6909.7,6842.33
2017/4/21,6862,6864.16,6895.61,6841.97
2017/4/20,6842.24,6781.91,6842.36,6781.91
2017/4/19,6780.9,6785.71,6788.25,6749.68
2017/4/18,6788.71,6861.2,6868.33,6785.29
2017/4/17,6861.84,6861.84,6861.84,6861.84
2017/4/13,6851.88,6855.15,6882.46,6829.88
2017/4/12,6853.58,6802.98,6853.62,6788.91
2017/4/11,6818.29,6857.33,6875.69,6799.05
2017/4/10,6837.24,6854.55,6865.22,6826.99
2017/4/7,6847.72,6845.51,6850.09,6782.32
2017/4/6,6828.92,6847.29,6852.78,6814.49
2017/4/5,6869.21,6827.43,6869.37,6816.07
2017/4/4,6826.17,6826.17,6826.17,6826.17
2017/4/3,6827,6781.57,6827.06,6781.57
2017/3/31,6788.08,6829,6835.8,6782.25
2017/3/30,6833.06,6873.32,6885.95,6820.08
2017/3/29,6860.71,6853.4,6894.14,6843.83
2017/3/28,6852.29,6815.12,6859.14,6815.12
2017/3/27,6812.84,6867.16,6890.95,6797.18
2017/3/24,6866.43,6864.14,6891.77,6841.68
2017/3/23,6847.64,6858.59,6889.83,6828.71
2017/3/22,6843.09,6914.17,6914.17,6802.36
2017/3/21,6954.28,6929.46,6961.4,6926.88
2017/3/20,6911.08,6857.78,6911.16,6853.8
2017/3/17,6852.44,6851.02,6873.94,6830.36
2017/3/16,6827.71,6711.64,6827.78,6711.64
2017/3/15,6713.07,6723.69,6729.06,6683.19
2017/3/14,6732.81,6718.93,6751.02,6716.18
2017/3/13,6699.74,6610.48,6711.15,6610.48
2017/3/10,6604.5,6596.32,6618.04,6574.98
2017/3/9,6601.23,6677.37,6677.37,6594.67
2017/3/8,6671.4,6639.15,6678.56,6611.88
2017/3/7,6637.2,6604.48,6644.24,6604.48
2017/3/6,6613.41,6592.16,6624.47,6592.16
2017/3/3,6592.13,6622.71,6622.86,6575.73
2017/3/2,6635.57,6647.92,6718.04,6628.83
2017/3/1,6634.15,6632.84,6649.64,6625.86
2017/2/28,6636.74,6666.33,6692.72,6631.69
2017/2/27,6662.92,6694.85,6714.95,6659.16
2017/2/24,6706.56,6759.71,6759.81,6706.41
2017/2/23,6779.55,6794.9,6813.73,6765.34
2017/2/22,6772.18,6702.35,6772.38,6702.35
2017/2/21,6678.18,6706.58,6729.06,6662.12
2017/2/20,6706.53,6667.2,6718.11,6667.14
2017/2/17,6673.06,6715.02,6722.87,6657.87
2017/2/16,6700.9,6671.25,6712.7,6664.57
2017/2/15,6662.54,6596.78,6687.09,6596.78
2017/2/14,6612.52,6625.5,6626.66,6592.09
2017/2/13,6615.54,6560.02,6618.78,6560
2017/2/10,6556.68,6558.89,6600.84,6555.44
2017/2/9,6559.09,6519.84,6587.75,6519.65
2017/2/8,6494.56,6451.72,6503.44,6417.92
2017/2/7,6450.1,6450.65,6465.95,6429.4
2017/2/6,6438.35,6375.02,6438.39,6375.02
2017/2/3,6374.74,6375.61,6389.43,6337.85
2017/2/2,6377.43,6404.69,6428.06,6367.49
2017/2/1,6404.95,6398.02,6405.05,6343.81
2017/1/31,6403.32,6403.32,6403.32,6403.32
2017/1/30,6398.72,6398.72,6398.72,6398.72
2017/1/27,6412.02,6435.68,6435.68,6411.89
2017/1/26,6446.84,6380.75,6450.58,6380.75
2017/1/25,6361.31,6347.22,6368.06,6347.22
2017/1/24,6321.06,6300.32,6324.22,6300.32
2017/1/23,6274.54,6269.96,6310.39,6269.96
2017/1/20,6274.61,6314.01,6314.01,6274.47
2017/1/19,6310.03,6316.81,6318.31,6287.44
2017/1/18,6324.36,6282.45,6331.1,6280.48
2017/1/17,6259.46,6231.4,6267.44,6231.32
2017/1/16,6231.1,6288.18,6288.18,6217.04
2017/1/13,6284.38,6261.4,6292.05,6261.18
2017/1/12,6274.45,6289.24,6303.7,6250.83
2017/1/11,6290.79,6250.58,6296.66,6250.58
2017/1/10,6226.42,6188.26,6226.51,6187.59
2017/1/9,6175.82,6170.37,6196.01,6162.68
2017/1/6,6178.02,6170.85,6207.44,6161.77
2017/1/5,6121.51,6055.13,6129.27,6055.13
2017/1/4,6022.99,6020.65,6043.15,6008.98
2017/1/3,6001.61,5990.74,6011.99,5953.46
2016/12/30,5996.11,5959.58,6000.59,5959.27
2016/12/29,5947.64,5919.56,5953.08,5895.7
2016/12/28,5923.92,5855.82,5939.46,5855.82
2016/12/27,5855.97,5855.97,5855.97,5855.97
2016/12/23,5842.04,5856.28,5856.28,5827.75
2016/12/22,5882.43,5935.1,5935.94,5882.33
2016/12/21,5935.68,5921.98,5956.54,5921.93
2016/12/20,5910.5,5937.9,5946.22,5898.38
2016/12/19,5937.74,5982.18,5982.18,5936.31
2016/12/16,5987.32,5989.73,6020.43,5970.07
2016/12/15,6024.15,6112.73,6112.73,6006.15
2016/12/14,6126.49,6134.3,6170.39,6126.04
2016/12/13,6126.16,6108.93,6126.41,6087.4
2016/12/12,6131.5,6214.99,6236.28,6120.61
2016/12/9,6204.17,6236.73,6236.73,6180.22
2016/12/8,6227.72,6196.39,6253.97,6196.39
2016/12/7,6180.35,6164.95,6189.55,6160.15
2016/12/6,6169.01,6148.18,6192.25,6148.03
2016/12/5,6135.1,6171.6,6176.97,6109.43
2016/12/2,6178.65,6238.14,6238.14,6171.99
2016/12/1,6283.66,6290.86,6317.38,6275.64
2016/11/30,6264.86,6262.98,6299.47,6262.98
2016/11/29,6246.31,6272.46,6285.47,6246.2
2016/11/28,6267.36,6221.37,6294.48,6221.3
2016/11/25,6215.06,6178.32,6226.24,6174.78
2016/11/24,6178.6,6189.6,6189.6,6148.43
2016/11/23,6193.28,6200.1,6227.64,6184.81
2016/11/22,6207.41,6129.73,6212.78,6129.45
2016/11/21,6123.02,6109.77,6142.68,6087.32
2016/11/18,6118.89,6104.17,6129.48,6078.43
2016/11/17,6090.88,6102.54,6129.35,6073.21
2016/11/16,6081.48,6074.64,6128.72,6074.64
2016/11/15,6040.79,6021.84,6061.77,6020.89
2016/11/14,6062.13,6130.02,6130.02,6050.88
2016/11/11,6140.41,6238.3,6238.3,6117.07
2016/11/10,6281.65,6217.9,6316.83,6217.9
2016/11/9,6226.53,6337.91,6365.55,6128.82
2016/11/8,6335.22,6303.43,6346.54,6303.43
2016/11/7,6275.14,6210.58,6298.04,6210.58
2016/11/4,6211.04,6218.5,6235.81,6195.68
2016/11/3,6224.77,6253.84,6263.7,6224.68
2016/11/2,6287.72,6361.99,6361.99,6283.53
2016/11/1,6380.35,6325.69,6412.22,6325.69
2016/10/31,6337.86,6346.43,6382.59,6323.2
2016/10/28,6345.43,6395.28,6400.95,6325.41
2016/10/27,6397.7,6443.73,6451.79,6369.35
2016/10/26,6463.78,6525.6,6525.6,6463.73
2016/10/25,6529.5,6545.36,6545.4,6525
2016/10/24,6532.39,6482.55,6532.44,6444.98
2016/10/21,6482.61,6482.61,6482.61,6482.61
2016/10/20,6480.54,6468.17,6515.28,6468.17
2016/10/19,6460.83,6473.35,6493.61,6449.63
2016/10/18,6471.76,6384.19,6475.12,6384.19
2016/10/17,6381.16,6412.57,6412.57,6373.49
2016/10/14,6410.26,6382.42,6430.89,6382.42
2016/10/13,6397.88,6480.12,6480.58,6390.33
2016/10/12,6490.43,6533.44,6533.44,6453.8
2016/10/11,6576.19,6624.36,6676.25,6550.31
2016/10/10,6623.87,6623.87,6623.87,6623.87
2016/10/7,6609.93,6632.37,6634.04,6592.77
2016/10/6,6635.69,6593.59,6641.45,6593.59
2016/10/5,6581.03,6556.47,6587.82,6527.7
2016/10/4,6546.81,6520.06,6546.94,6504.66
2016/10/3,6515.46,6451.43,6544.43,6451.43
2016/9/30,6449.64,6559.81,6559.81,6449.63
2016/9/29,6592.82,6559.6,6611.43,6559.6
2016/9/28,6561.76,6558.47,6562.18,6523.85
2016/9/27,6536.52,6482.28,6554.5,6478.42
2016/9/26,6512.37,6610.29,6610.29,6499.1
2016/9/23,6628.75,6644.6,6661.63,6614.24
2016/9/22,6613.14,6581.65,6674.53,6581.65
2016/9/21,6524.17,6479.63,6536.12,6462.24
2016/9/20,6488.4,6488.05,6493.6,6461.19
2016/9/19,6494.79,6439.58,6528.22,6439.58
2016/9/16,6439.63,6439.63,6439.63,6439.63
2016/9/15,6413.03,6403.93,6449.33,6384.59
2016/9/14,6390.77,6389.83,6425.85,6378.29
2016/9/13,6403.67,6408.98,6493.98,6394.18
2016/9/12,6387.48,6580.11,6580.11,6387.41
2016/9/9,6620.35,6602.81,6683.86,6602.81
2016/9/8,6600.18,6569.71,6603.07,6553.21
2016/9/7,6583.67,6596.06,6607.97,6571.37
2016/9/6,6542.42,6476.89,6542.46,6468.12
2016/9/5,6476.68,6379.5,6483.67,6379.5
2016/9/2,6366.24,6338.42,6378.13,6338.38
2016/9/1,6319.9,6289.05,6329.5,6271.44
2016/8/31,6311.56,6357.37,6359.63,6305.36
2016/8/30,6347.79,6295.42,6351.72,6295.42
2016/8/29,6300.28,6300.55,6307.18,6279.68
2016/8/26,6285.07,6259.43,6303.41,6259.43
2016/8/25,6256.84,6274.67,6281.87,6249.91
2016/8/24,6296.41,6329.66,6341,6267.79
2016/8/23,6328.13,6348.81,6348.95,6301.69
2016/8/22,6364.74,6359.75,6374.58,6316.4
2016/8/19,6352.17,6364,6394,6333.47
2016/8/18,6366.7,6305.01,6404.01,6303.98
2016/8/17,6302.73,6335.43,6357.3,6290.33
2016/8/16,6339.97,6327.97,6381.16,6320.75
2016/8/15,6318.18,6257.5,6333.35,6256.57
2016/8/12,6208.21,6159.29,6218.84,6159.29
2016/8/11,6127.26,6085.6,6143.2,6074.39
2016/8/10,6067.76,6062.54,6094.29,6046.5
2016/8/9,6060.47,6053.36,6062.39,6038.9
2016/8/8,6048.46,5965.91,6048.48,5965.91
2016/8/5,5951.71,5889.01,5961.1,5889.01
2016/8/4,5882.71,5867.57,5902.82,5867.57
2016/8/3,5866.89,5941.03,5941.03,5866.1
2016/8/2,5942.9,5942.9,5942.9,5942.9
2016/8/1,5939.49,5878.32,5962.05,5878.12
2016/7/29,5895.3,5967.49,5971.24,5890.97
2016/7/28,5967.59,5976.78,5976.78,5933.28
2016/7/27,5977.99,5957.21,5990.37,5928.57
2016/7/26,5940.94,5932.74,5982.07,5906.28
2016/7/25,5940.2,5934.2,5963.7,5910.9
2016/7/22,5931.08,5946.28,5946.28,5916.23
2016/7/21,5950.9,5922.66,5971.71,5922.66
2016/7/20,5907.58,5874.58,5912.97,5868.96
2016/7/19,5879.1,5919.25,5919.38,5871.64
2016/7/18,5901.51,5887.7,5904.71,5866.39
2016/7/15,5895.47,5877.73,5916.87,5869.91
2016/7/14,5863.91,5819.6,5868.21,5799
2016/7/13,5831.63,5809.46,5854.95,5809.46
2016/7/12,5808.34,5738.96,5808.77,5738.96
2016/7/11,5697.74,5621.11,5709.33,5621.11
2016/7/8,5625.63,5649.1,5649.1,5608.21
2016/7/7,5639.61,5584.7,5644.4,5584.66
2016/7/6,5592.8,5658.43,5658.43,5563.05
2016/7/5,5669.04,5736.78,5736.81,5666.37
2016/7/4,5737.51,5686.17,5757.89,5686.17
2016/7/1,5686.13,5686.13,5686.13,5686.13
2016/6/30,5666.62,5580.98,5669.82,5580.98
2016/6/29,5557.44,5514.89,5563.31,5514.89
2016/6/28,5488.46,5498.74,5498.74,5432.32
2016/6/27,5525.83,5521.92,5544.41,5468.97
2016/6/24,5553.6,5662.87,5691.11,5442.28
2016/6/23,5653.23,5654.93,5660.74,5627.63
2016/6/22,5653.15,5617.3,5657.06,5579.6
2016/6/21,5618.1,5573.16,5622.92,5573.16
2016/6/20,5554.5,5495.65,5558.87,5495.65
2016/6/17,5514.55,5485.77,5533.97,5485.77
2016/6/16,5478.43,5572.29,5572.45,5463.82
2016/6/15,5574.84,5538.7,5592.78,5495.28
2016/6/14,5529.51,5548.46,5555.89,5520.44
2016/6/13,5554.89,5663.79,5663.79,5533.29
2016/6/10,5692.08,5777,5777.3,5686.65
2016/6/9,5776.57,5776.57,5776.57,5776.57
2016/6/8,5796.95,5807.18,5807.69,5774.67
2016/6/7,5821.07,5738.39,5824.04,5738.39
2016/6/6,5721.28,5695.95,5722.05,5671.16
2016/6/3,5702.94,5691.36,5725.04,5688.75
2016/6/2,5688.8,5678.8,5693.83,5656.96
2016/6/1,5720.58,5708.05,5749.82,5707.92
2016/5/31,5726.34,5672.18,5760.44,5672.18
2016/5/30,5675.95,5657.63,5707.06,5634.39
2016/5/27,5639.71,5578.23,5649.7,5557.4
2016/5/26,5565.27,5567.89,5569.62,5532.46
2016/5/25,5586.27,5468.85,5590.83,5468.85
2016/5/24,5447.5,5452.88,5457.37,5420.99
2016/5/23,5453.28,5447.87,5496.6,5440.8
2016/5/20,5442.25,5411.77,5473.29,5395.89
2016/5/19,5417.77,5471.08,5471.59,5411.06
2016/5/18,5476.93,5533.93,5533.93,5451.47
2016/5/17,5538.33,5477.8,5547.18,5474.01
2016/5/16,5454.81,5411.94,5484.95,5405.21
2016/5/13,5417.85,5468.45,5469.11,5398.13
2016/5/12,5475.38,5502.42,5508.18,5454.18
2016/5/11,5507.46,5522.72,5557.92,5485.59
2016/5/10,5519.26,5504.97,5524.97,5459.45
2016/5/9,5516.53,5521.71,5564.98,5511
2016/5/6,5521.69,5603.4,5603.4,5513.4
2016/5/5,5595.09,5634.36,5634.36,5581.88
2016/5/4,5632.73,5653.06,5653.06,5598.08
2016/5/3,5664.49,5755.96,5755.96,5659.62
2016/5/2,5755.81,5755.81,5755.81,5755.81
2016/4/29,5762.4,5834.99,5834.99,5754.46
2016/4/28,5839.66,5828.72,5898.1,5812.34
2016/4/27,5832.62,5840.87,5853.7,5801.44
2016/4/26,5846.74,5835.18,5855.92,5767.59
2016/4/25,5843.38,5907.76,5907.76,5829.91
2016/4/22,5914,5968.82,5968.82,5886.61
2016/4/21,5973.28,5892.5,5982.21,5892.5
2016/4/20,5887.35,5968.76,5972.37,5844.32
2016/4/19,5966.68,5913.47,5975.11,5913.47
2016/4/18,5912.32,5954.85,5954.85,5864.98
2016/4/15,5964.28,5967.26,5982.42,5935.15
2016/4/14,5965.65,5942.11,6023.84,5942.11
2016/4/13,5923.33,5761.06,5925.81,5761.06
2016/4/12,5749.61,5729.13,5751.25,5721.01
2016/4/11,5725.81,5687.35,5745.64,5655.91
2016/4/8,5684.11,5667.62,5684.12,5607.31
2016/4/7,5675.71,5653.19,5700.9,5640.27
2016/4/6,5642.32,5627.88,5649.68,5614.01
2016/4/5,5640.06,5710.23,5710.23,5603.9
2016/4/4,5711.17,5712.11,5712.11,5711.17
2016/4/1,5712.85,5781.79,5790.13,5688.63
2016/3/31,5781.6,5760.78,5789.66,5739.92
2016/3/30,5754.05,5650.2,5756.92,5650.2
2016/3/29,5632.17,5632.79,5646.49,5604.53
2016/3/28,5631.73,5631.73,5631.73,5631.73
2016/3/24,5635.87,5702.48,5702.48,5613.31
2016/3/23,5713.39,5727.02,5742.3,5674.95
2016/3/22,5725.46,5733.55,5753.17,5702.32
2016/3/21,5726.03,5708.24,5748.95,5704.25
2016/3/18,5696.52,5624.52,5701.4,5624.52
2016/3/17,5619.99,5538.25,5642.75,5538.25
2016/3/16,5523.73,5547.79,5570.21,5495.98
2016/3/15,5554.22,5607.45,5608.9,5543.12
2016/3/14,5612.01,5543.96,5642.64,5543.96
2016/3/11,5519.77,5434.67,5522.04,5420.47
2016/3/10,5443.5,5458.44,5507.94,5420.8
2016/3/9,5448.88,5484.6,5484.62,5405.07
2016/3/8,5497.12,5543.72,5544.41,5446.11
2016/3/7,5544.95,5518.86,5596.77,5518.79
2016/3/4,5510.31,5436.76,5514.39,5436.76
2016/3/3,5440,5445.34,5476.83,5396.77
2016/3/2,5447.27,5290.04,5462.47,5290.04
2016/3/1,5267.99,5178.16,5270.01,5178.16
2016/2/29,5173.48,5244.61,5246.07,5150.58
2016/2/26,5229.57,5128.74,5246.73,5128.74
2016/2/25,5142.77,5236.13,5239.51,5131.86
2016/2/24,5231.99,5289.4,5289.4,5199.07
2016/2/23,5306.67,5330.13,5350.02,5290.03
2016/2/22,5314.82,5274.09,5329.19,5274.02
2016/2/19,5263.89,5281.17,5281.17,5238.34
2016/2/18,5286.74,5157.24,5292.58,5157.24
2016/2/17,5146.03,5197.76,5251.98,5142.03
2016/2/16,5160.49,5083.9,5204.89,5083.89
2016/2/15,5083.92,4914.14,5087.93,4914.14
2016/2/12,4896.67,4963.57,4963.57,4894.76
2016/2/11,4975.37,5149.95,5149.95,4953.23
2016/2/10,5180.01,5180.01,5180.01,5180.01
2016/2/9,5174.95,5174.95,5174.95,5174.95
2016/2/8,5177.85,5177.85,5177.85,5177.85
2016/2/5,5215.13,5187.17,5239.89,5187.17
2016/2/4,5179.99,5130.11,5208.33,5130.11
2016/2/3,5140.1,5245.48,5245.48,5098.22
2016/2/2,5263.84,5294.91,5303.44,5243.01
2016/2/1,5299.36,5317.11,5336.77,5258.54
2016/1/29,5305.82,5186.16,5313.65,5173.84
2016/1/28,5198.44,5165.86,5210.51,5138.64
2016/1/27,5178.03,5145.21,5228.06,5130.23
2016/1/26,5148.95,5283.41,5283.49,5131.53
2016/1/25,5289.98,5220.32,5318.08,5220.32
2016/1/22,5217.77,5063.12,5236.02,5063.09
2016/1/21,5049.26,5152.48,5238.58,5048.13
2016/1/20,5162.18,5349.57,5349.57,5130.36
2016/1/19,5342.24,5209.16,5349.87,5209.16
2016/1/18,5208.37,5254.26,5266.73,5185.79
2016/1/15,5282.19,5375.69,5383.61,5281.25
2016/1/14,5356.67,5379.28,5379.28,5270.85
2016/1/13,5401.24,5356.76,5492.3,5356.76
2016/1/12,5339.94,5386.84,5450.02,5334.32
2016/1/11,5394.75,5570.69,5570.69,5390.4
2016/1/8,5580.94,5535.37,5620.77,5527.45
2016/1/7,5570.48,5776,5776,5563.69
2016/1/6,5783.33,5822.67,5823.39,5766.32
2016/1/5,5809.11,5856.5,5894.39,5774.38
2016/1/4,5887.92,6065.67,6065.67,5865.41
2015/12/31,6070.58,6050.64,6075.86,6050.55
2015/12/30,6062.65,6124.98,6133.1,6056
2015/12/29,6101.12,6093.67,6110.52,6081.98
2015/12/28,6102.64,6163.8,6170.7,6095.97
2015/12/24,6169.71,6145.57,6189.46,6145.57
2015/12/23,6144.36,6087.53,6156.57,6083.8
2015/12/22,6071.36,6068.01,6083.68,6053.64
2015/12/21,6063.13,6008.49,6089.01,6008.48
2015/12/18,6041.93,6077.24,6079.05,6016.54
2015/12/17,6086.53,6041.41,6134.61,6041.27
2015/12/16,6028.3,5928.45,6055.79,5928.45
2015/12/15,5911.68,5895.43,5960.93,5882.73
2015/12/14,5890.02,5823.12,5909.18,5799.76
2015/12/11,5946.99,6026.42,6032.14,5942.47
2015/12/10,6023.29,6055.42,6095.46,6009.56
2015/12/9,6081.75,6111.12,6112.38,6078.31
2015/12/8,6115.11,6183.45,6183.45,6078.89
2015/12/7,6183.27,6195.59,6224.58,6183.08
2015/12/4,6181.59,6238.53,6238.53,6154.62
2015/12/3,6258.48,6277.1,6277.1,6238.45
2015/12/2,6274.13,6242.1,6293.25,6229.09
2015/12/1,6242.4,6213.23,6273.61,6195.02
2015/11/30,6150.09,6164.98,6207.3,6103.08
2015/11/27,6166.06,6304.89,6312.7,6156.9
2015/11/26,6304.62,6372.25,6388.97,6289.76
2015/11/25,6323.79,6343.81,6353.25,6308.11
2015/11/24,6343.55,6365.7,6365.7,6297.74
2015/11/23,6365.82,6391,6415.76,6355.52
2015/11/20,6390.92,6326.84,6403.25,6303.2
2015/11/19,6326.97,6244.22,6343.18,6244.22
2015/11/18,6242.11,6245.27,6280.48,6234.95
2015/11/17,6244.12,6183.13,6330.44,6183.13
2015/11/16,6182.36,6295.32,6295.32,6167.05
2015/11/13,6296.37,6426.04,6426.04,6273.73
2015/11/12,6426.72,6303.43,6454.97,6303.43
2015/11/11,6301.97,6325.98,6343.75,6288.53
2015/11/10,6325.87,6429.17,6429.17,6310.15
2015/11/9,6430.18,6479.06,6513.5,6422.51
2015/11/6,6484.85,6505.6,6505.6,6452.79
2015/11/5,6511.07,6498.82,6555.55,6471.47
2015/11/4,6500.23,6355.76,6562.44,6354.87
2015/11/3,6347.1,6302.02,6393.56,6302.02
2015/11/2,6300.87,6364.91,6380.3,6285.63
2015/10/30,6365.56,6387.87,6412.05,6336.19
2015/10/29,6387.68,6450.67,6481.88,6376.38
2015/10/28,6444.04,6518.16,6518.16,6429.75
2015/10/27,6517.84,6526.79,6526.79,6433.84
2015/10/26,6529.85,6526.7,6611,6498.64
2015/10/23,6524.16,6448.02,6548.92,6448.02
2015/10/22,6444.72,6491.45,6491.45,6404.19
2015/10/20,6491.93,6510.44,6511.45,6427.88
2015/10/19,6509.88,6480.03,6512.43,6448.87
2015/10/16,6481.15,6448.32,6531.07,6448.32
2015/10/15,6447.32,6317.58,6470.44,6317.58
2015/10/14,6316.68,6324.47,6377.01,6306.8
2015/10/13,6381.63,6425.25,6447.82,6350.61
2015/10/12,6424.74,6332.86,6447.17,6332.86
2015/10/9,6332.15,6285.49,6431.07,6285.49
2015/10/8,6285.17,6368.47,6374.85,6242.18
2015/10/7,6368.73,6131.19,6370.38,6124.54
2015/10/6,6131.3,6131.78,6221.28,6092.57
2015/10/5,6131.26,6037.82,6174.67,6037.82
2015/10/2,6034.49,5836.56,6045.97,5836.56
2015/9/30,5836.23,5725.08,5864.04,5725.08
2015/9/29,5723.02,5901.79,5901.79,5652.31
2015/9/25,5901.56,5889.18,5936.53,5831.8
2015/9/24,5889.92,5923.79,5944.91,5867.03
2015/9/23,5923.99,6080.71,6080.71,5838.47
2015/9/22,6080.93,6077.46,6171.94,6070.36
2015/9/21,6077.22,6039,6079.78,6022.6
2015/9/18,6126.71,6077.75,6159.64,6077.75
2015/9/17,6078.17,6072.97,6185.19,6048.1
2015/9/16,6071.74,5933.89,6122.72,5933.75
2015/9/15,5933.47,5949.13,5992,5915.49
2015/9/14,5951.48,5951.4,6030.66,5916.02
2015/9/11,5950.51,5973.77,6090.61,5948.02
2015/9/10,5972.75,6099.56,6099.56,5929.82
2015/9/9,6100.57,5861.17,6129.2,5861.17
2015/9/8,5860.76,5655.18,5909.81,5648.01
2015/9/7,5654.38,5700.47,5793.68,5653.41
2015/9/4,5702.96,5736.06,5803.45,5654.29
2015/9/2,5735.82,5803.26,5870.73,5663.56
2015/9/1,5803.71,5972.9,5972.9,5799.16
2015/8/31,5976.29,6020.49,6077.26,5913.27
2015/8/28,6020.36,6061.97,6208.61,6009.37
2015/8/27,6061.81,5773.7,6093.52,5773.7
2015/8/26,5773.87,5832.43,5970.78,5755.82
2015/8/25,5832.56,5822.05,6008.93,5697.33
2015/8/24,5830.45,6201.43,6201.43,5777.21
2015/8/21,6204.61,6321.41,6321.41,6142.38
2015/8/20,6323.55,6467.82,6467.82,6286.58
2015/8/19,6468.47,6537.31,6580.93,6432.75
2015/8/18,6537.47,6646.52,6727.39,6523.16
2015/8/17,6646.84,6685.35,6686.29,6582.69
2015/8/14,6686.57,6694.22,6725.05,6674.61
2015/8/13,6692.16,6647.35,6744.2,6639.73
2015/8/12,6647.79,6812.79,6812.79,6603.01
2015/8/11,6812.9,6835.4,6969.67,6795.69
2015/8/10,6824.51,6765.95,6852.72,6682.39
2015/8/7,6766.06,6700.68,6804.46,6697.9
2015/8/6,6700.46,6735.1,6735.38,6673.78
2015/8/5,6731.84,6698.01,6758.3,6696.69
2015/8/4,6699.44,6679.64,6726.1,6627.17
2015/8/3,6683.28,6744.38,6744.38,6632.94
2015/7/31,6767.18,6740.36,6785.07,6724.54
2015/7/30,6740.47,6779.01,6850.32,6732.93
2015/7/29,6778.91,6732.23,6814.22,6709.18
2015/7/28,6731.93,6734.45,6888.92,6641.45
2015/7/27,6737.04,7031.74,7031.74,6706.28
2015/7/24,7036.62,7124.34,7124.34,7018.92
2015/7/23,7124.59,7077.78,7134.69,7051.23
2015/7/22,7077.98,7165.51,7165.51,7022.02
2015/7/21,7167.29,7090.58,7184.22,7069.41
2015/7/20,7090.05,7104.08,7159.12,7060.41
2015/7/17,7103.14,7016.05,7145.23,7016.05
2015/7/16,7013.36,6963.36,7014.02,6875.1
2015/7/15,6963.36,7063,7067.71,6907.8
2015/7/14,7049.81,7109.29,7121.34,6984.26
2015/7/13,7108.68,7013.46,7125.42,6945.74
2015/7/10,7015.1,6857.04,7076.04,6857.04
2015/7/9,6788.98,6442.02,6910.82,6408.36
2015/7/8,6442.23,6884.36,6885.15,6243.56
2015/7/7,6884.81,7102.41,7151.9,6856.55
2015/7/6,7102.16,7403.97,7517.85,6899.24
2015/7/3,7404.26,7525.02,7546.85,7364.78
2015/7/2,7524.73,7594.09,7619.64,7493.52
2015/6/30,7594.78,7469.77,7654.71,7418.76
2015/6/29,7467.65,7694.53,7718.45,7306.28
2015/6/26,7700.01,7847.7,7847.7,7644.91
2015/6/25,7888.64,7987.04,7988.42,7880.37
2015/6/24,7992.92,7936.71,8002.7,7936.71
2015/6/23,7936.12,7805.36,7964.13,7805.36
2015/6/22,7805.28,7741.22,7826.25,7729.4
2015/6/19,7701.24,7739.99,7849.96,7693.84
2015/6/18,7737.21,7786.76,7810.74,7726.62
2015/6/17,7786.69,7706.56,7820.13,7692.93
2015/6/16,7703.48,7879.14,7879.14,7700.08
2015/6/15,7878.26,8044.3,8044.3,7873.42
2015/6/12,8044.59,7905.58,8053.65,7905.58
2015/6/11,7903.7,7947.51,7965.02,7875.83
2015/6/10,7845.56,7958.49,8006.23,7835.73
2015/6/9,7954.85,8118.71,8119.02,7931.97
2015/6/8,8115.71,8080.82,8161.77,8024.85
2015/6/5,8080.99,8168.65,8211.15,8067.1
2015/6/4,8170,8194.98,8284.49,8019.41
2015/6/3,8196.25,8215.23,8246.05,8165.47
2015/6/2,8212.22,8267.69,8267.69,8168.1
2015/6/1,8269.19,8142.91,8326.33,8096.03
2015/5/29,8172.05,8235.01,8248.89,8119.81
2015/5/28,8218.41,8466.22,8479.12,8122.14
2015/5/27,8458.28,8501.13,8507.37,8420.41
2015/5/26,8500.5,8356.53,8584.66,8356.53
2015/5/22,8355.78,8218.12,8359.78,8218.12
2015/5/21,8218.1,8277.97,8278.16,8195.62
2015/5/20,8277.71,8341.57,8379.12,8247.37
2015/5/19,8341.76,8250.71,8366.23,8238.13
2015/5/18,8250.83,8307.13,8308.3,8190.96
2015/5/15,8306.98,8194.92,8343.88,8152.35
2015/5/14,8194.28,8198.84,8252.32,8174
2015/5/13,8199.48,8242.31,8289.18,8181.53
2015/5/12,8242.44,8351.07,8353.07,8236.85
2015/5/11,8350.95,8258.89,8386.13,8258.89
2015/5/8,8258.31,8205.4,8285.35,8161.11
2015/5/7,8106.76,8275.51,8275.51,8078.02
2015/5/6,8277.1,8354.41,8432.29,8245.84
2015/5/5,8356.47,8513.87,8577.44,8293.08
2015/5/4,8513.46,8502.01,8588.87,8479.78
2015/4/30,8501.77,8595.85,8596.12,8444.69
2015/4/29,8596.46,8651.89,8651.89,8528.97
2015/4/28,8651.27,8669.53,8706.76,8573.46
2015/4/27,8668.21,8549.75,8701.88,8549.75
2015/4/24,8549.44,8545.39,8600.59,8388.43
2015/4/23,8545.55,8669.87,8712.39,8532.94
2015/4/22,8591.42,8479.84,8612.16,8461.51
2015/4/21,8480.32,8232.07,8494.84,8232.07
2015/4/20,8231.66,8464.35,8508.06,8183.14
2015/4/17,8465.55,8497.67,8613.57,8459.84
2015/4/16,8497.76,8386.36,8506.36,8333.83
2015/4/15,8387.27,8327.83,8456.91,8315.03
2015/4/14,8327.14,8536.77,8536.77,8308.87
2015/4/13,8551.6,8246.61,8554.48,8246.61
2015/4/10,8246.19,8143.99,8284.38,8061.06
2015/4/9,8143.9,8181.42,8599.77,8083.11
2015/4/8,7940.72,7494.24,7943.85,7494.24
2015/4/2,7489.06,7387.2,7495.38,7387.2
2015/4/1,7387.07,7314.63,7391.82,7314.63
2015/3/31,7288.05,7245.37,7402.05,7245.37
2015/3/30,7246.87,7056.9,7293.82,7056.9
2015/3/27,7054.9,7050.8,7063.97,7023.3
2015/3/26,7050.36,7079.23,7087.54,7031.08
2015/3/25,7078.59,7082.31,7122.33,7060.05
2015/3/24,7082.26,7132.85,7132.85,7045.39
2015/3/23,7131.49,7098,7157.04,7098
2015/3/20,7097.91,7112.02,7154.93,7083.21
2015/3/19,7113.68,7033.26,7123.52,7033.26
2015/3/18,7033.26,6961.06,7063.05,6960.87
2015/3/17,6958.17,6954.6,7005.56,6934.99
2015/3/16,6953,6889.65,6963.39,6860.4
2015/3/13,6890.04,6847.68,6926.32,6847.14
2015/3/12,6849.18,6794.3,6888.21,6794.17
2015/3/11,6793.11,6816.4,6867.83,6789.51
2015/3/10,6844.93,6939.54,6939.6,6838.83
2015/3/9,6939.29,6931.64,6967.09,6858.13
2015/3/6,6931.58,6934.99,6964.34,6913.82
2015/3/5,6931.96,6957.69,7001.64,6910.7
2015/3/4,6957.78,7031.83,7034.7,6953.09
2015/3/3,7032,7141.31,7153.49,7017.24
2015/3/2,7141.27,7124.16,7195.67,7104.8
2015/2/27,7119.17,7145.18,7184.75,7119.17
2015/2/26,7147.58,7076.26,7156.05,7053.47
2015/2/25,7076.27,7090.43,7100.46,7046.11
2015/2/24,7063.53,7053.5,7071.54,7038.64
2015/2/23,7053.6,7047.46,7060.19,6989.51
2015/2/18,7047.54,7035.66,7057.14,7035.66
2015/2/17,7035.77,7014.58,7054.97,6992.56
2015/2/16,7013.89,7008.36,7029.51,7001.29
2015/2/13,7011.03,6937.03,7017.16,6937.03
2015/2/12,6936.63,6863.19,6949.12,6842.87
2015/2/11,6863.32,6901.5,6933.33,6861.71
2015/2/10,6901.29,6882.35,6928.7,6874.26
2015/2/9,6883.11,6933,6933.11,6859.66
2015/2/6,6934.55,6989.32,7005.84,6918.68
2015/2/5,6989.43,6965.85,7104.24,6958.01
2015/2/4,6959.57,6933.46,7009.19,6933.46
2015/2/3,6933.82,6862.83,6936.1,6835.36
2015/2/2,6863.47,6826.06,6866.17,6806.11
2015/1/30,6894.03,6930.68,6979.21,6876.8
2015/1/29,6930.22,7019,7019.38,6896.12
2015/1/28,7020.09,7023.3,7074.48,7005.77
2015/1/27,7024.59,7099.67,7121.44,6990.8
2015/1/26,7099.64,7099.22,7119.03,7053.5
2015/1/23,7099.11,7009.26,7113.09,7009.26
2015/1/22,7006.87,6984.76,7061.99,6984.76
2015/1/21,6983.5,6814.78,6990.84,6813.95
2015/1/20,6814.86,6706.59,6827.55,6706.59
2015/1/19,6705.73,6914.1,6914.1,6630.06
2015/1/16,6914.25,6947.42,6965.55,6893.71
2015/1/15,6990.97,6920.18,6998.25,6884.02
2015/1/14,6919.32,6952.77,7000.23,6896.52
2015/1/13,6953.13,6907.62,6970.31,6863.14
2015/1/12,6912.32,6949.98,6965.69,6867.4
2015/1/9,6950,6910.26,7051.26,6910.26
2015/1/8,6910.41,6856.48,6946.96,6856.45
2015/1/7,6856.38,6805.04,6877.13,6781.09
2015/1/6,6804.76,6856.56,6858.29,6755.84
2015/1/5,6857.95,6868.84,6945.02,6819.56
2015/1/2,6869.07,6750.88,6869.36,6750.88