,company,official_class
0,000001.SZ,60101
1,000002.SZ,60501
2,000004.SZ,70101
3,000005.SZ,20107
4,000006.SZ,60501
5,000007.SZ,60502
6,000008.SZ,20106
7,000009.SZ,20105
8,000010.SZ,20103
9,000011.SZ,60501
10,000012.SZ,10103
11,000014.SZ,60501
12,000016.SZ,30201
13,000017.SZ,30202
14,000019.SZ,40101
15,000020.SZ,70202
16,000021.SZ,70201
17,000023.SZ,10103
18,000025.SZ,30102
19,000026.SZ,30504
20,000027.SZ,90101
21,000028.SZ,50202
22,000029.SZ,60501
23,000030.SZ,30101
24,000031.SZ,60501
25,000032.SZ,70202
26,000034.SZ,70202
27,000035.SZ,20107
28,000036.SZ,60502
29,000037.SZ,90101
30,000038.SZ,30401
31,000039.SZ,20106
32,000040.SZ,90101
33,000042.SZ,60501
34,000045.SZ,70202
35,000046.SZ,60501
36,000048.SZ,40204
37,000049.SZ,20104
38,000050.SZ,70202
39,000055.SZ,20102
40,000056.SZ,60502
41,000058.SZ,20201
42,000059.SZ,102
43,000060.SZ,10105
44,000061.SZ,20201
45,000062.SZ,20201
46,000063.SZ,80201
47,000065.SZ,20103
48,000066.SZ,70201
49,000068.SZ,20107
50,000069.SZ,60501
51,000070.SZ,80201
52,000078.SZ,50202
53,000088.SZ,20304
54,000089.SZ,20305
55,000090.SZ,20103
56,000096.SZ,102
57,000099.SZ,20301
58,000100.SZ,30201
59,000150.SZ,50102
60,000151.SZ,20201
61,000153.SZ,50202
62,000155.SZ,10102
63,000156.SZ,30401
64,000157.SZ,20106
65,000158.SZ,30203
66,000159.SZ,102
67,000166.SZ,60301
68,000301.SZ,10102
69,000333.SZ,30201
70,000338.SZ,20106
71,000400.SZ,20104
72,000401.SZ,10103
73,000402.SZ,60501
74,000403.SZ,50201
75,000404.SZ,20106
76,000407.SZ,90102
77,000408.SZ,10102
78,000409.SZ,10106
79,000410.SZ,20106
80,000411.SZ,50202
81,000413.SZ,70202
82,000415.SZ,20201
83,000416.SZ,60202
84,000417.SZ,30503
85,000419.SZ,30503
86,000420.SZ,10102
87,000421.SZ,90102
88,000422.SZ,10102
89,000423.SZ,50202
90,000425.SZ,20106
91,000426.SZ,10105
92,000428.SZ,30301
93,000429.SZ,20305
94,000430.SZ,30301
95,000488.SZ,10108
96,000498.SZ,20103
97,000501.SZ,30503
98,000502.SZ,60501
99,000503.SZ,70101
100,000504.SZ,20107
101,000505.SZ,40204
102,000506.SZ,10105
103,000507.SZ,20305
104,000509.SZ,20102
105,000510.SZ,10101
106,000513.SZ,50202
107,000514.SZ,60501
108,000516.SZ,50102
109,000517.SZ,60501
110,000518.SZ,50201
111,000519.SZ,20101
112,000520.SZ,20303
113,000521.SZ,30201
114,000523.SZ,40301
115,000524.SZ,30301
116,000525.SZ,10102
117,000526.SZ,30302
118,000528.SZ,20106
119,000529.SZ,40202
120,000530.SZ,20106
121,000531.SZ,90101
122,000532.SZ,70202
123,000533.SZ,20104
124,000534.SZ,50202
125,000536.SZ,70202
126,000537.SZ,60501
127,000538.SZ,50202
128,000539.SZ,90101
129,000540.SZ,60501
130,000541.SZ,30201
131,000543.SZ,90101
132,000544.SZ,20107
133,000545.SZ,10102
134,000546.SZ,10103
135,000547.SZ,20101
136,000548.SZ,20305
137,000550.SZ,30102
138,000551.SZ,20105
139,000552.SZ,103
140,000553.SZ,10102
141,000554.SZ,102
142,000555.SZ,70102
143,000557.SZ,20304
144,000558.SZ,60501
145,000559.SZ,30101
146,000560.SZ,60502
147,000561.SZ,80201
148,000563.SZ,60201
149,000564.SZ,30503
150,000565.SZ,10102
151,000566.SZ,50202
152,000567.SZ,60301
153,000568.SZ,40201
154,000570.SZ,20106
155,000571.SZ,103
156,000572.SZ,30102
157,000573.SZ,60501
158,000576.SZ,10108
159,000581.SZ,30101
160,000582.SZ,20305
161,000584.SZ,20106
162,000585.SZ,20104
163,000586.SZ,80201
164,000587.SZ,30204
165,000589.SZ,30101
166,000590.SZ,50202
167,000591.SZ,90101
168,000592.SZ,10108
169,000593.SZ,90102
170,000595.SZ,20106
171,000596.SZ,40201
172,000597.SZ,50202
173,000598.SZ,90104
174,000599.SZ,30101
175,000600.SZ,90101
176,000601.SZ,90101
177,000603.SZ,10105
178,000605.SZ,90104
179,000606.SZ,70101
180,000607.SZ,30401
181,000608.SZ,60502
182,000609.SZ,60501
183,000610.SZ,30301
184,000611.SZ,30203
185,000612.SZ,10105
186,000613.SZ,30301
187,000615.SZ,60501
188,000616.SZ,60501
189,000617.SZ,60201
190,000619.SZ,20102
191,000620.SZ,60501
192,000622.SZ,30101
193,000623.SZ,50202
194,000625.SZ,30102
195,000626.SZ,20201
196,000627.SZ,60401
197,000628.SZ,20103
198,000629.SZ,10105
199,000630.SZ,10105
200,000631.SZ,60501
201,000632.SZ,20201
202,000633.SZ,10105
203,000635.SZ,10101
204,000636.SZ,70202
205,000637.SZ,102
206,000638.SZ,50102
207,000639.SZ,40202
208,000650.SZ,50202
209,000651.SZ,30201
210,000652.SZ,20201
211,000655.SZ,10106
212,000656.SZ,60501
213,000657.SZ,10105
214,000659.SZ,10104
215,000661.SZ,50201
216,000662.SZ,70102
217,000663.SZ,30201
218,000665.SZ,30401
219,000666.SZ,60301
220,000667.SZ,60501
221,000668.SZ,60501
222,000669.SZ,90102
223,000670.SZ,70301
224,000671.SZ,60501
225,000672.SZ,10103
226,000673.SZ,30401
227,000676.SZ,70101
228,000677.SZ,10102
229,000678.SZ,30101
230,000679.SZ,30503
231,000680.SZ,20106
232,000681.SZ,30401
233,000682.SZ,20104
234,000683.SZ,10101
235,000685.SZ,90104
236,000686.SZ,60301
237,000687.SZ,20101
238,000688.SZ,10105
239,000690.SZ,90101
240,000691.SZ,60501
241,000692.SZ,90103
242,000695.SZ,20201
243,000697.SZ,20101
244,000698.SZ,10101
245,000700.SZ,30101
246,000701.SZ,20201
247,000702.SZ,40204
248,000703.SZ,10102
249,000705.SZ,50202
250,000707.SZ,10101
251,000708.SZ,10106
252,000709.SZ,10106
253,000710.SZ,50201
254,000711.SZ,20103
255,000712.SZ,60301
256,000713.SZ,40204
257,000715.SZ,30503
258,000716.SZ,40202
259,000717.SZ,10106
260,000718.SZ,60501
261,000719.SZ,30401
262,000720.SZ,90101
263,000721.SZ,30301
264,000722.SZ,90101
265,000723.SZ,103
266,000725.SZ,70202
267,000726.SZ,30203
268,000727.SZ,70202
269,000728.SZ,60301
270,000729.SZ,40201
271,000731.SZ,10102
272,000732.SZ,60501
273,000733.SZ,70202
274,000735.SZ,40204
275,000736.SZ,60501
276,000737.SZ,40301
277,000738.SZ,20101
278,000739.SZ,50202
279,000750.SZ,60301
280,000751.SZ,10105
281,000752.SZ,40201
282,000753.SZ,30102
283,000755.SZ,20305
284,000756.SZ,50202
285,000757.SZ,30102
286,000758.SZ,10105
287,000759.SZ,40101
288,000760.SZ,30101
289,000761.SZ,10106
290,000762.SZ,10105
291,000766.SZ,50202
292,000767.SZ,90101
293,000768.SZ,20101
294,000776.SZ,60301
295,000777.SZ,20106
296,000778.SZ,10106
297,000779.SZ,20201
298,000780.SZ,103
299,000782.SZ,10102
300,000783.SZ,60301
301,000785.SZ,30503
302,000786.SZ,10103
303,000788.SZ,50202
304,000789.SZ,10103
305,000790.SZ,50202
306,000791.SZ,90101
307,000792.SZ,10102
308,000793.SZ,30401
309,000795.SZ,10105
310,000796.SZ,30301
311,000797.SZ,60501
312,000798.SZ,40204
313,000799.SZ,40201
314,000800.SZ,30102
315,000801.SZ,30201
316,000802.SZ,30401
317,000803.SZ,20104
318,000806.SZ,20104
319,000807.SZ,10105
320,000809.SZ,20103
321,000810.SZ,30201
322,000811.SZ,20106
323,000812.SZ,20201
324,000813.SZ,50202
325,000815.SZ,10108
326,000816.SZ,20106
327,000818.SZ,10101
328,000819.SZ,10102
329,000820.SZ,20107
330,000821.SZ,20106
331,000822.SZ,10101
332,000823.SZ,70202
333,000825.SZ,10106
334,000826.SZ,20107
335,000828.SZ,20305
336,000829.SZ,30504
337,000830.SZ,10102
338,000831.SZ,10105
339,000833.SZ,20105
340,000835.SZ,70101
341,000836.SZ,80201
342,000837.SZ,20106
343,000838.SZ,60501
344,000839.SZ,30401
345,000848.SZ,40201
346,000850.SZ,30203
347,000851.SZ,70202
348,000852.SZ,101
349,000856.SZ,20106
350,000858.SZ,40201
351,000859.SZ,10102
352,000860.SZ,40201
353,000861.SZ,60502
354,000862.SZ,90101
355,000863.SZ,60501
356,000868.SZ,30102
357,000869.SZ,40201
358,000875.SZ,90101
359,000876.SZ,40204
360,000877.SZ,10103
361,000878.SZ,10105
362,000880.SZ,20106
363,000881.SZ,10101
364,000882.SZ,60502
365,000883.SZ,90101
366,000885.SZ,20305
367,000886.SZ,60501
368,000887.SZ,30101
369,000888.SZ,30301
370,000889.SZ,80102
371,000890.SZ,10106
372,000892.SZ,30401
373,000893.SZ,40202
374,000895.SZ,40202
375,000897.SZ,60501
376,000898.SZ,10106
377,000899.SZ,90101
378,000900.SZ,20305
379,000901.SZ,30101
380,000902.SZ,10102
381,000903.SZ,20106
382,000905.SZ,20305
383,000906.SZ,20201
384,000908.SZ,50202
385,000909.SZ,60501
386,000910.SZ,10108
387,000911.SZ,40202
388,000912.SZ,10102
389,000913.SZ,30102
390,000915.SZ,50202
391,000917.SZ,30401
392,000918.SZ,60501
393,000919.SZ,50202
394,000920.SZ,10102
395,000921.SZ,30201
396,000922.SZ,20104
397,000923.SZ,10106
398,000925.SZ,20107
399,000926.SZ,60501
400,000927.SZ,30102
401,000928.SZ,20103
402,000929.SZ,40201
403,000930.SZ,40204
404,000931.SZ,50202
405,000932.SZ,10106
406,000933.SZ,10105
407,000935.SZ,10103
408,000936.SZ,10102
409,000937.SZ,103
410,000938.SZ,70102
411,000939.SZ,90101
412,000948.SZ,70102
413,000949.SZ,10102
414,000950.SZ,50202
415,000951.SZ,20106
416,000952.SZ,50202
417,000953.SZ,10102
418,000955.SZ,30203
419,000957.SZ,30102
420,000958.SZ,60201
421,000959.SZ,10106
422,000960.SZ,10105
423,000961.SZ,60501
424,000962.SZ,10105
425,000963.SZ,50202
426,000965.SZ,60501
427,000966.SZ,90101
428,000967.SZ,20107
429,000968.SZ,102
430,000969.SZ,10105
431,000970.SZ,70202
432,000971.SZ,70101
433,000972.SZ,40202
434,000973.SZ,10102
435,000975.SZ,10105
436,000976.SZ,20106
437,000977.SZ,70201
438,000978.SZ,30301
439,000980.SZ,30101
440,000981.SZ,30101
441,000982.SZ,30203
442,000983.SZ,103
443,000985.SZ,10102
444,000987.SZ,60301
445,000988.SZ,70202
446,000989.SZ,50202
447,000990.SZ,10102
448,000993.SZ,90101
449,000995.SZ,40201
450,000996.SZ,30102
451,000997.SZ,70103
452,000998.SZ,40204
453,000999.SZ,50202
454,001696.SZ,30101
455,001872.SZ,20305
456,001896.SZ,90101
457,001914.SZ,60501
458,001965.SZ,20305
459,001979.SZ,60501
460,002001.SZ,50202
461,002002.SZ,10101
462,002003.SZ,30203
463,002004.SZ,10102
464,002005.SZ,30201
465,002006.SZ,20106
466,002007.SZ,50201
467,002008.SZ,70202
468,002009.SZ,20106
469,002010.SZ,10102
470,002011.SZ,20106
471,002012.SZ,10108
472,002013.SZ,20101
473,002014.SZ,10104
474,002015.SZ,90101
475,002016.SZ,60501
476,002017.SZ,70202
477,002019.SZ,50202
478,002020.SZ,50202
479,002021.SZ,20106
480,002022.SZ,50201
481,002023.SZ,20101
482,002024.SZ,30504
483,002025.SZ,20101
484,002026.SZ,20106
485,002027.SZ,30401
486,002028.SZ,20104
487,002029.SZ,30203
488,002030.SZ,50201
489,002031.SZ,30101
490,002032.SZ,30201
491,002033.SZ,30301
492,002034.SZ,20107
493,002035.SZ,30201
494,002036.SZ,70202
495,002037.SZ,10102
496,002038.SZ,50201
497,002039.SZ,90101
498,002040.SZ,20305
499,002041.SZ,40204
500,002042.SZ,30203
501,002043.SZ,10108
502,002044.SZ,50102
503,002045.SZ,30201
504,002046.SZ,20106
505,002047.SZ,20103
506,002048.SZ,30101
507,002049.SZ,70301
508,002050.SZ,20106
509,002051.SZ,20103
510,002052.SZ,80201
511,002053.SZ,40202
512,002054.SZ,10102
513,002055.SZ,70202
514,002056.SZ,20104
515,002057.SZ,10105
516,002058.SZ,20106
517,002059.SZ,30301
518,002060.SZ,20103
519,002061.SZ,20103
520,002062.SZ,20103
521,002063.SZ,70103
522,002064.SZ,10102
523,002065.SZ,70102
524,002066.SZ,10107
525,002067.SZ,10108
526,002068.SZ,10102
527,002069.SZ,40204
528,002071.SZ,30401
529,002072.SZ,70101
530,002073.SZ,20106
531,002074.SZ,20104
532,002075.SZ,10106
533,002076.SZ,70202
534,002077.SZ,60501
535,002078.SZ,10108
536,002079.SZ,70301
537,002080.SZ,10102
538,002081.SZ,20103
539,002082.SZ,10105
540,002083.SZ,30203
541,002084.SZ,30201
542,002085.SZ,30101
543,002086.SZ,40204
544,002087.SZ,30203
545,002088.SZ,10103
546,002089.SZ,80201
547,002090.SZ,20104
548,002091.SZ,20201
549,002092.SZ,10101
550,002093.SZ,70102
551,002094.SZ,40302
552,002095.SZ,70101
553,002096.SZ,10102
554,002097.SZ,20106
555,002098.SZ,30203
556,002099.SZ,50202
557,002100.SZ,40204
558,002101.SZ,30101
559,002102.SZ,50202
560,002103.SZ,30401
561,002104.SZ,70202
562,002105.SZ,30202
563,002106.SZ,70202
564,002107.SZ,50202
565,002108.SZ,10102
566,002109.SZ,10101
567,002110.SZ,10106
568,002111.SZ,20106
569,002112.SZ,20104
570,002113.SZ,70101
571,002114.SZ,10105
572,002115.SZ,80201
573,002116.SZ,20103
574,002117.SZ,20201
575,002118.SZ,50202
576,002119.SZ,70301
577,002120.SZ,20301
578,002121.SZ,20104
579,002122.SZ,20106
580,002123.SZ,70101
581,002124.SZ,40204
582,002125.SZ,10101
583,002126.SZ,30101
584,002127.SZ,20201
585,002128.SZ,103
586,002129.SZ,20104
587,002130.SZ,20104
588,002131.SZ,30401
589,002132.SZ,10106
590,002133.SZ,60501
591,002134.SZ,70202
592,002135.SZ,20103
593,002136.SZ,10102
594,002137.SZ,70101
595,002138.SZ,70202
596,002139.SZ,70202
597,002140.SZ,20103
598,002141.SZ,20104
599,002142.SZ,60101
600,002144.SZ,30203
601,002145.SZ,10102
602,002146.SZ,60501
603,002147.SZ,60501
604,002148.SZ,80102
605,002149.SZ,10105
606,002150.SZ,20106
607,002151.SZ,80201
608,002152.SZ,70201
609,002153.SZ,70103
610,002154.SZ,30203
611,002155.SZ,10105
612,002156.SZ,70301
613,002157.SZ,40204
614,002158.SZ,20106
615,002159.SZ,30301
616,002160.SZ,10105
617,002161.SZ,70202
618,002162.SZ,20102
619,002163.SZ,20103
620,002164.SZ,20301
621,002165.SZ,10101
622,002166.SZ,50201
623,002167.SZ,10105
624,002168.SZ,20104
625,002169.SZ,20104
626,002170.SZ,10102
627,002171.SZ,10105
628,002172.SZ,10102
629,002173.SZ,50102
630,002174.SZ,70101
631,002175.SZ,30401
632,002176.SZ,20104
633,002177.SZ,70201
634,002178.SZ,20201
635,002179.SZ,70202
636,002180.SZ,70301
637,002181.SZ,30401
638,002182.SZ,10105
639,002183.SZ,20301
640,002184.SZ,20104
641,002185.SZ,70301
642,002186.SZ,30301
643,002187.SZ,30503
644,002188.SZ,30401
645,002189.SZ,70202
646,002190.SZ,30101
647,002191.SZ,20201
648,002192.SZ,20104
649,002193.SZ,30203
650,002194.SZ,80201
651,002195.SZ,70101
652,002196.SZ,20106
653,002197.SZ,70201
654,002198.SZ,50202
655,002199.SZ,70202
656,002200.SZ,20103
657,002201.SZ,10102
658,002202.SZ,20104
659,002203.SZ,10105
660,002204.SZ,20106
661,002205.SZ,20102
662,002206.SZ,10102
663,002207.SZ,101
664,002208.SZ,60501
665,002209.SZ,20106
666,002210.SZ,20301
667,002211.SZ,10102
668,002212.SZ,20104
669,002213.SZ,30101
670,002214.SZ,70202
671,002215.SZ,10102
672,002216.SZ,40202
673,002217.SZ,70202
674,002218.SZ,20104
675,002219.SZ,50102
676,002220.SZ,40204
677,002221.SZ,102
678,002222.SZ,70202
679,002223.SZ,50101
680,002224.SZ,10102
681,002225.SZ,10107
682,002226.SZ,10102
683,002227.SZ,20104
684,002228.SZ,10104
685,002229.SZ,20201
686,002230.SZ,70103
687,002231.SZ,80201
688,002232.SZ,70102
689,002233.SZ,10103
690,002234.SZ,40204
691,002235.SZ,10108
692,002236.SZ,70202
693,002237.SZ,10105
694,002238.SZ,30401
695,002239.SZ,30101
696,002240.SZ,10108
697,002241.SZ,70202
698,002242.SZ,30201
699,002243.SZ,10104
700,002244.SZ,60501
701,002245.SZ,20301
702,002246.SZ,10102
703,002247.SZ,70101
704,002248.SZ,20106
705,002249.SZ,20106
706,002250.SZ,10102
707,002251.SZ,30503
708,002252.SZ,50201
709,002253.SZ,70103
710,002254.SZ,10102
711,002255.SZ,20107
712,002256.SZ,10102
713,002258.SZ,10102
714,002259.SZ,90102
715,002260.SZ,30201
716,002261.SZ,70101
717,002262.SZ,50202
718,002263.SZ,10102
719,002264.SZ,40101
720,002265.SZ,30101
721,002266.SZ,20104
722,002267.SZ,90102
723,002268.SZ,70102
724,002269.SZ,30203
725,002270.SZ,20104
726,002271.SZ,10103
727,002272.SZ,20106
728,002273.SZ,70202
729,002274.SZ,10102
730,002275.SZ,50202
731,002276.SZ,20104
732,002277.SZ,30503
733,002278.SZ,101
734,002279.SZ,70103
735,002280.SZ,70103
736,002281.SZ,80201
737,002282.SZ,20106
738,002283.SZ,30101
739,002284.SZ,30101
740,002285.SZ,60502
741,002286.SZ,40202
742,002287.SZ,50202
743,002288.SZ,70202
744,002289.SZ,70202
745,002290.SZ,30201
746,002291.SZ,30203
747,002292.SZ,30202
748,002293.SZ,30203
749,002294.SZ,50202
750,002295.SZ,10105
751,002296.SZ,80201
752,002297.SZ,20101
753,002298.SZ,20104
754,002299.SZ,40204
755,002300.SZ,20104
756,002301.SZ,20201
757,002302.SZ,10103
758,002303.SZ,10104
759,002304.SZ,40201
760,002305.SZ,60501
761,002306.SZ,30301
762,002307.SZ,20103
763,002308.SZ,70202
764,002309.SZ,20104
765,002310.SZ,20103
766,002311.SZ,40204
767,002312.SZ,10102
768,002313.SZ,80201
769,002314.SZ,60501
770,002315.SZ,70101
771,002316.SZ,80201
772,002317.SZ,50202
773,002318.SZ,10106
774,002319.SZ,10102
775,002320.SZ,20303
776,002321.SZ,40204
777,002322.SZ,70103
778,002323.SZ,20103
779,002324.SZ,10102
780,002325.SZ,20103
781,002326.SZ,10101
782,002327.SZ,30203
783,002328.SZ,30101
784,002329.SZ,40202
785,002330.SZ,40202
786,002331.SZ,70102
787,002332.SZ,50202
788,002333.SZ,20102
789,002334.SZ,20104
790,002335.SZ,20104
791,002336.SZ,40101
792,002337.SZ,20106
793,002338.SZ,70202
794,002339.SZ,20104
795,002340.SZ,10105
796,002341.SZ,20107
797,002342.SZ,20106
798,002343.SZ,30401
799,002344.SZ,20201
800,002345.SZ,30204
801,002346.SZ,20104
802,002347.SZ,20106
803,002348.SZ,30202
804,002349.SZ,50202
805,002350.SZ,20104
806,002351.SZ,30201
807,002352.SZ,20301
808,002353.SZ,101
809,002354.SZ,70101
810,002355.SZ,30101
811,002356.SZ,30204
812,002357.SZ,20305
813,002358.SZ,20104
814,002359.SZ,80102
815,002360.SZ,10102
816,002361.SZ,10102
817,002362.SZ,30201
818,002363.SZ,30101
819,002364.SZ,20104
820,002365.SZ,50202
821,002366.SZ,20104
822,002367.SZ,20106
823,002368.SZ,70102
824,002369.SZ,80201
825,002370.SZ,50202
826,002371.SZ,70301
827,002372.SZ,20102
828,002373.SZ,70102
829,002374.SZ,20103
830,002375.SZ,20103
831,002376.SZ,70201
832,002377.SZ,60502
833,002378.SZ,10105
834,002379.SZ,10105
835,002380.SZ,70102
836,002381.SZ,10102
837,002382.SZ,50101
838,002383.SZ,80201
839,002384.SZ,70202
840,002385.SZ,40204
841,002386.SZ,10101
842,002387.SZ,70202
843,002388.SZ,70202
844,002389.SZ,20101
845,002390.SZ,50202
846,002391.SZ,10102
847,002392.SZ,10107
848,002393.SZ,50202
849,002394.SZ,30203
850,002395.SZ,10102
851,002396.SZ,80201
852,002397.SZ,30203
853,002398.SZ,10103
854,002399.SZ,50202
855,002400.SZ,30401
856,002401.SZ,70102
857,002402.SZ,70202
858,002403.SZ,30201
859,002404.SZ,30203
860,002405.SZ,70103
861,002406.SZ,30101
862,002407.SZ,10101
863,002408.SZ,10101
864,002409.SZ,10102
865,002410.SZ,70103
866,002411.SZ,50202
867,002412.SZ,50202
868,002413.SZ,20101
869,002414.SZ,70202
870,002415.SZ,70201
871,002416.SZ,30504
872,002417.SZ,70102
873,002418.SZ,30201
874,002419.SZ,30503
875,002420.SZ,30201
876,002421.SZ,70102
877,002422.SZ,50202
878,002423.SZ,60201
879,002424.SZ,50202
880,002425.SZ,70101
881,002426.SZ,30201
882,002427.SZ,10102
883,002428.SZ,10105
884,002429.SZ,30201
885,002430.SZ,20106
886,002431.SZ,20103
887,002432.SZ,50101
888,002433.SZ,50202
889,002434.SZ,30101
890,002435.SZ,50202
891,002436.SZ,70202
892,002437.SZ,50202
893,002438.SZ,20106
894,002439.SZ,70101
895,002440.SZ,10102
896,002441.SZ,20201
897,002442.SZ,10102
898,002443.SZ,10106
899,002444.SZ,20106
900,002445.SZ,30401
901,002446.SZ,80201
902,002447.SZ,70101
903,002448.SZ,30101
904,002449.SZ,70202
905,002450.SZ,10102
906,002451.SZ,20104
907,002452.SZ,20104
908,002453.SZ,70102
909,002454.SZ,30101
910,002455.SZ,10102
911,002456.SZ,70202
912,002457.SZ,20102
913,002458.SZ,40204
914,002459.SZ,20104
915,002460.SZ,10105
916,002461.SZ,40201
917,002462.SZ,50202
918,002463.SZ,70202
919,002464.SZ,70101
920,002465.SZ,80201
921,002466.SZ,10105
922,002467.SZ,80102
923,002468.SZ,20301
924,002469.SZ,20103
925,002470.SZ,10102
926,002471.SZ,20104
927,002472.SZ,30101
928,002473.SZ,30201
929,002474.SZ,70102
930,002475.SZ,70202
931,002476.SZ,10102
932,002478.SZ,10106
933,002479.SZ,20107
934,002480.SZ,20106
935,002481.SZ,40204
936,002482.SZ,20103
937,002483.SZ,20106
938,002484.SZ,70202
939,002485.SZ,30203
940,002486.SZ,30203
941,002487.SZ,20104
942,002488.SZ,30101
943,002489.SZ,30202
944,002490.SZ,101
945,002491.SZ,80201
946,002492.SZ,102
947,002493.SZ,10102
948,002494.SZ,30203
949,002495.SZ,40202
950,002496.SZ,10102
951,002497.SZ,10102
952,002498.SZ,20104
953,002499.SZ,90101
954,002500.SZ,60301
955,002501.SZ,10105
956,002502.SZ,30401
957,002503.SZ,30203
958,002504.SZ,20103
959,002505.SZ,40101
960,002506.SZ,20104
961,002507.SZ,40202
962,002508.SZ,30201
963,002509.SZ,20106
964,002510.SZ,30101
965,002511.SZ,40301
966,002512.SZ,30201
967,002513.SZ,10102
968,002514.SZ,20106
969,002515.SZ,40202
970,002516.SZ,30203
971,002517.SZ,70101
972,002518.SZ,20104
973,002519.SZ,80201
974,002520.SZ,20106
975,002521.SZ,10108
976,002522.SZ,10102
977,002523.SZ,20106
978,002524.SZ,50102
979,002526.SZ,20106
980,002527.SZ,20106
981,002528.SZ,70202
982,002529.SZ,20106
983,002530.SZ,70101
984,002531.SZ,20104
985,002532.SZ,20106
986,002533.SZ,20104
987,002534.SZ,20107
988,002535.SZ,20106
989,002536.SZ,30101
990,002537.SZ,30101
991,002538.SZ,10102
992,002539.SZ,10102
993,002540.SZ,30101
994,002541.SZ,20102
995,002542.SZ,20103
996,002543.SZ,30201
997,002544.SZ,70102
998,002545.SZ,20102
999,002546.SZ,20104
1000,002547.SZ,80201
1001,002548.SZ,40204
1002,002549.SZ,10101
1003,002550.SZ,50201
1004,002551.SZ,50101
1005,002552.SZ,20106
1006,002553.SZ,30101
1007,002554.SZ,101
1008,002555.SZ,70101
1009,002556.SZ,20201
1010,002557.SZ,40202
1011,002558.SZ,70101
1012,002559.SZ,20106
1013,002560.SZ,20104
1014,002561.SZ,30503
1015,002562.SZ,50202
1016,002563.SZ,30203
1017,002564.SZ,20103
1018,002565.SZ,10108
1019,002566.SZ,50202
1020,002567.SZ,40204
1021,002568.SZ,40201
1022,002569.SZ,30203
1023,002570.SZ,40202
1024,002571.SZ,30201
1025,002572.SZ,30201
1026,002573.SZ,20107
1027,002574.SZ,30204
1028,002575.SZ,30202
1029,002576.SZ,20104
1030,002577.SZ,70201
1031,002578.SZ,10105
1032,002579.SZ,70202
1033,002580.SZ,20104
1034,002581.SZ,50201
1035,002582.SZ,40202
1036,002583.SZ,80201
1037,002584.SZ,10102
1038,002585.SZ,10102
1039,002586.SZ,20103
1040,002587.SZ,70202
1041,002588.SZ,10102
1042,002589.SZ,50202
1043,002590.SZ,30101
1044,002591.SZ,10102
1045,002592.SZ,30101
1046,002593.SZ,30101
1047,002594.SZ,30102
1048,002595.SZ,20106
1049,002596.SZ,10103
1050,002597.SZ,10101
1051,002598.SZ,20106
1052,002599.SZ,20201
1053,002600.SZ,70202
1054,002601.SZ,10102
1055,002602.SZ,30101
1056,002603.SZ,50202
1057,002604.SZ,40202
1058,002605.SZ,30202
1059,002606.SZ,20104
1060,002607.SZ,30302
1061,002608.SZ,90101
1062,002609.SZ,70102
1063,002610.SZ,20104
1064,002611.SZ,20104
1065,002612.SZ,30203
1066,002613.SZ,10103
1067,002614.SZ,30201
1068,002615.SZ,30201
1069,002616.SZ,30201
1070,002617.SZ,20104
1071,002618.SZ,70202
1072,002619.SZ,70101
1073,002620.SZ,20103
1074,002621.SZ,30302
1075,002622.SZ,20104
1076,002623.SZ,20104
1077,002624.SZ,70101
1078,002625.SZ,30101
1079,002626.SZ,50202
1080,002627.SZ,30102
1081,002628.SZ,20103
1082,002629.SZ,101
1083,002630.SZ,20104
1084,002631.SZ,10108
1085,002632.SZ,10102
1086,002633.SZ,20106
1087,002634.SZ,30203
1088,002635.SZ,70201
1089,002636.SZ,70202
1090,002637.SZ,10102
1091,002638.SZ,70202
1092,002639.SZ,20106
1093,002640.SZ,30504
1094,002641.SZ,10103
1095,002642.SZ,70102
1096,002643.SZ,10102
1097,002644.SZ,50202
1098,002645.SZ,20106
1099,002646.SZ,40201
1100,002647.SZ,60201
1101,002648.SZ,10101
1102,002649.SZ,70102
1103,002650.SZ,40202
1104,002651.SZ,20106
1105,002652.SZ,20102
1106,002653.SZ,50202
1107,002654.SZ,30401
1108,002655.SZ,70202
1109,002656.SZ,30504
1110,002657.SZ,70102
1111,002658.SZ,70202
1112,002659.SZ,30302
1113,002660.SZ,70202
1114,002661.SZ,40202
1115,002662.SZ,30101
1116,002663.SZ,20103
1117,002664.SZ,30101
1118,002665.SZ,20104
1119,002666.SZ,10102
1120,002667.SZ,20106
1121,002668.SZ,30201
1122,002669.SZ,10102
1123,002670.SZ,60301
1124,002671.SZ,20102
1125,002672.SZ,20107
1126,002673.SZ,60301
1127,002674.SZ,30203
1128,002675.SZ,50202
1129,002676.SZ,30201
1130,002677.SZ,30201
1131,002678.SZ,30202
1132,002679.SZ,10108
1133,002681.SZ,30201
1134,002682.SZ,20304
1135,002683.SZ,10102
1136,002684.SZ,20104
1137,002685.SZ,20106
1138,002686.SZ,20106
1139,002687.SZ,30203
1140,002688.SZ,50202
1141,002689.SZ,20106
1142,002690.SZ,70202
1143,002691.SZ,20106
1144,002692.SZ,20104
1145,002693.SZ,50201
1146,002694.SZ,20102
1147,002695.SZ,40202
1148,002696.SZ,40204
1149,002697.SZ,40101
1150,002698.SZ,20106
1151,002699.SZ,30203
1152,002700.SZ,102
1153,002701.SZ,10104
1154,002702.SZ,40202
1155,002703.SZ,30101
1156,002705.SZ,30201
1157,002706.SZ,20104
1158,002707.SZ,30301
1159,002708.SZ,30101
1160,002709.SZ,10102
1161,002711.SZ,20301
1162,002712.SZ,30401
1163,002713.SZ,20103
1164,002714.SZ,40204
1165,002715.SZ,30101
1166,002716.SZ,10105
1167,002717.SZ,20103
1168,002718.SZ,20102
1169,002719.SZ,40202
1170,002721.SZ,30204
1171,002722.SZ,30201
1172,002723.SZ,30201
1173,002724.SZ,70202
1174,002725.SZ,30101
1175,002726.SZ,40202
1176,002727.SZ,50202
1177,002728.SZ,50202
1178,002729.SZ,20104
1179,002730.SZ,20104
1180,002731.SZ,30204
1181,002732.SZ,40202
1182,002733.SZ,20104
1183,002734.SZ,10102
1184,002735.SZ,10104
1185,002736.SZ,60301
1186,002737.SZ,50202
1187,002738.SZ,20201
1188,002739.SZ,30401
1189,002740.SZ,30204
1190,002741.SZ,10102
1191,002742.SZ,10103
1192,002743.SZ,20102
1193,002745.SZ,70202
1194,002746.SZ,40204
1195,002747.SZ,20106
1196,002748.SZ,10102
1197,002749.SZ,10102
1198,002750.SZ,50202
1199,002751.SZ,20201
1200,002752.SZ,10104
1201,002753.SZ,10102
1202,002755.SZ,50202
1203,002756.SZ,10106
1204,002757.SZ,20106
1205,002758.SZ,50202
1206,002759.SZ,30201
1207,002760.SZ,20106
1208,002761.SZ,30203
1209,002762.SZ,30203
1210,002763.SZ,30203
1211,002765.SZ,30101
1212,002766.SZ,70103
1213,002767.SZ,70202
1214,002768.SZ,10102
1215,002769.SZ,20301
1216,002770.SZ,40202
1217,002771.SZ,70102
1218,002772.SZ,40204
1219,002773.SZ,50202
1220,002774.SZ,20106
1221,002775.SZ,20103
1222,002776.SZ,30203
1223,002777.SZ,70102
1224,002778.SZ,102
1225,002779.SZ,20106
1226,002780.SZ,30504
1227,002781.SZ,20103
1228,002782.SZ,70202
1229,002783.SZ,10102
1230,002785.SZ,20102
1231,002786.SZ,20106
1232,002787.SZ,10104
1233,002788.SZ,50202
1234,002789.SZ,20103
1235,002790.SZ,30201
1236,002791.SZ,20102
1237,002792.SZ,80201
1238,002793.SZ,20106
1239,002795.SZ,20102
1240,002796.SZ,20106
1241,002797.SZ,60301
1242,002798.SZ,30201
1243,002799.SZ,10104
1244,002800.SZ,20301
1245,002801.SZ,20104
1246,002802.SZ,10101
1247,002803.SZ,10104
1248,002805.SZ,10101
1249,002806.SZ,70202
1250,002807.SZ,60101
1251,002808.SZ,70202
1252,002809.SZ,10102
1253,002810.SZ,10102
1254,002811.SZ,20103
1255,002812.SZ,10104
1256,002813.SZ,70103
1257,002815.SZ,70202
1258,002816.SZ,20106
1259,002817.SZ,50202
1260,002818.SZ,20201
1261,002819.SZ,70202
1262,002820.SZ,40202
1263,002821.SZ,50202
1264,002822.SZ,20103
1265,002823.SZ,20104
1266,002824.SZ,10105
1267,002825.SZ,10102
1268,002826.SZ,50202
1269,002827.SZ,10102
1270,002828.SZ,101
1271,002829.SZ,20101
1272,002830.SZ,30302
1273,002831.SZ,10104
1274,002832.SZ,30203
1275,002833.SZ,20106
1276,002835.SZ,70202
1277,002836.SZ,20201
1278,002837.SZ,20106
1279,002838.SZ,10102
1280,002839.SZ,60101
1281,002840.SZ,40202
1282,002841.SZ,70202
1283,002842.SZ,10105
1284,002843.SZ,20106
1285,002845.SZ,70202
1286,002846.SZ,10104
1287,002847.SZ,40202
1288,002848.SZ,80201
1289,002849.SZ,70202
1290,002850.SZ,20104
1291,002851.SZ,20104
1292,002852.SZ,40202
1293,002853.SZ,30201
1294,002855.SZ,70202
1295,002856.SZ,20103
1296,002857.SZ,20104
1297,002858.SZ,30301
1298,002859.SZ,70202
1299,002860.SZ,20104
1300,002861.SZ,70202
1301,002862.SZ,30202
1302,002863.SZ,30101
1303,002864.SZ,50202
1304,002865.SZ,30101
1305,002866.SZ,70202
1306,002867.SZ,30204
1307,002868.SZ,50202
1308,002869.SZ,70102
1309,002870.SZ,70202
1310,002871.SZ,20106
1311,002872.SZ,50202
1312,002873.SZ,50202
1313,002875.SZ,30203
1314,002876.SZ,70202
1315,002877.SZ,20106
1316,002878.SZ,30401
1317,002879.SZ,20104
1318,002880.SZ,50201
1319,002881.SZ,70202
1320,002882.SZ,20104
1321,002883.SZ,20201
1322,002884.SZ,20106
1323,002885.SZ,70202
1324,002886.SZ,10102
1325,002887.SZ,20103
1326,002888.SZ,30201
1327,002889.SZ,20301
1328,002890.SZ,20106
1329,002891.SZ,40202
1330,002892.SZ,20104
1331,002893.SZ,90103
1332,002895.SZ,10102
1333,002896.SZ,20106
1334,002897.SZ,80201
1335,002898.SZ,50202
1336,002899.SZ,30202
1337,002900.SZ,50202
1338,002901.SZ,50101
1339,002902.SZ,80201
1340,002903.SZ,20106
1341,002905.SZ,30401
1342,002906.SZ,30101
1343,002907.SZ,50202
1344,002908.SZ,70102
1345,002909.SZ,10102
1346,002910.SZ,40202
1347,002911.SZ,90102
1348,002912.SZ,70103
1349,002913.SZ,70202
1350,002915.SZ,10101
1351,002916.SZ,70202
1352,002917.SZ,10102
1353,002918.SZ,20102
1354,002919.SZ,40302
1355,002920.SZ,30101
1356,002921.SZ,30101
1357,002922.SZ,20104
1358,002923.SZ,50202
1359,002925.SZ,30201
1360,002926.SZ,60301
1361,002927.SZ,20104
1362,002928.SZ,20302
1363,002929.SZ,70102
1364,002930.SZ,20201
1365,002931.SZ,20106
1366,002932.SZ,50201
1367,002933.SZ,20101
1368,002935.SZ,20101
1369,002936.SZ,60101
1370,002937.SZ,70202
1371,002938.SZ,70202
1372,002939.SZ,60301
1373,002940.SZ,50202
1374,002941.SZ,20103
1375,002942.SZ,10102
1376,002943.SZ,20106
1377,002945.SZ,60301
1378,002946.SZ,40202
1379,002947.SZ,70202
1380,002948.SZ,60101
1381,002949.SZ,20201
1382,002950.SZ,50101
1383,002951.SZ,20201
1384,002952.SZ,70202
1385,002953.SZ,30201
1386,002955.SZ,70201
1387,002956.SZ,40202
1388,002957.SZ,20106
1389,002958.SZ,60101
1390,002959.SZ,30201
1391,002960.SZ,70202
1392,002961.SZ,60301
1393,002962.SZ,70202
1394,002963.SZ,20103
1395,002965.SZ,30101
1396,002966.SZ,60101
1397,002967.SZ,20201
1398,002968.SZ,60502
1399,002969.SZ,10104
1400,002970.SZ,30101
1401,002971.SZ,10101
1402,002972.SZ,20106
1403,002973.SZ,20107
1404,002975.SZ,70202
1405,002976.SZ,20106
1406,002977.SZ,20101
1407,003816.SZ,90101
1408,200011.SZ,60501
1409,200012.SZ,10103
1410,200016.SZ,30201
1411,200017.SZ,30202
1412,200019.SZ,40101
1413,200020.SZ,70202
1414,200025.SZ,30102
1415,200026.SZ,30504
1416,200028.SZ,50202
1417,200029.SZ,60501
1418,200030.SZ,30101
1419,200037.SZ,90101
1420,200045.SZ,70202
1421,200054.SZ,30102
1422,200055.SZ,20102
1423,200056.SZ,60502
1424,200058.SZ,20201
1425,200152.SZ,20302
1426,200160.SZ,30203
1427,200168.SZ,30204
1428,200413.SZ,70202
1429,200429.SZ,20305
1430,200468.SZ,80201
1431,200488.SZ,10108
1432,200505.SZ,40204
1433,200512.SZ,30201
1434,200521.SZ,30201
1435,200530.SZ,20106
1436,200539.SZ,90101
1437,200541.SZ,30201
1438,200550.SZ,30102
1439,200553.SZ,10102
1440,200570.SZ,20106
1441,200581.SZ,30101
1442,200596.SZ,40201
1443,200613.SZ,30301
1444,200625.SZ,30102
1445,200706.SZ,20106
1446,200725.SZ,70202
1447,200726.SZ,30203
1448,200761.SZ,10106
1449,200771.SZ,20104
1450,200869.SZ,40201
1451,200986.SZ,10108
1452,200992.SZ,40202
1453,201872.SZ,20305
1454,300001.SZ,20104
1455,300002.SZ,70102
1456,300003.SZ,50101
1457,300004.SZ,20106
1458,300005.SZ,30203
1459,300006.SZ,50202
1460,300007.SZ,70202
1461,300008.SZ,20201
1462,300009.SZ,50201
1463,300010.SZ,70102
1464,300011.SZ,20106
1465,300012.SZ,20201
1466,300013.SZ,20301
1467,300014.SZ,20104
1468,300015.SZ,50102
1469,300016.SZ,50202
1470,300017.SZ,70101
1471,300018.SZ,20104
1472,300019.SZ,10102
1473,300020.SZ,70102
1474,300021.SZ,10102
1475,300022.SZ,20201
1476,300023.SZ,60202
1477,300024.SZ,20106
1478,300025.SZ,70102
1479,300026.SZ,50202
1480,300027.SZ,30401
1481,300028.SZ,70201
1482,300029.SZ,20104
1483,300030.SZ,50101
1484,300031.SZ,70101
1485,300032.SZ,70202
1486,300033.SZ,70103
1487,300034.SZ,20101
1488,300035.SZ,20104
1489,300036.SZ,70103
1490,300037.SZ,10102
1491,300038.SZ,70101
1492,300039.SZ,50202
1493,300040.SZ,20104
1494,300041.SZ,10102
1495,300042.SZ,70201
1496,300043.SZ,70101
1497,300044.SZ,70102
1498,300045.SZ,20101
1499,300046.SZ,70301
1500,300047.SZ,70103
1501,300048.SZ,20104
1502,300049.SZ,50101
1503,300050.SZ,70102
1504,300051.SZ,70101
1505,300052.SZ,70101
1506,300053.SZ,70301
1507,300054.SZ,10102
1508,300055.SZ,20107
1509,300056.SZ,20107
1510,300057.SZ,10104
1511,300058.SZ,30401
1512,300059.SZ,60301
1513,300061.SZ,30401
1514,300062.SZ,20104
1515,300063.SZ,30401
1516,300064.SZ,10107
1517,300065.SZ,70202
1518,300066.SZ,70202
1519,300067.SZ,10102
1520,300068.SZ,20104
1521,300069.SZ,20104
1522,300070.SZ,20107
1523,300071.SZ,30401
1524,300072.SZ,10102
1525,300073.SZ,20104
1526,300074.SZ,70102
1527,300075.SZ,70103
1528,300076.SZ,70202
1529,300077.SZ,70301
1530,300078.SZ,70202
1531,300079.SZ,80201
1532,300080.SZ,10107
1533,300081.SZ,70101
1534,300082.SZ,10102
1535,300083.SZ,80201
1536,300084.SZ,101
1537,300085.SZ,70103
1538,300086.SZ,50202
1539,300087.SZ,40204
1540,300088.SZ,70202
1541,300089.SZ,30201
1542,300090.SZ,20107
1543,300091.SZ,20106
1544,300092.SZ,20106
1545,300093.SZ,10103
1546,300094.SZ,40204
1547,300095.SZ,20106
1548,300096.SZ,70102
1549,300097.SZ,20106
1550,300098.SZ,80201
1551,300099.SZ,70202
1552,300100.SZ,30101
1553,300101.SZ,20101
1554,300102.SZ,70202
1555,300103.SZ,20107
1556,300104.SZ,70101
1557,300105.SZ,20104
1558,300106.SZ,40202
1559,300107.SZ,10102
1560,300108.SZ,50202
1561,300109.SZ,10102
1562,300110.SZ,50202
1563,300111.SZ,50202
1564,300112.SZ,70202
1565,300113.SZ,70101
1566,300114.SZ,70202
1567,300115.SZ,70202
1568,300116.SZ,20104
1569,300117.SZ,20102
1570,300118.SZ,20104
1571,300119.SZ,50202
1572,300120.SZ,70202
1573,300121.SZ,10102
1574,300122.SZ,50201
1575,300123.SZ,20101
1576,300124.SZ,20104
1577,300125.SZ,20107
1578,300126.SZ,20106
1579,300127.SZ,70202
1580,300128.SZ,70202
1581,300129.SZ,20104
1582,300130.SZ,70202
1583,300131.SZ,70202
1584,300132.SZ,40302
1585,300133.SZ,30401
1586,300134.SZ,80201
1587,300135.SZ,10103
1588,300136.SZ,80201
1589,300137.SZ,70202
1590,300138.SZ,40204
1591,300139.SZ,70301
1592,300140.SZ,20104
1593,300141.SZ,20104
1594,300142.SZ,50201
1595,300143.SZ,50102
1596,300144.SZ,30301
1597,300145.SZ,20106
1598,300146.SZ,40202
1599,300147.SZ,50202
1600,300148.SZ,30401
1601,300149.SZ,50202
1602,300150.SZ,70102
1603,300151.SZ,20106
1604,300152.SZ,20107
1605,300153.SZ,20104
1606,300154.SZ,20106
1607,300155.SZ,70202
1608,300156.SZ,20107
1609,300157.SZ,101
1610,300158.SZ,50202
1611,300159.SZ,20101
1612,300160.SZ,30201
1613,300161.SZ,20106
1614,300162.SZ,70202
1615,300163.SZ,10103
1616,300164.SZ,101
1617,300165.SZ,70202
1618,300166.SZ,70102
1619,300167.SZ,70102
1620,300168.SZ,70103
1621,300169.SZ,10102
1622,300170.SZ,70102
1623,300171.SZ,20106
1624,300172.SZ,20107
1625,300173.SZ,20106
1626,300174.SZ,10102
1627,300175.SZ,40202
1628,300176.SZ,30101
1629,300177.SZ,20101
1630,300178.SZ,30302
1631,300179.SZ,10107
1632,300180.SZ,10102
1633,300181.SZ,50202
1634,300182.SZ,30401
1635,300183.SZ,70301
1636,300184.SZ,70202
1637,300185.SZ,20106
1638,300187.SZ,20107
1639,300188.SZ,70102
1640,300189.SZ,40204
1641,300190.SZ,20107
1642,300191.SZ,101
1643,300192.SZ,10102
1644,300193.SZ,20106
1645,300194.SZ,50202
1646,300195.SZ,20106
1647,300196.SZ,10102
1648,300197.SZ,20103
1649,300198.SZ,20102
1650,300199.SZ,50202
1651,300200.SZ,10102
1652,300201.SZ,20106
1653,300202.SZ,70202
1654,300203.SZ,20107
1655,300204.SZ,50201
1656,300205.SZ,70202
1657,300206.SZ,50101
1658,300207.SZ,20104
1659,300208.SZ,20104
1660,300209.SZ,70102
1661,300210.SZ,20106
1662,300211.SZ,80201
1663,300212.SZ,70103
1664,300213.SZ,80201
1665,300214.SZ,10102
1666,300215.SZ,20201
1667,300216.SZ,20106
1668,300217.SZ,30201
1669,300218.SZ,10102
1670,300219.SZ,70202
1671,300220.SZ,70202
1672,300221.SZ,10102
1673,300222.SZ,20104
1674,300223.SZ,70301
1675,300224.SZ,10105
1676,300225.SZ,10102
1677,300226.SZ,70101
1678,300227.SZ,70202
1679,300228.SZ,20106
1680,300229.SZ,70103
1681,300230.SZ,10102
1682,300231.SZ,70102
1683,300232.SZ,70202
1684,300233.SZ,50202
1685,300234.SZ,20102
1686,300235.SZ,70103
1687,300236.SZ,10102
1688,300237.SZ,20103
1689,300238.SZ,50101
1690,300239.SZ,50201
1691,300240.SZ,20301
1692,300241.SZ,70202
1693,300242.SZ,30401
1694,300243.SZ,10102
1695,300244.SZ,50102
1696,300245.SZ,70102
1697,300246.SZ,50101
1698,300247.SZ,30201
1699,300248.SZ,70102
1700,300249.SZ,70102
1701,300250.SZ,80201
1702,300251.SZ,30401
1703,300252.SZ,80201
1704,300253.SZ,50102
1705,300254.SZ,50202
1706,300255.SZ,50202
1707,300256.SZ,70202
1708,300257.SZ,20106
1709,300258.SZ,30101
1710,300259.SZ,70202
1711,300260.SZ,20106
1712,300261.SZ,10102
1713,300262.SZ,20107
1714,300263.SZ,20106
1715,300264.SZ,70102
1716,300265.SZ,20104
1717,300266.SZ,20103
1718,300267.SZ,50202
1719,300268.SZ,40202
1720,300269.SZ,30401
1721,300270.SZ,70202
1722,300271.SZ,70102
1723,300272.SZ,30201
1724,300273.SZ,50101
1725,300274.SZ,20104
1726,300275.SZ,70202
1727,300276.SZ,20106
1728,300277.SZ,70102
1729,300278.SZ,20106
1730,300279.SZ,30201
1731,300280.SZ,20106
1732,300281.SZ,20106
1733,300282.SZ,70202
1734,300283.SZ,20104
1735,300284.SZ,20201
1736,300285.SZ,10101
1737,300286.SZ,20104
1738,300287.SZ,70102
1739,300288.SZ,70101
1740,300289.SZ,50201
1741,300290.SZ,70102
1742,300291.SZ,30401
1743,300292.SZ,80201
1744,300293.SZ,20106
1745,300294.SZ,50201
1746,300295.SZ,70101
1747,300296.SZ,70202
1748,300297.SZ,70102
1749,300298.SZ,50101
1750,300299.SZ,70101
1751,300300.SZ,70102
1752,300301.SZ,70202
1753,300302.SZ,70102
1754,300303.SZ,70202
1755,300304.SZ,30101
1756,300305.SZ,10102
1757,300306.SZ,70202
1758,300307.SZ,20106
1759,300308.SZ,70202
1760,300309.SZ,101
1761,300310.SZ,70102
1762,300311.SZ,70101
1763,300312.SZ,80201
1764,300313.SZ,40204
1765,300314.SZ,50101
1766,300315.SZ,70101
1767,300316.SZ,20106
1768,300317.SZ,70202
1769,300318.SZ,50201
1770,300319.SZ,70202
1771,300320.SZ,10102
1772,300321.SZ,10102
1773,300322.SZ,80201
1774,300323.SZ,70202
1775,300324.SZ,70202
1776,300325.SZ,10101
1777,300326.SZ,50101
1778,300327.SZ,70301
1779,300328.SZ,10105
1780,300329.SZ,30202
1781,300330.SZ,70102
1782,300331.SZ,70202
1783,300332.SZ,90102
1784,300333.SZ,70202
1785,300334.SZ,20107
1786,300335.SZ,20107
1787,300336.SZ,30401
1788,300337.SZ,10105
1789,300338.SZ,70202
1790,300339.SZ,70103
1791,300340.SZ,20104
1792,300341.SZ,70202
1793,300342.SZ,30201
1794,300343.SZ,30401
1795,300344.SZ,20201
1796,300345.SZ,20106
1797,300346.SZ,70202
1798,300347.SZ,50102
1799,300348.SZ,70103
1800,300349.SZ,70202
1801,300350.SZ,20301
1802,300351.SZ,70202
1803,300352.SZ,70103
1804,300353.SZ,80201
1805,300354.SZ,70202
1806,300355.SZ,20103
1807,300356.SZ,70202
1808,300357.SZ,50202
1809,300358.SZ,50101
1810,300359.SZ,70101
1811,300360.SZ,70202
1812,300362.SZ,20107
1813,300363.SZ,50202
1814,300364.SZ,70101
1815,300365.SZ,70103
1816,300366.SZ,70102
1817,300367.SZ,70202
1818,300368.SZ,70202
1819,300369.SZ,70103
1820,300370.SZ,70202
1821,300371.SZ,70202
1822,300373.SZ,70301
1823,300374.SZ,20102
1824,300375.SZ,30101
1825,300376.SZ,20104
1826,300377.SZ,70103
1827,300378.SZ,70103
1828,300379.SZ,70103
1829,300380.SZ,70103
1830,300381.SZ,50201
1831,300382.SZ,20106
1832,300383.SZ,70101
1833,300384.SZ,20201
1834,300385.SZ,20107
1835,300386.SZ,70103
1836,300387.SZ,10102
1837,300388.SZ,20107
1838,300389.SZ,70202
1839,300390.SZ,70202
1840,300391.SZ,20104
1841,300392.SZ,30401
1842,300393.SZ,20104
1843,300394.SZ,70202
1844,300395.SZ,70202
1845,300396.SZ,50101
1846,300397.SZ,20101
1847,300398.SZ,10102
1848,300399.SZ,70102
1849,300400.SZ,20106
1850,300401.SZ,50202
1851,300402.SZ,20106
1852,300403.SZ,30201
1853,300404.SZ,50203
1854,300405.SZ,10102
1855,300406.SZ,50201
1856,300407.SZ,20104
1857,300408.SZ,70202
1858,300409.SZ,10102
1859,300410.SZ,70202
1860,300411.SZ,20106
1861,300412.SZ,20106
1862,300413.SZ,30401
1863,300414.SZ,20104
1864,300415.SZ,20106
1865,300416.SZ,70202
1866,300417.SZ,70202
1867,300418.SZ,70101
1868,300419.SZ,70102
1869,300420.SZ,20106
1870,300421.SZ,20106
1871,300422.SZ,20107
1872,300423.SZ,20104
1873,300424.SZ,20101
1874,300425.SZ,20107
1875,300426.SZ,30401
1876,300427.SZ,20104
1877,300428.SZ,30101
1878,300429.SZ,10102
1879,300430.SZ,20106
1880,300431.SZ,70101
1881,300432.SZ,30101
1882,300433.SZ,70202
1883,300434.SZ,50202
1884,300435.SZ,90102
1885,300436.SZ,50202
1886,300437.SZ,10102
1887,300438.SZ,20104
1888,300439.SZ,50201
1889,300440.SZ,70102
1890,300441.SZ,20106
1891,300442.SZ,20106
1892,300443.SZ,20104
1893,300444.SZ,20104
1894,300445.SZ,70202
1895,300446.SZ,70202
1896,300447.SZ,20104
1897,300448.SZ,70102
1898,300449.SZ,70202
1899,300450.SZ,20106
1900,300451.SZ,50102
1901,300452.SZ,50202
1902,300453.SZ,50101
1903,300454.SZ,70103
1904,300455.SZ,70202
1905,300456.SZ,70202
1906,300457.SZ,20106
1907,300458.SZ,70301
1908,300459.SZ,70101
1909,300460.SZ,70202
1910,300461.SZ,20106
1911,300462.SZ,70202
1912,300463.SZ,50201
1913,300464.SZ,30502
1914,300465.SZ,70102
1915,300466.SZ,20106
1916,300467.SZ,70101
1917,300468.SZ,70102
1918,300469.SZ,70102
1919,300470.SZ,20106
1920,300471.SZ,20106
1921,300472.SZ,20106
1922,300473.SZ,30101
1923,300474.SZ,20101
1924,300475.SZ,20106
1925,300476.SZ,70202
1926,300477.SZ,20104
1927,300478.SZ,10102
1928,300479.SZ,70202
1929,300480.SZ,70202
1930,300481.SZ,10102
1931,300482.SZ,50101
1932,300483.SZ,102
1933,300484.SZ,20104
1934,300485.SZ,50202
1935,300486.SZ,20106
1936,300487.SZ,10102
1937,300488.SZ,20106
1938,300489.SZ,10105
1939,300490.SZ,20104
1940,300491.SZ,20104
1941,300492.SZ,20201
1942,300493.SZ,70202
1943,300494.SZ,70101
1944,300495.SZ,20107
1945,300496.SZ,70103
1946,300497.SZ,50202
1947,300498.SZ,40204
1948,300499.SZ,20104
1949,300500.SZ,20201
1950,300501.SZ,10104
1951,300502.SZ,70202
1952,300503.SZ,20106
1953,300504.SZ,80201
1954,300505.SZ,10102
1955,300506.SZ,20103
1956,300507.SZ,30101
1957,300508.SZ,70102
1958,300509.SZ,20106
1959,300510.SZ,20104
1960,300511.SZ,40204
1961,300512.SZ,20106
1962,300513.SZ,70102
1963,300514.SZ,70202
1964,300515.SZ,70202
1965,300516.SZ,70202
1966,300517.SZ,20102
1967,300518.SZ,70101
1968,300519.SZ,50202
1969,300520.SZ,70103
1970,300521.SZ,20106
1971,300522.SZ,10102
1972,300523.SZ,70103
1973,300525.SZ,70103
1974,300526.SZ,30202
1975,300527.SZ,20101
1976,300528.SZ,30401
1977,300529.SZ,50101
1978,300530.SZ,10102
1979,300531.SZ,70202
1980,300532.SZ,70102
1981,300533.SZ,70101
1982,300534.SZ,50202
1983,300535.SZ,10102
1984,300536.SZ,20103
1985,300537.SZ,10102
1986,300538.SZ,20201
1987,300539.SZ,10102
1988,300540.SZ,20106
1989,300541.SZ,70102
1990,300542.SZ,70103
1991,300543.SZ,70202
1992,300545.SZ,20106
1993,300546.SZ,70202
1994,300547.SZ,30101
1995,300548.SZ,80201
1996,300549.SZ,20106
1997,300550.SZ,50102
1998,300551.SZ,70202
1999,300552.SZ,70102
2000,300553.SZ,70202
2001,300554.SZ,20106
2002,300555.SZ,80201
2003,300556.SZ,70103
2004,300557.SZ,70202
2005,300558.SZ,50202
2006,300559.SZ,70103
2007,300560.SZ,70102
2008,300561.SZ,70102
2009,300562.SZ,50101
2010,300563.SZ,80201
2011,300564.SZ,20201
2012,300565.SZ,80201
2013,300566.SZ,70202
2014,300567.SZ,70202
2015,300568.SZ,20104
2016,300569.SZ,20104
2017,300570.SZ,70202
2018,300571.SZ,70101
2019,300572.SZ,70202
2020,300573.SZ,50202
2021,300575.SZ,10102
2022,300576.SZ,10102
2023,300577.SZ,30203
2024,300578.SZ,80102
2025,300579.SZ,70101
2026,300580.SZ,30101
2027,300581.SZ,20101
2028,300582.SZ,70202
2029,300583.SZ,50202
2030,300584.SZ,50202
2031,300585.SZ,30101
2032,300586.SZ,10102
2033,300587.SZ,10102
2034,300588.SZ,70102
2035,300589.SZ,20106
2036,300590.SZ,70202
2037,300591.SZ,30203
2038,300592.SZ,20201
2039,300593.SZ,20104
2040,300594.SZ,20106
2041,300595.SZ,50101
2042,300596.SZ,10102
2043,300597.SZ,70102
2044,300598.SZ,70102
2045,300599.SZ,10102
2046,300600.SZ,20106
2047,300601.SZ,50201
2048,300602.SZ,70202
2049,300603.SZ,70102
2050,300604.SZ,70202
2051,300605.SZ,70102
2052,300606.SZ,10107
2053,300607.SZ,20106
2054,300608.SZ,70103
2055,300609.SZ,70102
2056,300610.SZ,10102
2057,300611.SZ,30101
2058,300612.SZ,30401
2059,300613.SZ,70301
2060,300615.SZ,80201
2061,300616.SZ,30201
2062,300617.SZ,20104
2063,300618.SZ,10105
2064,300619.SZ,20106
2065,300620.SZ,80201
2066,300621.SZ,20103
2067,300622.SZ,30504
2068,300623.SZ,70301
2069,300624.SZ,70103
2070,300625.SZ,30201
2071,300626.SZ,20104
2072,300627.SZ,80201
2073,300628.SZ,80201
2074,300629.SZ,20106
2075,300630.SZ,50202
2076,300631.SZ,20107
2077,300632.SZ,70202
2078,300633.SZ,50101
2079,300634.SZ,70101
2080,300635.SZ,20201
2081,300636.SZ,50202
2082,300637.SZ,10102
2083,300638.SZ,80201
2084,300639.SZ,50201
2085,300640.SZ,30201
2086,300641.SZ,10102
2087,300642.SZ,50201
2088,300643.SZ,30101
2089,300644.SZ,10102
2090,300645.SZ,70102
2091,300647.SZ,70202
2092,300648.SZ,70202
2093,300649.SZ,20201
2094,300650.SZ,30201
2095,300651.SZ,30202
2096,300652.SZ,30101
2097,300653.SZ,50201
2098,300654.SZ,30401
2099,300655.SZ,10102
2100,300656.SZ,70202
2101,300657.SZ,70202
2102,300658.SZ,40301
2103,300659.SZ,70102
2104,300660.SZ,30201
2105,300661.SZ,70301
2106,300662.SZ,20201
2107,300663.SZ,70103
2108,300664.SZ,20107
2109,300665.SZ,10102
2110,300666.SZ,70301
2111,300667.SZ,70202
2112,300668.SZ,20201
2113,300669.SZ,20106
2114,300670.SZ,20104
2115,300671.SZ,70301
2116,300672.SZ,70301
2117,300673.SZ,40202
2118,300674.SZ,70102
2119,300675.SZ,20201
2120,300676.SZ,50201
2121,300677.SZ,50101
2122,300678.SZ,70102
2123,300679.SZ,70202
2124,300680.SZ,30101
2125,300681.SZ,30101
2126,300682.SZ,70103
2127,300683.SZ,50201
2128,300684.SZ,10102
2129,300685.SZ,50201
2130,300686.SZ,70202
2131,300687.SZ,70103
2132,300688.SZ,20201
2133,300689.SZ,70202
2134,300690.SZ,20104
2135,300691.SZ,70202
2136,300692.SZ,20107
2137,300693.SZ,20104
2138,300694.SZ,30101
2139,300695.SZ,30101
2140,300696.SZ,20101
2141,300697.SZ,20104
2142,300698.SZ,80201
2143,300699.SZ,10102
2144,300700.SZ,10107
2145,300701.SZ,70202
2146,300702.SZ,50202
2147,300703.SZ,30202
2148,300705.SZ,50202
2149,300706.SZ,70202
2150,300707.SZ,30101
2151,300708.SZ,70202
2152,300709.SZ,70202
2153,300710.SZ,80201
2154,300711.SZ,20101
2155,300712.SZ,20201
2156,300713.SZ,20104
2157,300715.SZ,10103
2158,300716.SZ,30203
2159,300717.SZ,10102
2160,300718.SZ,20106
2161,300719.SZ,20101
2162,300720.SZ,70202
2163,300721.SZ,10101
2164,300722.SZ,20101
2165,300723.SZ,50202
2166,300724.SZ,20104
2167,300725.SZ,50202
2168,300726.SZ,20101
2169,300727.SZ,10102
2170,300729.SZ,30201
2171,300730.SZ,70102
2172,300731.SZ,80201
2173,300732.SZ,20201
2174,300733.SZ,30101
2175,300735.SZ,70202
2176,300736.SZ,70202
2177,300737.SZ,10103
2178,300738.SZ,70101
2179,300739.SZ,70202
2180,300740.SZ,40302
2181,300741.SZ,40202
2182,300742.SZ,30101
2183,300743.SZ,70201
2184,300745.SZ,30101
2185,300746.SZ,20201
2186,300747.SZ,70202
2187,300748.SZ,10105
2188,300749.SZ,30201
2189,300750.SZ,20104
2190,300751.SZ,20104
2191,300752.SZ,70202
2192,300753.SZ,50101
2193,300755.SZ,30504
2194,300756.SZ,30202
2195,300757.SZ,20104
2196,300758.SZ,10102
2197,300759.SZ,50203
2198,300760.SZ,50101
2199,300761.SZ,40204
2200,300762.SZ,20101
2201,300763.SZ,20104
2202,300765.SZ,40202
2203,300766.SZ,70101
2204,300767.SZ,20102
2205,300768.SZ,70102
2206,300769.SZ,20104
2207,300770.SZ,30401
2208,300771.SZ,70202
2209,300772.SZ,20104
2210,300773.SZ,70101
2211,300775.SZ,20101
2212,300776.SZ,70202
2213,300777.SZ,10102
2214,300778.SZ,20201
2215,300779.SZ,20107
2216,300780.SZ,20106
2217,300781.SZ,30401
2218,300782.SZ,70301
2219,300783.SZ,30502
2220,300785.SZ,70101
2221,300786.SZ,20107
2222,300787.SZ,70202
2223,300788.SZ,30401
2224,300789.SZ,70102
2225,300790.SZ,70202
2226,300791.SZ,40202
2227,300792.SZ,30401
2228,300793.SZ,30201
2229,300795.SZ,20201
2230,300796.SZ,10102
2231,300797.SZ,20201
2232,300798.SZ,10102
2233,300799.SZ,70102
2234,300800.SZ,20107
2235,300801.SZ,10102
2236,300802.SZ,70202
2237,300803.SZ,70103
2238,300805.SZ,30401
2239,300806.SZ,70202
2240,300807.SZ,80201
2241,300808.SZ,30201
2242,300809.SZ,20106
2243,300810.SZ,70102
2244,300811.SZ,20104
2245,300812.SZ,70202
2246,300813.SZ,50101
2247,300815.SZ,20107
2248,300816.SZ,30101
2249,300817.SZ,20106
2250,300818.SZ,20106
2251,300819.SZ,30203
2252,300820.SZ,20104
2253,300821.SZ,10102
2254,300822.SZ,70202
2255,300823.SZ,20106
2256,600000.SH,60101
2257,600004.SH,20305
2258,600006.SH,30102
2259,600007.SH,60502
2260,600008.SH,90104
2261,600009.SH,20305
2262,600010.SH,10106
2263,600011.SH,90101
2264,600012.SH,20305
2265,600015.SH,60101
2266,600016.SH,60101
2267,600017.SH,20305
2268,600018.SH,20305
2269,600019.SH,10106
2270,600020.SH,20305
2271,600021.SH,90101
2272,600022.SH,10106
2273,600023.SH,90101
2274,600025.SH,90101
2275,600026.SH,20303
2276,600027.SH,90101
2277,600028.SH,102
2278,600029.SH,20302
2279,600030.SH,60301
2280,600031.SH,20106
2281,600033.SH,20305
2282,600035.SH,20305
2283,600036.SH,60101
2284,600037.SH,30401
2285,600038.SH,20101
2286,600039.SH,20103
2287,600048.SH,60501
2288,600050.SH,80101
2289,600051.SH,20201
2290,600052.SH,60501
2291,600053.SH,60301
2292,600054.SH,30301
2293,600055.SH,50101
2294,600056.SH,50202
2295,600057.SH,20301
2296,600058.SH,20201
2297,600059.SH,40201
2298,600060.SH,30201
2299,600061.SH,60301
2300,600062.SH,50202
2301,600063.SH,10102
2302,600064.SH,60501
2303,600066.SH,30102
2304,600067.SH,60501
2305,600068.SH,20103
2306,600069.SH,10108
2307,600070.SH,30203
2308,600071.SH,30201
2309,600072.SH,20103
2310,600073.SH,40202
2311,600074.SH,70202
2312,600075.SH,10101
2313,600076.SH,10108
2314,600077.SH,60501
2315,600078.SH,10101
2316,600079.SH,50202
2317,600080.SH,50202
2318,600081.SH,30101
2319,600082.SH,60501
2320,600083.SH,30504
2321,600084.SH,40201
2322,600085.SH,50202
2323,600086.SH,30204
2324,600088.SH,30401
2325,600089.SH,20104
2326,600090.SH,50202
2327,600091.SH,10101
2328,600093.SH,20301
2329,600094.SH,60501
2330,600095.SH,60501
2331,600096.SH,10102
2332,600097.SH,40204
2333,600098.SH,90101
2334,600099.SH,30102
2335,600100.SH,70201
2336,600101.SH,90101
2337,600103.SH,10108
2338,600104.SH,30102
2339,600105.SH,80201
2340,600106.SH,20305
2341,600107.SH,30203
2342,600108.SH,40204
2343,600109.SH,60301
2344,600110.SH,20104
2345,600111.SH,10105
2346,600112.SH,20104
2347,600113.SH,20201
2348,600114.SH,20106
2349,600115.SH,20302
2350,600116.SH,90101
2351,600117.SH,10106
2352,600118.SH,20101
2353,600119.SH,20301
2354,600120.SH,20201
2355,600121.SH,103
2356,600122.SH,30504
2357,600123.SH,103
2358,600125.SH,20304
2359,600126.SH,10106
2360,600127.SH,40204
2361,600128.SH,30501
2362,600129.SH,50202
2363,600130.SH,80201
2364,600131.SH,70102
2365,600132.SH,40201
2366,600133.SH,20103
2367,600135.SH,30202
2368,600136.SH,30401
2369,600137.SH,30203
2370,600138.SH,30301
2371,600139.SH,30102
2372,600141.SH,10101
2373,600143.SH,10102
2374,600145.SH,10103
2375,600146.SH,30203
2376,600148.SH,30101
2377,600149.SH,70102
2378,600150.SH,20106
2379,600151.SH,20104
2380,600152.SH,20104
2381,600153.SH,20301
2382,600155.SH,60301
2383,600156.SH,30203
2384,600157.SH,103
2385,600158.SH,60501
2386,600159.SH,60501
2387,600160.SH,10101
2388,600161.SH,50201
2389,600162.SH,60501
2390,600163.SH,90101
2391,600165.SH,10101
2392,600166.SH,30102
2393,600167.SH,90103
2394,600168.SH,90104
2395,600169.SH,20106
2396,600170.SH,20103
2397,600171.SH,70301
2398,600172.SH,10107
2399,600173.SH,60501
2400,600175.SH,20105
2401,600176.SH,10102
2402,600177.SH,30203
2403,600178.SH,30101
2404,600179.SH,20303
2405,600180.SH,20301
2406,600182.SH,30101
2407,600183.SH,70202
2408,600184.SH,20101
2409,600185.SH,60501
2410,600186.SH,40202
2411,600187.SH,90104
2412,600188.SH,103
2413,600189.SH,10108
2414,600190.SH,20305
2415,600191.SH,40204
2416,600192.SH,20104
2417,600193.SH,20103
2418,600195.SH,50202
2419,600196.SH,50202
2420,600197.SH,40201
2421,600198.SH,80201
2422,600199.SH,40201
2423,600200.SH,20105
2424,600201.SH,50202
2425,600202.SH,20106
2426,600203.SH,70301
2427,600206.SH,10105
2428,600207.SH,20104
2429,600208.SH,60501
2430,600209.SH,20103
2431,600210.SH,10104
2432,600211.SH,50202
2433,600212.SH,90101
2434,600213.SH,30102
2435,600215.SH,60501
2436,600216.SH,50202
2437,600217.SH,20107
2438,600218.SH,20106
2439,600219.SH,10105
2440,600220.SH,30203
2441,600221.SH,20302
2442,600222.SH,50202
2443,600223.SH,60501
2444,600225.SH,60501
2445,600226.SH,10102
2446,600227.SH,50202
2447,600228.SH,10101
2448,600229.SH,30401
2449,600230.SH,10102
2450,600231.SH,10106
2451,600232.SH,30203
2452,600233.SH,20301
2453,600234.SH,60502
2454,600235.SH,10108
2455,600236.SH,90101
2456,600237.SH,70202
2457,600238.SH,40201
2458,600239.SH,60501
2459,600241.SH,20201
2460,600242.SH,70101
2461,600243.SH,20106
2462,600246.SH,60501
2463,600247.SH,20201
2464,600248.SH,20103
2465,600249.SH,40301
2466,600250.SH,20201
2467,600251.SH,40204
2468,600252.SH,50202
2469,600255.SH,10105
2470,600256.SH,102
2471,600257.SH,40204
2472,600258.SH,30301
2473,600259.SH,10105
2474,600260.SH,80201
2475,600261.SH,30201
2476,600262.SH,20106
2477,600265.SH,10108
2478,600266.SH,60501
2479,600267.SH,50202
2480,600268.SH,20104
2481,600269.SH,20305
2482,600271.SH,70202
2483,600272.SH,50202
2484,600273.SH,10101
2485,600275.SH,40204
2486,600276.SH,50202
2487,600277.SH,10101
2488,600278.SH,20201
2489,600279.SH,20305
2490,600280.SH,30503
2491,600281.SH,20201
2492,600282.SH,10106
2493,600283.SH,90104
2494,600284.SH,20103
2495,600285.SH,50202
2496,600287.SH,20201
2497,600288.SH,70202
2498,600289.SH,70103
2499,600290.SH,20104
2500,600291.SH,60401
2501,600292.SH,20107
2502,600293.SH,70202
2503,600295.SH,10105
2504,600297.SH,30102
2505,600298.SH,40202
2506,600299.SH,50202
2507,600300.SH,40201
2508,600301.SH,10101
2509,600302.SH,20106
2510,600303.SH,30102
2511,600305.SH,40202
2512,600306.SH,30503
2513,600307.SH,10106
2514,600308.SH,10108
2515,600309.SH,10101
2516,600310.SH,90101
2517,600311.SH,10105
2518,600312.SH,20104
2519,600313.SH,20201
2520,600315.SH,40302
2521,600316.SH,20101
2522,600317.SH,20305
2523,600318.SH,60202
2524,600319.SH,10101
2525,600320.SH,20106
2526,600321.SH,20102
2527,600322.SH,60501
2528,600323.SH,20107
2529,600325.SH,60501
2530,600326.SH,10103
2531,600327.SH,30102
2532,600328.SH,10101
2533,600329.SH,50202
2534,600330.SH,70202
2535,600331.SH,10105
2536,600332.SH,50202
2537,600333.SH,90102
2538,600335.SH,30102
2539,600336.SH,30201
2540,600337.SH,30504
2541,600338.SH,10105
2542,600339.SH,101
2543,600340.SH,60501
2544,600343.SH,20106
2545,600345.SH,80201
2546,600346.SH,10102
2547,600348.SH,103
2548,600350.SH,20305
2549,600351.SH,50202
2550,600352.SH,10102
2551,600353.SH,70202
2552,600354.SH,40204
2553,600355.SH,80201
2554,600356.SH,10108
2555,600358.SH,30401
2556,600359.SH,40204
2557,600360.SH,70301
2558,600361.SH,40101
2559,600362.SH,10105
2560,600363.SH,70202
2561,600365.SH,30502
2562,600366.SH,10105
2563,600367.SH,10101
2564,600368.SH,20305
2565,600369.SH,60301
2566,600370.SH,30203
2567,600371.SH,40204
2568,600372.SH,20101
2569,600373.SH,30401
2570,600375.SH,20106
2571,600376.SH,60501
2572,600377.SH,20305
2573,600378.SH,10102
2574,600379.SH,20104
2575,600380.SH,50202
2576,600381.SH,40202
2577,600382.SH,20201
2578,600383.SH,60501
2579,600385.SH,30204
2580,600386.SH,30102
2581,600387.SH,102
2582,600388.SH,20107
2583,600389.SH,10102
2584,600390.SH,60201
2585,600391.SH,20101
2586,600392.SH,10105
2587,600393.SH,60501
2588,600395.SH,103
2589,600396.SH,90101
2590,600397.SH,103
2591,600398.SH,30203
2592,600399.SH,10106
2593,600400.SH,30203
2594,600403.SH,103
2595,600405.SH,20104
2596,600406.SH,20104
2597,600408.SH,10106
2598,600409.SH,10101
2599,600410.SH,70102
2600,600415.SH,20201
2601,600416.SH,20104
2602,600418.SH,30102
2603,600419.SH,40202
2604,600420.SH,50202
2605,600421.SH,20201
2606,600422.SH,50202
2607,600423.SH,10102
2608,600425.SH,10103
2609,600426.SH,10102
2610,600428.SH,20303
2611,600429.SH,40202
2612,600433.SH,10108
2613,600435.SH,20101
2614,600436.SH,50202
2615,600438.SH,40204
2616,600439.SH,40302
2617,600444.SH,20106
2618,600446.SH,70103
2619,600448.SH,30203
2620,600449.SH,10103
2621,600452.SH,90105
2622,600455.SH,30302
2623,600456.SH,10105
2624,600458.SH,10102
2625,600459.SH,10105
2626,600460.SH,70301
2627,600461.SH,90104
2628,600462.SH,20301
2629,600463.SH,20103
2630,600466.SH,60501
2631,600467.SH,40204
2632,600468.SH,20104
2633,600469.SH,30101
2634,600470.SH,10102
2635,600475.SH,20104
2636,600476.SH,70102
2637,600477.SH,20103
2638,600478.SH,20104
2639,600479.SH,50202
2640,600480.SH,30101
2641,600481.SH,20106
2642,600482.SH,20106
2643,600483.SH,90101
2644,600485.SH,80201
2645,600486.SH,10102
2646,600487.SH,80201
2647,600488.SH,50202
2648,600489.SH,10105
2649,600490.SH,10105
2650,600491.SH,20103
2651,600493.SH,30203
2652,600495.SH,20106
2653,600496.SH,20102
2654,600497.SH,10105
2655,600498.SH,80201
2656,600499.SH,20106
2657,600500.SH,10102
2658,600501.SH,20106
2659,600502.SH,20103
2660,600503.SH,60501
2661,600505.SH,90101
2662,600506.SH,40204
2663,600507.SH,10106
2664,600508.SH,103
2665,600509.SH,90101
2666,600510.SH,60501
2667,600511.SH,50202
2668,600512.SH,20103
2669,600513.SH,50202
2670,600515.SH,60501
2671,600516.SH,10107
2672,600517.SH,20104
2673,600518.SH,50202
2674,600519.SH,40201
2675,600520.SH,20106
2676,600521.SH,50202
2677,600522.SH,80201
2678,600523.SH,30101
2679,600525.SH,20104
2680,600526.SH,20107
2681,600527.SH,10102
2682,600528.SH,20106
2683,600529.SH,10104
2684,600530.SH,50201
2685,600531.SH,10105
2686,600532.SH,10106
2687,600533.SH,60501
2688,600535.SH,50202
2689,600536.SH,70103
2690,600537.SH,20104
2691,600538.SH,50202
2692,600539.SH,20107
2693,600540.SH,40204
2694,600543.SH,40201
2695,600545.SH,20106
2696,600546.SH,20201
2697,600547.SH,10105
2698,600548.SH,20305
2699,600549.SH,10105
2700,600550.SH,20104
2701,600551.SH,30401
2702,600552.SH,70202
2703,600555.SH,30301
2704,600556.SH,70102
2705,600557.SH,50202
2706,600558.SH,10105
2707,600559.SH,40201
2708,600560.SH,20106
2709,600561.SH,20304
2710,600562.SH,70202
2711,600563.SH,70202
2712,600565.SH,60501
2713,600566.SH,50202
2714,600567.SH,10104
2715,600568.SH,60501
2716,600569.SH,10106
2717,600570.SH,70103
2718,600571.SH,70103
2719,600572.SH,50202
2720,600573.SH,40201
2721,600575.SH,20301
2722,600576.SH,30401
2723,600577.SH,20104
2724,600578.SH,90101
2725,600579.SH,20106
2726,600580.SH,20104
2727,600581.SH,10106
2728,600582.SH,20106
2729,600583.SH,101
2730,600584.SH,70301
2731,600585.SH,10103
2732,600586.SH,10103
2733,600587.SH,50101
2734,600588.SH,70103
2735,600589.SH,10102
2736,600590.SH,20104
2737,600592.SH,20106
2738,600593.SH,30301
2739,600594.SH,50202
2740,600595.SH,10105
2741,600596.SH,10102
2742,600597.SH,40202
2743,600598.SH,40204
2744,600599.SH,60201
2745,600600.SH,40201
2746,600601.SH,70201
2747,600602.SH,70102
2748,600603.SH,60501
2749,600604.SH,60501
2750,600605.SH,20201
2751,600606.SH,60501
2752,600608.SH,10106
2753,600609.SH,30101
2754,600610.SH,20103
2755,600611.SH,20304
2756,600612.SH,30204
2757,600613.SH,50202
2758,600614.SH,10105
2759,600615.SH,10105
2760,600616.SH,40201
2761,600617.SH,90102
2762,600618.SH,10101
2763,600619.SH,20106
2764,600620.SH,20304
2765,600621.SH,60301
2766,600622.SH,60501
2767,600623.SH,30101
2768,600624.SH,50202
2769,600626.SH,20201
2770,600628.SH,30503
2771,600629.SH,20201
2772,600630.SH,30203
2773,600633.SH,70101
2774,600634.SH,70101
2775,600635.SH,90102
2776,600636.SH,10101
2777,600637.SH,30401
2778,600638.SH,60501
2779,600639.SH,60502
2780,600640.SH,70101
2781,600641.SH,60501
2782,600642.SH,90102
2783,600643.SH,60201
2784,600644.SH,90101
2785,600645.SH,50203
2786,600647.SH,20201
2787,600648.SH,20201
2788,600649.SH,60501
2789,600650.SH,20304
2790,600651.SH,70202
2791,600652.SH,70101
2792,600653.SH,30102
2793,600654.SH,70202
2794,600655.SH,30503
2795,600657.SH,60501
2796,600658.SH,60501
2797,600660.SH,30101
2798,600661.SH,30302
2799,600662.SH,20304
2800,600663.SH,60501
2801,600664.SH,50202
2802,600665.SH,60501
2803,600666.SH,70202
2804,600667.SH,70301
2805,600668.SH,10103
2806,600671.SH,50202
2807,600673.SH,10105
2808,600674.SH,90101
2809,600675.SH,60501
2810,600676.SH,30101
2811,600677.SH,20101
2812,600678.SH,10103
2813,600679.SH,30202
2814,600681.SH,90102
2815,600682.SH,30503
2816,600683.SH,60501
2817,600684.SH,60501
2818,600685.SH,20106
2819,600686.SH,30102
2820,600687.SH,30204
2821,600688.SH,102
2822,600689.SH,30203
2823,600690.SH,30201
2824,600691.SH,10102
2825,600692.SH,60501
2826,600693.SH,30503
2827,600694.SH,30503
2828,600695.SH,60301
2829,600696.SH,60501
2830,600697.SH,30503
2831,600698.SH,30101
2832,600699.SH,30101
2833,600701.SH,30503
2834,600702.SH,40201
2835,600703.SH,70202
2836,600704.SH,20201
2837,600705.SH,60201
2838,600706.SH,30301
2839,600707.SH,30201
2840,600708.SH,60501
2841,600710.SH,20201
2842,600711.SH,20201
2843,600712.SH,30503
2844,600713.SH,50202
2845,600714.SH,103
2846,600715.SH,30401
2847,600716.SH,60501
2848,600717.SH,20305
2849,600718.SH,70103
2850,600719.SH,90103
2851,600720.SH,10103
2852,600721.SH,50203
2853,600722.SH,10101
2854,600723.SH,30503
2855,600724.SH,60501
2856,600725.SH,103
2857,600726.SH,90101
2858,600727.SH,10102
2859,600728.SH,70103
2860,600729.SH,30503
2861,600730.SH,30302
2862,600731.SH,10102
2863,600732.SH,60501
2864,600733.SH,30102
2865,600734.SH,80201
2866,600735.SH,40302
2867,600736.SH,60501
2868,600737.SH,40204
2869,600738.SH,30503
2870,600739.SH,20201
2871,600740.SH,103
2872,600741.SH,30101
2873,600742.SH,30101
2874,600743.SH,60501
2875,600744.SH,90101
2876,600745.SH,80201
2877,600746.SH,10101
2878,600748.SH,60501
2879,600749.SH,30301
2880,600750.SH,50202
2881,600751.SH,70202
2882,600753.SH,20201
2883,600754.SH,30301
2884,600755.SH,20201
2885,600756.SH,70103
2886,600757.SH,30401
2887,600758.SH,103
2888,600759.SH,102
2889,600760.SH,20101
2890,600761.SH,20106
2891,600763.SH,50102
2892,600764.SH,70202
2893,600765.SH,20101
2894,600766.SH,10105
2895,600767.SH,50102
2896,600768.SH,10105
2897,600769.SH,20103
2898,600770.SH,90101
2899,600771.SH,50202
2900,600773.SH,60501
2901,600774.SH,30503
2902,600775.SH,80201
2903,600776.SH,80201
2904,600777.SH,102
2905,600778.SH,30503
2906,600779.SH,40201
2907,600780.SH,90101
2908,600781.SH,50202
2909,600782.SH,10106
2910,600783.SH,20106
2911,600784.SH,20105
2912,600785.SH,30503
2913,600787.SH,20201
2914,600789.SH,50202
2915,600790.SH,20201
2916,600791.SH,60501
2917,600792.SH,103
2918,600793.SH,10108
2919,600794.SH,20301
2920,600795.SH,90101
2921,600796.SH,10102
2922,600797.SH,70102
2923,600798.SH,20303
2924,600800.SH,10101
2925,600801.SH,10103
2926,600802.SH,10103
2927,600803.SH,10102
2928,600804.SH,80102
2929,600805.SH,20105
2930,600807.SH,60501
2931,600808.SH,10106
2932,600809.SH,40201
2933,600810.SH,10102
2934,600811.SH,40204
2935,600812.SH,50202
2936,600814.SH,30503
2937,600815.SH,20106
2938,600816.SH,60201
2939,600817.SH,60502
2940,600818.SH,30202
2941,600819.SH,10103
2942,600820.SH,20103
2943,600821.SH,30503
2944,600822.SH,20201
2945,600823.SH,60501
2946,600824.SH,30503
2947,600825.SH,30401
2948,600826.SH,20201
2949,600827.SH,40101
2950,600828.SH,30503
2951,600829.SH,50202
2952,600830.SH,20201
2953,600831.SH,30401
2954,600833.SH,50202
2955,600834.SH,20304
2956,600835.SH,20106
2957,600836.SH,20201
2958,600837.SH,60301
2959,600838.SH,30503
2960,600839.SH,30201
2961,600841.SH,20106
2962,600843.SH,20106
2963,600844.SH,10101
2964,600845.SH,70103
2965,600846.SH,20103
2966,600847.SH,20104
2967,600848.SH,60501
2968,600850.SH,70102
2969,600851.SH,50202
2970,600853.SH,20103
2971,600854.SH,30201
2972,600855.SH,20101
2973,600856.SH,102
2974,600857.SH,30503
2975,600858.SH,30503
2976,600859.SH,30503
2977,600860.SH,20106
2978,600861.SH,30503
2979,600862.SH,20101
2980,600863.SH,90101
2981,600864.SH,60301
2982,600865.SH,30503
2983,600866.SH,40202
2984,600867.SH,50201
2985,600868.SH,90101
2986,600869.SH,20104
2987,600870.SH,30201
2988,600871.SH,101
2989,600872.SH,40202
2990,600873.SH,40202
2991,600874.SH,20107
2992,600875.SH,20104
2993,600876.SH,70202
2994,600877.SH,20104
2995,600879.SH,20101
2996,600880.SH,20201
2997,600881.SH,10103
2998,600882.SH,40202
2999,600883.SH,10103
3000,600884.SH,20104
3001,600885.SH,20104
3002,600886.SH,90101
3003,600887.SH,40202
3004,600888.SH,10105
3005,600889.SH,10102
3006,600890.SH,60501
3007,600891.SH,30204
3008,600892.SH,70101
3009,600893.SH,20101
3010,600894.SH,20106
3011,600895.SH,60501
3012,600896.SH,50102
3013,600897.SH,20305
3014,600898.SH,80201
3015,600900.SH,90101
3016,600901.SH,60202
3017,600903.SH,90102
3018,600908.SH,60101
3019,600909.SH,60301
3020,600917.SH,90102
3021,600919.SH,60101
3022,600926.SH,60101
3023,600928.SH,60101
3024,600929.SH,40202
3025,600933.SH,30101
3026,600936.SH,30401
3027,600939.SH,20103
3028,600958.SH,60301
3029,600959.SH,30401
3030,600960.SH,30101
3031,600961.SH,10105
3032,600962.SH,40202
3033,600963.SH,10108
3034,600965.SH,40204
3035,600966.SH,10108
3036,600967.SH,20101
3037,600968.SH,101
3038,600969.SH,90105
3039,600970.SH,20103
3040,600971.SH,103
3041,600973.SH,20104
3042,600975.SH,40204
3043,600976.SH,50202
3044,600977.SH,30401
3045,600978.SH,30201
3046,600979.SH,90101
3047,600980.SH,10105
3048,600981.SH,20201
3049,600982.SH,90103
3050,600983.SH,30201
3051,600984.SH,20106
3052,600985.SH,103
3053,600986.SH,30401
3054,600987.SH,30203
3055,600988.SH,10105
3056,600989.SH,10101
3057,600990.SH,20101
3058,600992.SH,10106
3059,600993.SH,50202
3060,600995.SH,90101
3061,600996.SH,30401
3062,600997.SH,103
3063,600998.SH,50202
3064,600999.SH,60301
3065,601000.SH,20305
3066,601001.SH,103
3067,601002.SH,20106
3068,601003.SH,10106
3069,601005.SH,10106
3070,601006.SH,20304
3071,601007.SH,30301
3072,601008.SH,20305
3073,601009.SH,60101
3074,601010.SH,30503
3075,601011.SH,103
3076,601012.SH,20104
3077,601015.SH,103
3078,601016.SH,90101
3079,601018.SH,20305
3080,601019.SH,30401
3081,601020.SH,10105
3082,601021.SH,20302
3083,601028.SH,10106
3084,601038.SH,20106
3085,601058.SH,30101
3086,601066.SH,60301
3087,601068.SH,20103
3088,601069.SH,10105
3089,601077.SH,60101
3090,601086.SH,30503
3091,601088.SH,103
3092,601098.SH,30401
3093,601099.SH,60301
3094,601100.SH,20106
3095,601101.SH,103
3096,601106.SH,20106
3097,601107.SH,20305
3098,601108.SH,60301
3099,601111.SH,20302
3100,601113.SH,10102
3101,601116.SH,40101
3102,601117.SH,20103
3103,601118.SH,10102
3104,601126.SH,20104
3105,601127.SH,30102
3106,601128.SH,60101
3107,601137.SH,10105
3108,601138.SH,80201
3109,601139.SH,90102
3110,601155.SH,60501
3111,601158.SH,90104
3112,601162.SH,60301
3113,601163.SH,30101
3114,601166.SH,60101
3115,601168.SH,10105
3116,601169.SH,60101
3117,601177.SH,20106
3118,601179.SH,20104
3119,601186.SH,20103
3120,601188.SH,20305
3121,601198.SH,60301
3122,601199.SH,90104
3123,601200.SH,20107
3124,601208.SH,10102
3125,601211.SH,60301
3126,601212.SH,10105
3127,601216.SH,10101
3128,601218.SH,20104
3129,601222.SH,20104
3130,601225.SH,103
3131,601226.SH,20103
3132,601228.SH,20305
3133,601229.SH,60101
3134,601231.SH,70202
3135,601233.SH,10102
3136,601236.SH,60301
3137,601238.SH,30102
3138,601258.SH,30102
3139,601288.SH,60101
3140,601298.SH,20305
3141,601311.SH,30101
3142,601318.SH,60401
3143,601319.SH,60401
3144,601326.SH,20305
3145,601328.SH,60101
3146,601330.SH,20107
3147,601333.SH,20304
3148,601336.SH,60401
3149,601339.SH,30203
3150,601360.SH,70101
3151,601366.SH,30503
3152,601368.SH,90104
3153,601369.SH,20106
3154,601375.SH,60301
3155,601377.SH,60301
3156,601388.SH,10105
3157,601390.SH,20103
3158,601398.SH,60101
3159,601500.SH,30101
3160,601512.SH,60501
3161,601515.SH,20201
3162,601518.SH,20305
3163,601519.SH,70103
3164,601555.SH,60301
3165,601558.SH,20104
3166,601566.SH,30203
3167,601567.SH,20104
3168,601577.SH,60101
3169,601579.SH,40201
3170,601588.SH,60501
3171,601595.SH,30401
3172,601598.SH,20301
3173,601599.SH,30203
3174,601600.SH,10105
3175,601601.SH,60401
3176,601606.SH,20101
3177,601607.SH,50202
3178,601608.SH,20106
3179,601611.SH,20103
3180,601615.SH,20104
3181,601616.SH,20104
3182,601618.SH,20103
3183,601619.SH,90101
3184,601628.SH,60401
3185,601633.SH,30102
3186,601636.SH,10103
3187,601658.SH,60101
3188,601666.SH,103
3189,601668.SH,20103
3190,601669.SH,20103
3191,601677.SH,10105
3192,601678.SH,10101
3193,601688.SH,60301
3194,601689.SH,30101
3195,601696.SH,60301
3196,601698.SH,80102
3197,601699.SH,103
3198,601700.SH,20104
3199,601717.SH,20106
3200,601718.SH,30203
3201,601727.SH,20104
3202,601766.SH,20106
3203,601777.SH,30102
3204,601788.SH,60301
3205,601789.SH,20103
3206,601798.SH,101
3207,601799.SH,30101
3208,601800.SH,20103
3209,601801.SH,30401
3210,601808.SH,101
3211,601811.SH,30401
3212,601816.SH,20304
3213,601818.SH,60101
3214,601828.SH,20201
3215,601838.SH,60101
3216,601857.SH,102
3217,601858.SH,30401
3218,601860.SH,60101
3219,601865.SH,20104
3220,601866.SH,20303
3221,601869.SH,80201
3222,601872.SH,20303
3223,601877.SH,20104
3224,601878.SH,60301
3225,601880.SH,20305
3226,601881.SH,60301
3227,601882.SH,20106
3228,601886.SH,20103
3229,601888.SH,30301
3230,601890.SH,20106
3231,601898.SH,103
3232,601899.SH,10105
3233,601900.SH,30401
3234,601901.SH,60301
3235,601908.SH,20104
3236,601916.SH,60101
3237,601918.SH,103
3238,601919.SH,20303
3239,601928.SH,30401
3240,601929.SH,30401
3241,601933.SH,40101
3242,601939.SH,60101
3243,601949.SH,30401
3244,601952.SH,40204
3245,601958.SH,10105
3246,601965.SH,30102
3247,601966.SH,30101
3248,601968.SH,10104
3249,601969.SH,10106
3250,601975.SH,20303
3251,601985.SH,90101
3252,601988.SH,60101
3253,601989.SH,20106
3254,601990.SH,60301
3255,601991.SH,90101
3256,601992.SH,10103
3257,601996.SH,10108
3258,601997.SH,60101
3259,601998.SH,60101
3260,601999.SH,30401
3261,603000.SH,70101
3262,603001.SH,30203
3263,603002.SH,10102
3264,603003.SH,102
3265,603005.SH,70301
3266,603006.SH,30101
3267,603007.SH,20103
3268,603008.SH,30201
3269,603009.SH,30101
3270,603010.SH,10102
3271,603011.SH,20106
3272,603012.SH,20106
3273,603013.SH,30101
3274,603015.SH,20106
3275,603016.SH,20104
3276,603017.SH,20103
3277,603018.SH,20201
3278,603019.SH,70201
3279,603020.SH,40202
3280,603021.SH,10104
3281,603022.SH,10104
3282,603023.SH,30101
3283,603025.SH,70202
3284,603026.SH,10101
3285,603027.SH,40202
3286,603028.SH,10106
3287,603029.SH,20106
3288,603030.SH,20103
3289,603031.SH,40101
3290,603032.SH,20304
3291,603033.SH,10102
3292,603035.SH,30101
3293,603036.SH,101
3294,603037.SH,30101
3295,603038.SH,30201
3296,603039.SH,70103
3297,603040.SH,30101
3298,603041.SH,10102
3299,603042.SH,80201
3300,603043.SH,40202
3301,603045.SH,20104
3302,603050.SH,20104
3303,603053.SH,90102
3304,603055.SH,30203
3305,603056.SH,20301
3306,603058.SH,20201
3307,603059.SH,40301
3308,603060.SH,20201
3309,603063.SH,20104
3310,603066.SH,20106
3311,603067.SH,10101
3312,603068.SH,70301
3313,603069.SH,20304
3314,603076.SH,20106
3315,603077.SH,10101
3316,603078.SH,10102
3317,603079.SH,50202
3318,603080.SH,90102
3319,603081.SH,30202
3320,603083.SH,80201
3321,603085.SH,20106
3322,603086.SH,10102
3323,603088.SH,20106
3324,603089.SH,30101
3325,603090.SH,20106
3326,603093.SH,60301
3327,603096.SH,30401
3328,603098.SH,20103
3329,603099.SH,30301
3330,603100.SH,20106
3331,603101.SH,30503
3332,603103.SH,30401
3333,603105.SH,20104
3334,603106.SH,70201
3335,603108.SH,50203
3336,603109.SH,20106
3337,603110.SH,10102
3338,603111.SH,20106
3339,603113.SH,103
3340,603115.SH,70202
3341,603116.SH,30203
3342,603117.SH,20301
3343,603118.SH,80201
3344,603121.SH,30101
3345,603123.SH,30503
3346,603126.SH,20107
3347,603127.SH,50203
3348,603128.SH,20301
3349,603129.SH,30102
3350,603131.SH,20106
3351,603133.SH,70202
3352,603136.SH,30301
3353,603138.SH,70102
3354,603139.SH,50202
3355,603156.SH,40201
3356,603157.SH,30203
3357,603158.SH,30101
3358,603159.SH,20106
3359,603160.SH,70301
3360,603161.SH,30101
3361,603165.SH,10108
3362,603166.SH,30101
3363,603167.SH,20303
3364,603168.SH,50202
3365,603169.SH,20106
3366,603177.SH,20107
3367,603178.SH,30101
3368,603179.SH,30101
3369,603180.SH,30201
3370,603181.SH,10102
3371,603183.SH,20201
3372,603185.SH,20104
3373,603186.SH,70202
3374,603187.SH,20106
3375,603188.SH,10102
3376,603189.SH,70103
3377,603192.SH,10102
3378,603195.SH,30201
3379,603196.SH,30203
3380,603197.SH,30101
3381,603198.SH,40201
3382,603199.SH,30301
3383,603200.SH,20107
3384,603203.SH,20106
3385,603208.SH,30201
3386,603214.SH,30504
3387,603217.SH,10101
3388,603218.SH,20104
3389,603220.SH,70102
3390,603222.SH,50101
3391,603223.SH,20304
3392,603225.SH,10102
3393,603226.SH,10108
3394,603227.SH,10102
3395,603228.SH,70202
3396,603229.SH,50202
3397,603232.SH,70103
3398,603233.SH,50202
3399,603236.SH,80201
3400,603238.SH,30203
3401,603239.SH,30101
3402,603256.SH,70202
3403,603258.SH,70101
3404,603259.SH,50203
3405,603260.SH,10107
3406,603266.SH,30101
3407,603267.SH,70202
3408,603268.SH,30201
3409,603269.SH,20106
3410,603277.SH,20106
3411,603278.SH,10106
3412,603279.SH,20106
3413,603283.SH,20106
3414,603286.SH,30101
3415,603288.SH,40202
3416,603289.SH,20106
3417,603290.SH,70301
3418,603297.SH,70202
3419,603298.SH,20106
3420,603299.SH,40202
3421,603300.SH,20201
3422,603301.SH,50101
3423,603303.SH,30201
3424,603305.SH,30101
3425,603306.SH,30101
3426,603308.SH,20106
3427,603309.SH,50101
3428,603311.SH,20107
3429,603313.SH,30201
3430,603315.SH,20106
3431,603316.SH,20103
3432,603317.SH,40202
3433,603318.SH,20106
3434,603319.SH,30101
3435,603320.SH,20106
3436,603321.SH,20106
3437,603322.SH,70102
3438,603323.SH,60101
3439,603326.SH,30201
3440,603327.SH,70202
3441,603328.SH,70202
3442,603329.SH,20301
3443,603330.SH,10102
3444,603331.SH,20106
3445,603332.SH,10102
3446,603333.SH,20104
3447,603335.SH,30101
3448,603336.SH,40202
3449,603337.SH,20106
3450,603338.SH,20106
3451,603339.SH,20106
3452,603345.SH,40202
3453,603348.SH,30101
3454,603351.SH,10102
3455,603355.SH,30201
3456,603356.SH,20106
3457,603357.SH,20201
3458,603358.SH,30101
3459,603359.SH,20103
3460,603360.SH,10102
3461,603363.SH,40204
3462,603365.SH,30203
3463,603366.SH,30201
3464,603367.SH,50202
3465,603368.SH,50202
3466,603369.SH,40201
3467,603377.SH,30302
3468,603378.SH,10102
3469,603379.SH,10101
3470,603380.SH,70202
3471,603383.SH,70103
3472,603385.SH,30201
3473,603386.SH,70202
3474,603387.SH,50202
3475,603388.SH,20103
3476,603389.SH,30201
3477,603390.SH,30101
3478,603393.SH,90102
3479,603396.SH,20104
3480,603398.SH,30202
3481,603399.SH,10105
3482,603416.SH,20104
3483,603421.SH,80201
3484,603429.SH,10104
3485,603444.SH,70101
3486,603456.SH,50202
3487,603458.SH,20201
3488,603466.SH,20201
3489,603477.SH,30203
3490,603486.SH,30201
3491,603488.SH,20106
3492,603489.SH,30202
3493,603496.SH,80201
3494,603499.SH,10104
3495,603500.SH,20106
3496,603501.SH,70202
3497,603505.SH,10107
3498,603506.SH,60502
3499,603507.SH,20104
3500,603508.SH,70202
3501,603515.SH,30201
3502,603516.SH,70201
3503,603517.SH,40202
3504,603518.SH,30203
3505,603519.SH,30201
3506,603520.SH,50202
3507,603527.SH,20104
3508,603528.SH,70103
3509,603530.SH,20104
3510,603533.SH,70101
3511,603535.SH,20301
3512,603536.SH,40202
3513,603538.SH,50202
3514,603551.SH,30201
3515,603555.SH,30203
3516,603556.SH,20104
3517,603557.SH,30203
3518,603558.SH,30203
3519,603559.SH,70102
3520,603566.SH,50202
3521,603567.SH,50202
3522,603568.SH,20107
3523,603569.SH,20301
3524,603577.SH,20104
3525,603578.SH,30201
3526,603579.SH,30201
3527,603580.SH,20106
3528,603583.SH,20106
3529,603585.SH,10102
3530,603586.SH,30101
3531,603587.SH,30203
3532,603588.SH,20107
3533,603589.SH,40201
3534,603590.SH,50201
3535,603595.SH,70202
3536,603596.SH,30101
3537,603598.SH,30401
3538,603599.SH,10102
3539,603600.SH,30201
3540,603601.SH,10102
3541,603602.SH,70102
3542,603603.SH,20107
3543,603605.SH,40302
3544,603606.SH,20104
3545,603607.SH,20201
3546,603608.SH,30203
3547,603609.SH,40204
3548,603610.SH,30201
3549,603611.SH,20106
3550,603612.SH,10107
3551,603613.SH,70101
3552,603615.SH,30201
3553,603616.SH,20102
3554,603617.SH,20106
3555,603618.SH,20104
3556,603619.SH,101
3557,603626.SH,70202
3558,603628.SH,20104
3559,603629.SH,30201
3560,603630.SH,40302
3561,603633.SH,30101
3562,603636.SH,70102
3563,603637.SH,20103
3564,603638.SH,20106
3565,603639.SH,10102
3566,603648.SH,20301
3567,603650.SH,30101
3568,603655.SH,30101
3569,603656.SH,20106
3570,603657.SH,30201
3571,603658.SH,50201
3572,603659.SH,20104
3573,603660.SH,70202
3574,603661.SH,30201
3575,603662.SH,70202
3576,603663.SH,10105
3577,603665.SH,30203
3578,603666.SH,20106
3579,603667.SH,30101
3580,603668.SH,40204
3581,603669.SH,50202
3582,603676.SH,50202
3583,603677.SH,30201
3584,603678.SH,70202
3585,603679.SH,70202
3586,603680.SH,20106
3587,603681.SH,10102
3588,603683.SH,10102
3589,603685.SH,30201
3590,603686.SH,20106
3591,603687.SH,10104
3592,603688.SH,10107
3593,603689.SH,90102
3594,603690.SH,20106
3595,603693.SH,90101
3596,603696.SH,40202
3597,603697.SH,40202
3598,603698.SH,20106
3599,603699.SH,20106
3600,603700.SH,70202
3601,603701.SH,30101
3602,603703.SH,80201
3603,603706.SH,90102
3604,603707.SH,50202
3605,603708.SH,40101
3606,603709.SH,30201
3607,603711.SH,40201
3608,603712.SH,80201
3609,603713.SH,20301
3610,603716.SH,50102
3611,603717.SH,20103
3612,603718.SH,50202
3613,603719.SH,40101
3614,603721.SH,30401
3615,603722.SH,10102
3616,603725.SH,10102
3617,603726.SH,30201
3618,603727.SH,101
3619,603728.SH,20104
3620,603729.SH,30401
3621,603730.SH,30101
3622,603733.SH,10108
3623,603737.SH,10102
3624,603738.SH,70202
3625,603739.SH,50201
3626,603755.SH,40202
3627,603757.SH,20106
3628,603758.SH,30101
3629,603766.SH,30102
3630,603767.SH,30101
3631,603768.SH,30101
3632,603773.SH,70202
3633,603776.SH,20304
3634,603777.SH,40101
3635,603778.SH,20107
3636,603779.SH,40201
3637,603786.SH,30101
3638,603787.SH,30202
3639,603788.SH,30101
3640,603789.SH,20106
3641,603790.SH,10102
3642,603797.SH,20107
3643,603798.SH,102
3644,603799.SH,10105
3645,603800.SH,101
3646,603801.SH,30201
3647,603803.SH,80201
3648,603806.SH,20104
3649,603808.SH,30203
3650,603809.SH,30101
3651,603810.SH,10102
3652,603811.SH,50202
3653,603813.SH,20301
3654,603815.SH,20103
3655,603816.SH,30201
3656,603817.SH,90104
3657,603818.SH,30201
3658,603819.SH,20104
3659,603822.SH,10102
3660,603823.SH,10102
3661,603825.SH,30401
3662,603826.SH,10107
3663,603828.SH,20103
3664,603829.SH,20104
3665,603833.SH,30201
3666,603838.SH,30201
3667,603839.SH,30203
3668,603843.SH,20103
3669,603848.SH,30201
3670,603855.SH,20104
3671,603856.SH,10102
3672,603858.SH,50202
3673,603859.SH,20104
3674,603860.SH,20201
3675,603861.SH,20104
3676,603863.SH,10108
3677,603866.SH,40202
3678,603867.SH,10102
3679,603868.SH,30201
3680,603869.SH,70102
3681,603871.SH,20301
3682,603876.SH,10105
3683,603877.SH,30203
3684,603878.SH,10106
3685,603879.SH,10102
3686,603880.SH,50101
3687,603881.SH,70101
3688,603882.SH,50102
3689,603883.SH,50202
3690,603885.SH,20302
3691,603886.SH,40202
3692,603887.SH,20103
3693,603888.SH,70101
3694,603889.SH,30203
3695,603890.SH,70201
3696,603893.SH,70301
3697,603895.SH,20106
3698,603896.SH,50202
3699,603897.SH,20104
3700,603898.SH,30201
3701,603899.SH,20201
3702,603900.SH,30204
3703,603901.SH,20106
3704,603903.SH,20107
3705,603906.SH,102
3706,603908.SH,30202
3707,603909.SH,20201
3708,603912.SH,20106
3709,603915.SH,20106
3710,603916.SH,10102
3711,603917.SH,20106
3712,603918.SH,70102
3713,603919.SH,40201
3714,603920.SH,70202
3715,603922.SH,30101
3716,603926.SH,30101
3717,603927.SH,70103
3718,603928.SH,10102
3719,603929.SH,20103
3720,603933.SH,70202
3721,603936.SH,70202
3722,603937.SH,20102
3723,603938.SH,10101
3724,603939.SH,50202
3725,603948.SH,10102
3726,603949.SH,30101
3727,603955.SH,20103
3728,603956.SH,20106
3729,603958.SH,30203
3730,603959.SH,20103
3731,603960.SH,20106
3732,603963.SH,50202
3733,603966.SH,20106
3734,603967.SH,20301
3735,603968.SH,10102
3736,603969.SH,10106
3737,603970.SH,20201
3738,603976.SH,50101
3739,603977.SH,10102
3740,603978.SH,10105
3741,603979.SH,20103
3742,603980.SH,10102
3743,603982.SH,30101
3744,603983.SH,40302
3745,603985.SH,20104
3746,603986.SH,70301
3747,603987.SH,50101
3748,603988.SH,20104
3749,603989.SH,70202
3750,603990.SH,50102
3751,603991.SH,10102
3752,603992.SH,30201
3753,603993.SH,10105
3754,603995.SH,10106
3755,603996.SH,30201
3756,603997.SH,30101
3757,603998.SH,50202
3758,603999.SH,30401
3759,688001.SH,70202
3760,688002.SH,70202
3761,688003.SH,70202
3762,688005.SH,20104
3763,688006.SH,20106
3764,688007.SH,70202
3765,688008.SH,70301
3766,688009.SH,70102
3767,688010.SH,70202
3768,688011.SH,20101
3769,688012.SH,70301
3770,688015.SH,70102
3771,688016.SH,50101
3772,688018.SH,70301
3773,688019.SH,10102
3774,688020.SH,70202
3775,688021.SH,30101
3776,688022.SH,30101
3777,688023.SH,70102
3778,688025.SH,70202
3779,688026.SH,10102
3780,688028.SH,20106
3781,688029.SH,50101
3782,688030.SH,70103
3783,688033.SH,20106
3784,688036.SH,80201
3785,688037.SH,70301
3786,688039.SH,70103
3787,688058.SH,70103
3788,688066.SH,70103
3789,688068.SH,50201
3790,688078.SH,70103
3791,688080.SH,80201
3792,688081.SH,20101
3793,688086.SH,70201
3794,688088.SH,70103
3795,688089.SH,40202
3796,688090.SH,20106
3797,688098.SH,50201
3798,688099.SH,70301
3799,688100.SH,70202
3800,688101.SH,20107
3801,688108.SH,50101
3802,688111.SH,70103
3803,688116.SH,20104
3804,688118.SH,70103
3805,688122.SH,10105
3806,688123.SH,70301
3807,688128.SH,20106
3808,688138.SH,70202
3809,688139.SH,50203
3810,688158.SH,70101
3811,688159.SH,80201
3812,688166.SH,50202
3813,688168.SH,70103
3814,688169.SH,30201
3815,688177.SH,50201
3816,688178.SH,20107
3817,688181.SH,70202
3818,688186.SH,10106
3819,688188.SH,70103
3820,688196.SH,10102
3821,688198.SH,50101
3822,688199.SH,10102
3823,688200.SH,70202
3824,688202.SH,50203
3825,688208.SH,70202
3826,688218.SH,20106
3827,688233.SH,70301
3828,688258.SH,70102
3829,688266.SH,50202
3830,688268.SH,10101
3831,688278.SH,50201
3832,688288.SH,30101
3833,688298.SH,50201
3834,688299.SH,70202
3835,688300.SH,10107
3836,688310.SH,50101
3837,688321.SH,50202
3838,688333.SH,20106
3839,688357.SH,10101
3840,688358.SH,50101
3841,688363.SH,50201
3842,688366.SH,50202
3843,688368.SH,70301
3844,688369.SH,70103
3845,688388.SH,20104
3846,688389.SH,50101
3847,688396.SH,70301
3848,688398.SH,30201
3849,688399.SH,50201
3850,900901.SH,70102
3851,900902.SH,60501
3852,900903.SH,20304
3853,900904.SH,50202
3854,900905.SH,30204
3855,900906.SH,20103
3856,900907.SH,10105
3857,900908.SH,10101
3858,900909.SH,30101
3859,900910.SH,20106
3860,900911.SH,60502
3861,900912.SH,20201
3862,900913.SH,90102
3863,900914.SH,20304
3864,900915.SH,30202
3865,900916.SH,30202
3866,900917.SH,50202
3867,900918.SH,10103
3868,900919.SH,60301
3869,900920.SH,20106
3870,900921.SH,10101
3871,900922.SH,30203
3872,900923.SH,40101
3873,900924.SH,20106
3874,900925.SH,20106
3875,900926.SH,70103
3876,900927.SH,20201
3877,900928.SH,60501
3878,900929.SH,30301
3879,900932.SH,60501
3880,900933.SH,10103
3881,900934.SH,30301
3882,900936.SH,10105
3883,900937.SH,90101
3884,900938.SH,70202
3885,900939.SH,20201
3886,900940.SH,60501
3887,900941.SH,80201
3888,900942.SH,30301
3889,900943.SH,50202
3890,900945.SH,20302
3891,900946.SH,30101
3892,900947.SH,20106
3893,900948.SH,103
3894,900951.SH,10101
3895,900952.SH,20305
3896,900953.SH,20106
3897,900955.SH,30301
3898,900956.SH,30201
3899,900957.SH,90101
