,company,paper_class
0,002024.SZ,0
1,300781.SZ,0
2,002445.SZ,0
3,002654.SZ,0
4,002683.SZ,0
5,600163.SH,0
6,600576.SH,0
7,300770.SZ,0
8,300785.SZ,0
9,002292.SZ,0
10,300560.SZ,0
11,300211.SZ,0
12,300079.SZ,0
13,002555.SZ,0
14,603466.SH,0
15,300061.SZ,0
16,002113.SZ,0
17,300366.SZ,0
18,300383.SZ,0
19,300467.SZ,0
20,002869.SZ,0
21,603258.SH,0
22,600652.SH,0
23,300592.SZ,0
24,300736.SZ,0
25,600234.SH,0
26,300242.SZ,0
27,002862.SZ,0
28,300343.SZ,0
29,601929.SH,0
30,600936.SH,0
31,300640.SZ,0
32,600831.SH,0
33,002640.SZ,0
34,300518.SZ,0
35,002858.SZ,0
36,300052.SZ,0
37,603721.SH,0
38,601360.SH,0
39,002420.SZ,0
40,002238.SZ,0
41,002247.SZ,0
42,300076.SZ,0
43,000058.SZ,0
44,002308.SZ,0
45,000810.SZ,0
46,603398.SH,0
47,002425.SZ,0
48,002131.SZ,0
49,002348.SZ,0
50,300311.SZ,0
51,002093.SZ,0
52,600037.SH,0
53,600959.SH,0
54,600069.SH,0
55,002354.SZ,0
56,300418.SZ,0
57,600996.SH,0
58,300264.SZ,0
59,200058.SZ,0
60,300555.SZ,0
61,603703.SH,0
62,600804.SH,0
63,600633.SH,0
64,002503.SZ,0
65,002699.SZ,0
66,603979.SH,0
67,300310.SZ,0
68,002464.SZ,0
69,300315.SZ,0
70,300043.SZ,0
71,603613.SH,0
72,300612.SZ,0
73,300327.SZ,0
74,002712.SZ,0
75,300414.SZ,0
76,300392.SZ,0
77,000815.SZ,0
78,002174.SZ,0
79,002373.SZ,0
80,300299.SZ,0
81,002558.SZ,0
82,300367.SZ,0
83,002315.SZ,0
84,002912.SZ,0
85,002127.SZ,0
86,002605.SZ,0
87,300113.SZ,0
88,601828.SH,0
89,002878.SZ,0
90,300413.SZ,0
91,600637.SH,0
92,300533.SZ,0
93,002619.SZ,0
94,603825.SH,0
95,002468.SZ,0
96,300756.SZ,0
97,300226.SZ,0
98,000156.SZ,0
99,603598.SH,0
100,002573.SZ,1
101,002034.SZ,1
102,002487.SZ,1
103,603098.SH,1
104,603311.SH,1
105,300425.SZ,1
106,000035.SZ,1
107,002310.SZ,1
108,603177.SH,1
109,300090.SZ,1
110,300530.SZ,1
111,601200.SH,1
112,603903.SH,1
113,002596.SZ,1
114,300266.SZ,1
115,601368.SH,1
116,002011.SZ,1
117,002672.SZ,1
118,000809.SZ,1
119,300577.SZ,1
120,300801.SZ,1
121,600323.SH,1
122,603686.SH,1
123,600526.SH,1
124,300140.SZ,1
125,300664.SZ,1
126,000826.SZ,1
127,300187.SZ,1
128,603588.SH,1
129,600167.SH,1
130,000899.SZ,1
131,600168.SH,1
132,001896.SZ,1
133,603187.SH,1
134,600475.SH,1
135,300066.SZ,1
136,000885.SZ,1
137,603797.SH,1
138,002534.SZ,1
139,002094.SZ,1
140,300263.SZ,1
141,603589.SH,1
142,300388.SZ,1
143,002088.SZ,1
144,603817.SH,1
145,300262.SZ,1
146,603568.SH,1
147,000598.SZ,1
148,002597.SZ,1
149,300156.SZ,1
150,603603.SH,1
151,300070.SZ,1
152,600008.SH,1
153,300815.SZ,1
154,601330.SH,1
155,002272.SZ,1
156,300056.SZ,1
157,000925.SZ,1
158,600461.SH,1
159,002837.SZ,1
160,300692.SZ,1
161,603822.SH,1
162,300786.SZ,1
163,002973.SZ,1
164,300499.SZ,1
165,002630.SZ,1
166,300152.SZ,1
167,601158.SH,1
168,603956.SH,1
169,000820.SZ,1
170,300137.SZ,1
171,300779.SZ,1
172,601199.SH,1
173,300385.SZ,1
174,002499.SZ,1
175,002724.SZ,1
176,600187.SH,1
177,603279.SH,1
178,300276.SZ,2
179,002678.SZ,2
180,300357.SZ,2
181,002361.SZ,2
182,002341.SZ,2
183,200550.SZ,2
184,603217.SH,2
185,000629.SZ,2
186,300193.SZ,2
187,002698.SZ,2
188,002978.SZ,2
189,300238.SZ,2
190,300329.SZ,2
191,002582.SZ,2
192,300175.SZ,2
193,002532.SZ,2
194,002136.SZ,2
195,002246.SZ,2
196,601388.SH,2
197,300271.SZ,2
198,002633.SZ,2
199,002327.SZ,2
200,603002.SH,2
201,002543.SZ,2
202,300173.SZ,2
203,300368.SZ,2
204,002646.SZ,2
205,600456.SH,2
206,300386.SZ,2
207,002406.SZ,2
208,002353.SZ,2
209,000550.SZ,2
210,300230.SZ,2
211,002575.SZ,2
212,002674.SZ,2
213,002140.SZ,3
214,300564.SZ,3
215,600502.SH,3
216,601186.SH,3
217,000755.SZ,3
218,600368.SH,3
219,601155.SH,3
220,002043.SZ,3
221,603717.SH,3
222,300495.SZ,3
223,603359.SH,3
224,000690.SZ,3
225,601068.SH,3
226,002482.SZ,3
227,000976.SZ,3
228,600106.SH,3
229,600012.SH,3
230,002663.SZ,3
231,600350.SH,3
232,002431.SZ,3
233,600807.SH,3
234,000786.SZ,3
235,603815.SH,3
236,300826.SZ,3
237,002775.SZ,3
238,002963.SZ,3
239,002785.SZ,3
240,600583.SH,3
241,300355.SZ,3
242,300125.SZ,3
243,600548.SH,3
244,600326.SH,3
245,300237.SZ,3
246,000797.SZ,3
247,600939.SH,3
248,603828.SH,3
249,600159.SH,3
250,002061.SZ,3
251,603363.SH,3
252,000090.SZ,3
253,002542.SZ,3
254,603955.SH,3
255,002178.SZ,3
256,002375.SZ,3
257,300732.SZ,3
258,000993.SZ,3
259,600512.SH,3
260,002398.SZ,3
261,002081.SZ,3
262,002830.SZ,3
263,002307.SZ,3
264,002941.SZ,3
265,000996.SZ,3
266,300020.SZ,3
267,002299.SZ,3
268,600170.SH,3
269,600269.SH,3
270,002170.SZ,3
271,000010.SZ,3
272,002062.SZ,3
273,002504.SZ,3
274,601518.SH,3
275,900957.SH,3
276,002116.SZ,3
277,000065.SZ,3
278,002395.SZ,3
279,601611.SH,3
280,603388.SH,3
281,603126.SH,3
282,300492.SZ,3
283,600339.SH,3
284,002325.SZ,3
285,601789.SH,3
286,002781.SZ,3
287,300649.SZ,3
288,000498.SZ,3
289,900902.SH,3
290,002586.SZ,3
291,002856.SZ,3
292,002059.SZ,3
293,300197.SZ,3
294,000779.SZ,3
295,300215.SZ,3
296,600491.SH,3
297,300407.SZ,3
298,600868.SH,3
299,002291.SZ,3
300,600063.SH,3
301,300284.SZ,3
302,600377.SH,3
303,600718.SH,3
304,603316.SH,3
305,002377.SZ,3
306,002051.SZ,3
307,300500.SZ,3
308,300712.SZ,3
309,600039.SH,3
310,600209.SH,3
311,000429.SZ,3
312,000628.SZ,3
313,002887.SZ,3
314,600033.SH,3
315,600850.SH,3
316,600606.SH,3
317,600803.SH,3
318,603959.SH,3
319,002883.SZ,3
320,600378.SH,3
321,300746.SZ,3
322,601188.SH,3
323,603887.SH,3
324,002620.SZ,3
325,300081.SZ,3
326,600052.SH,3
327,600133.SH,3
328,600533.SH,3
329,603843.SH,3
330,300767.SZ,3
331,000860.SZ,3
332,600025.SH,3
333,601886.SH,3
334,000828.SZ,3
335,002811.SZ,3
336,002628.SZ,3
337,300665.SZ,3
338,600020.SH,3
339,601390.SH,3
340,603030.SH,3
341,002791.SZ,3
342,603458.SH,3
343,600769.SH,3
344,603038.SH,3
345,200429.SZ,3
346,601668.SH,3
347,002789.SZ,3
348,600528.SH,3
349,002822.SZ,3
350,002717.SZ,3
351,002949.SZ,3
352,603909.SH,3
353,600604.SH,3
354,000886.SZ,3
355,002480.SZ,3
356,601107.SH,3
357,002521.SZ,3
358,300621.SZ,3
359,600068.SH,3
360,603183.SH,3
361,601669.SH,3
362,300675.SZ,3
363,601333.SH,3
364,600284.SH,3
365,603357.SH,3
366,603727.SH,3
367,000753.SZ,3
368,603017.SH,3
369,600820.SH,3
370,601800.SH,3
371,603637.SH,3
372,002469.SZ,3
373,002060.SZ,3
374,600853.SH,3
375,300778.SZ,3
376,300536.SZ,3
377,000523.SZ,4
378,002187.SZ,4
379,603059.SH,4
380,300521.SZ,4
381,002927.SZ,4
382,300095.SZ,4
383,300092.SZ,4
384,300833.SZ,4
385,603829.SH,4
386,300503.SZ,4
387,300484.SZ,4
388,300208.SZ,4
389,600379.SH,5
390,300018.SZ,5
391,002334.SZ,5
392,002922.SZ,5
393,000806.SZ,5
394,300341.SZ,5
395,603195.SH,5
396,002622.SZ,5
397,002323.SZ,5
398,600517.SH,5
399,300183.SZ,5
400,300124.SZ,5
401,002080.SZ,5
402,300048.SZ,5
403,601567.SH,5
404,002615.SZ,5
405,300635.SZ,5
406,601727.SH,5
407,603859.SH,5
408,002346.SZ,5
409,603861.SH,5
410,300423.SZ,5
411,300820.SZ,5
412,600550.SH,5
413,603530.SH,5
414,300427.SZ,5
415,600353.SH,5
416,002931.SZ,5
417,002358.SZ,5
418,600076.SH,5
419,601616.SH,5
420,002606.SZ,5
421,300617.SZ,5
422,601179.SH,5
423,300444.SZ,5
424,601700.SH,5
425,300510.SZ,5
426,002441.SZ,5
427,002896.SZ,5
428,002014.SZ,5
429,000533.SZ,5
430,002028.SZ,5
431,600312.SH,5
432,002270.SZ,5
433,600970.SH,5
434,002451.SZ,5
435,002452.SZ,5
436,600128.SH,6
437,600207.SH,6
438,002456.SZ,6
439,000903.SZ,6
440,300519.SZ,6
441,002087.SZ,6
442,002412.SZ,6
443,002318.SZ,6
444,000553.SZ,6
445,000659.SZ,6
446,200553.SZ,6
447,300127.SZ,6
448,603256.SH,6
449,000932.SZ,6
450,601698.SH,6
451,600176.SH,6
452,300120.SZ,6
453,603026.SH,6
454,002590.SZ,7
455,600784.SH,7
456,600275.SH,7
457,600290.SH,7
458,000506.SZ,7
459,002408.SZ,7
460,002367.SZ,7
461,300379.SZ,7
462,002186.SZ,7
463,600757.SH,7
464,002095.SZ,7
465,600265.SH,7
466,002255.SZ,7
467,002774.SZ,7
468,002689.SZ,7
469,603100.SH,7
470,002200.SZ,7
471,900925.SH,7
472,000605.SZ,7
473,600835.SH,7
474,300669.SZ,7
475,600298.SH,8
476,002702.SZ,8
477,002910.SZ,8
478,002719.SZ,8
479,002891.SZ,8
480,000019.SZ,8
481,900919.SH,8
482,002695.SZ,8
483,603156.SH,8
484,002548.SZ,8
485,603696.SH,8
486,002847.SZ,8
487,600226.SH,8
488,603697.SH,8
489,002505.SZ,8
490,601678.SH,8
491,300741.SZ,8
492,002001.SZ,8
493,300106.SZ,8
494,002714.SZ,8
495,002788.SZ,8
496,002956.SZ,8
497,603609.SH,8
498,600597.SH,8
499,002330.SZ,8
500,000978.SZ,8
501,300138.SZ,8
502,002626.SZ,8
503,002650.SZ,8
504,603536.SH,8
505,002578.SZ,8
506,603027.SH,8
507,002157.SZ,8
508,002661.SZ,8
509,603668.SH,8
510,600195.SH,8
511,600975.SH,8
512,002746.SZ,8
513,002732.SZ,8
514,300094.SZ,8
515,600695.SH,8
516,603339.SH,8
517,603020.SH,8
518,600073.SH,8
519,600887.SH,8
520,002696.SZ,8
521,603711.SH,8
522,603345.SH,8
523,600257.SH,8
524,603866.SH,8
525,002570.SZ,8
526,002234.SZ,8
527,603517.SH,8
528,002946.SZ,8
529,600965.SH,8
530,300381.SZ,8
531,000848.SZ,8
532,200019.SZ,8
533,600467.SH,8
534,603755.SH,8
535,300783.SZ,8
536,002216.SZ,8
537,600429.SH,8
538,002275.SZ,8
539,600873.SH,8
540,002726.SZ,8
541,002311.SZ,8
542,002385.SZ,8
543,002820.SZ,8
544,002567.SZ,8
545,000780.SZ,8
546,300401.SZ,8
547,002494.SZ,8
548,603288.SH,8
549,300498.SZ,8
550,600300.SH,8
551,002124.SZ,8
552,300146.SZ,8
553,002688.SZ,8
554,600882.SH,8
555,600438.SH,8
556,002770.SZ,8
557,000876.SZ,8
558,002370.SZ,9
559,002581.SZ,9
560,002751.SZ,9
561,300552.SZ,9
562,300080.SZ,9
563,000151.SZ,9
564,002386.SZ,9
565,000952.SZ,9
566,300300.SZ,9
567,300422.SZ,9
568,300448.SZ,9
569,600419.SH,9
570,600739.SH,9
571,300201.SZ,9
572,603669.SH,9
573,300468.SZ,9
574,603101.SH,9
575,300277.SZ,9
576,000918.SZ,10
577,603599.SH,10
578,002481.SZ,10
579,002556.SZ,10
580,600359.SH,10
581,600598.SH,10
582,300189.SZ,10
583,300575.SZ,10
584,601952.SH,10
585,600313.SH,10
586,002749.SZ,10
587,000998.SZ,10
588,002391.SZ,10
589,002734.SZ,10
590,002782.SZ,10
591,603086.SH,10
592,603810.SH,10
593,002496.SZ,10
594,600354.SH,10
595,603970.SH,10
596,000816.SZ,10
597,300087.SZ,10
598,002215.SZ,10
599,603639.SH,10
600,300645.SZ,10
601,300261.SZ,10
602,002041.SZ,10
603,000713.SZ,10
604,002513.SZ,10
605,300268.SZ,10
606,603638.SH,10
607,002258.SZ,10
608,000038.SZ,11
609,002484.SZ,11
610,600271.SH,11
611,603989.SH,11
612,600237.SH,11
613,603519.SH,11
614,603118.SH,11
615,002125.SZ,11
616,603267.SH,11
617,600343.SH,11
618,002389.SZ,11
619,600151.SH,11
620,300631.SZ,11
621,002345.SZ,11
622,603698.SH,11
623,600879.SH,11
624,000901.SZ,11
625,600306.SH,11
626,600563.SH,11
627,002025.SZ,11
628,600501.SH,11
629,000070.SZ,11
630,000921.SZ,11
631,300740.SZ,11
632,300344.SZ,11
633,600662.SH,12
634,900945.SH,12
635,600029.SH,12
636,600221.SH,12
637,600870.SH,12
638,600760.SH,12
639,002023.SZ,12
640,000697.SZ,12
641,601111.SH,12
642,000768.SZ,12
643,200152.SZ,12
644,300775.SZ,12
645,600893.SH,12
646,002013.SZ,12
647,600115.SH,12
648,300280.SZ,12
649,600009.SH,12
650,002790.SZ,12
651,002925.SZ,12
652,002593.SZ,12
653,600372.SH,12
654,603992.SH,12
655,002111.SZ,12
656,603885.SH,12
657,600391.SH,12
658,601500.SH,12
659,600897.SH,12
660,603180.SH,12
661,600316.SH,12
662,600862.SH,12
663,603766.SH,12
664,000519.SZ,12
665,300424.SZ,12
666,300719.SZ,12
667,000089.SZ,12
668,600004.SH,12
669,600038.SH,12
670,300581.SZ,12
671,002928.SZ,12
672,002985.SZ,12
673,601099.SH,13
674,601696.SH,13
675,002966.SZ,13
676,300561.SZ,13
677,601009.SH,13
678,601838.SH,13
679,601375.SH,13
680,601236.SH,13
681,601162.SH,13
682,600919.SH,13
683,002673.SZ,13
684,000540.SZ,13
685,000776.SZ,13
686,300085.SZ,13
687,002945.SZ,13
688,601377.SH,13
689,600928.SH,13
690,601128.SH,13
691,000750.SZ,13
692,601108.SH,13
693,600030.SH,13
694,601881.SH,13
695,002797.SZ,13
696,000416.SZ,13
697,601860.SH,13
698,601288.SH,13
699,002926.SZ,13
700,601077.SH,13
701,000544.SZ,13
702,601990.SH,13
703,600015.SH,13
704,600816.SH,13
705,601166.SH,13
706,000563.SZ,13
707,601997.SH,13
708,601198.SH,13
709,601939.SH,13
710,601211.SH,13
711,000617.SZ,13
712,000531.SZ,13
713,601818.SH,13
714,002958.SZ,13
715,600926.SH,13
716,600705.SH,13
717,002939.SZ,13
718,600098.SH,13
719,603882.SH,13
720,002807.SZ,13
721,601658.SH,13
722,002736.SZ,13
723,600809.SH,13
724,603323.SH,13
725,000524.SZ,13
726,601901.SH,13
727,601688.SH,13
728,600908.SH,13
729,002948.SZ,13
730,601229.SH,13
731,000702.SZ,13
732,600155.SH,13
733,601878.SH,13
734,601988.SH,13
735,002152.SZ,13
736,000783.SZ,13
737,002423.SZ,13
738,600016.SH,13
739,600061.SH,13
740,601916.SH,13
741,601998.SH,13
742,601555.SH,13
743,002530.SZ,13
744,002177.SZ,13
745,000728.SZ,13
746,603043.SH,13
747,600643.SH,13
748,000686.SZ,13
749,601398.SH,13
750,000001.SZ,13
751,600909.SH,13
752,601788.SH,13
753,600390.SH,13
754,002936.SZ,13
755,000532.SZ,13
756,600958.SH,13
757,600837.SH,13
758,000166.SZ,13
759,002909.SZ,13
760,601169.SH,13
761,300202.SZ,13
762,600109.SH,13
763,601066.SH,13
764,600369.SH,13
765,600999.SH,13
766,601577.SH,13
767,600894.SH,13
768,002961.SZ,13
769,601328.SH,13
770,002500.SZ,13
771,002670.SZ,13
772,603093.SH,13
773,002839.SZ,13
774,002142.SZ,13
775,600036.SH,13
776,600000.SH,13
777,600393.SH,13
778,002738.SZ,14
779,300073.SZ,14
780,002155.SZ,14
781,601020.SH,14
782,601899.SH,14
783,000587.SZ,14
784,002114.SZ,14
785,000655.SZ,14
786,600010.SH,14
787,002075.SZ,14
788,600139.SH,14
789,600711.SH,14
790,002053.SZ,14
791,603993.SH,14
792,603799.SH,14
793,603527.SH,14
794,000751.SZ,14
795,601168.SH,14
796,000762.SZ,14
797,601958.SH,14
798,600295.SH,14
799,601969.SH,14
800,000878.SZ,14
801,000923.SZ,14
802,000960.SZ,14
803,000630.SZ,14
804,002466.SZ,14
805,900936.SH,14
806,603800.SH,14
807,600259.SH,14
808,000060.SZ,14
809,600489.SH,14
810,600497.SH,14
811,601212.SH,14
812,002182.SZ,14
813,000975.SZ,14
814,600792.SH,14
815,300618.SZ,14
816,000758.SZ,14
817,600531.SH,14
818,601069.SH,14
819,600547.SH,14
820,002716.SZ,14
821,000688.SZ,14
822,000968.SZ,14
823,600385.SH,14
824,600988.SH,14
825,002460.SZ,14
826,002171.SZ,14
827,002237.SZ,14
828,600725.SH,14
829,000409.SZ,14
830,600217.SH,14
831,600311.SH,14
832,603505.SH,14
833,002608.SZ,15
834,601898.SH,15
835,000933.SZ,15
836,601918.SH,15
837,600023.SH,15
838,600452.SH,15
839,000027.SZ,15
840,600175.SH,15
841,900948.SH,15
842,000692.SZ,15
843,600116.SH,15
844,600886.SH,15
845,600123.SH,15
846,600027.SH,15
847,000037.SZ,15
848,600863.SH,15
849,600395.SH,15
850,900937.SH,15
851,600982.SH,15
852,002015.SZ,15
853,600188.SH,15
854,000937.SZ,15
855,600387.SH,15
856,601699.SH,15
857,000695.SZ,15
858,002221.SZ,15
859,600292.SH,15
860,603556.SH,15
861,600283.SH,15
862,600508.SH,15
863,601908.SH,15
864,601991.SH,15
865,000571.SZ,15
866,000096.SZ,15
867,000983.SZ,15
868,600989.SH,15
869,600348.SH,15
870,600900.SH,15
871,300091.SZ,15
872,600642.SH,15
873,600121.SH,15
874,600546.SH,15
875,600157.SH,15
876,200037.SZ,15
877,600691.SH,15
878,600578.SH,15
879,600744.SH,15
880,000875.SZ,15
881,200539.SZ,15
882,000966.SZ,15
883,000958.SZ,15
884,601006.SH,15
885,601666.SH,15
886,002112.SZ,15
887,600256.SH,15
888,600985.SH,15
889,601088.SH,15
890,600101.SH,15
891,601619.SH,15
892,000982.SZ,15
893,600021.SH,15
894,002039.SZ,15
895,600719.SH,15
896,000539.SZ,15
897,002128.SZ,15
898,600995.SH,15
899,600011.SH,15
900,600644.SH,15
901,600236.SH,15
902,600590.SH,15
903,600795.SH,15
904,002479.SZ,15
905,601225.SH,15
906,601101.SH,15
907,600780.SH,15
908,600277.SH,15
909,003816.SZ,15
910,600310.SH,15
911,600979.SH,15
912,600509.SH,15
913,601001.SH,15
914,600969.SH,15
915,000767.SZ,15
916,600971.SH,15
917,600740.SH,15
918,000676.SZ,15
919,000723.SZ,15
920,600726.SH,15
921,600505.SH,15
922,300105.SZ,15
923,600396.SH,15
924,600758.SH,15
925,600397.SH,15
926,002010.SZ,16
927,002768.SZ,16
928,200761.SZ,16
929,600444.SH,16
930,002324.SZ,16
931,300221.SZ,16
932,300586.SZ,16
933,600768.SH,16
934,002205.SZ,16
935,002450.SZ,16
936,000619.SZ,16
937,300699.SZ,16
938,600146.SH,16
939,300021.SZ,16
940,300446.SZ,16
941,603616.SH,16
942,002108.SZ,16
943,300337.SZ,16
944,000761.SZ,16
945,000973.SZ,16
946,002290.SZ,16
947,600143.SH,16
948,000155.SZ,16
949,002149.SZ,16
950,300196.SZ,16
951,300777.SZ,16
952,300198.SZ,16
953,603939.SH,17
954,900905.SH,17
955,600612.SH,17
956,000785.SZ,17
957,600280.SH,17
958,600828.SH,17
959,600616.SH,17
960,600729.SH,17
961,600694.SH,17
962,601933.SH,17
963,000759.SZ,17
964,603031.SH,17
965,603605.SH,17
966,002731.SZ,17
967,600687.SH,17
968,601336.SH,17
969,300755.SZ,17
970,600824.SH,17
971,300795.SZ,17
972,600827.SH,17
973,002740.SZ,17
974,002277.SZ,17
975,603001.SH,17
976,603900.SH,17
977,002561.SZ,17
978,603708.SH,17
979,600821.SH,17
980,600084.SH,17
981,600785.SH,17
982,600859.SH,17
983,002264.SZ,17
984,002867.SZ,17
985,600825.SH,17
986,603777.SH,17
987,000679.SZ,17
988,600737.SH,17
989,600629.SH,17
990,600712.SH,17
991,002336.SZ,17
992,600543.SH,17
993,002574.SZ,17
994,603958.SH,17
995,600655.SH,17
996,900923.SH,17
997,601116.SH,17
998,600361.SH,17
999,600621.SH,17
1000,600857.SH,17
1001,600692.SH,17
1002,002419.SZ,17
1003,600108.SH,17
1004,002721.SZ,17
1005,601086.SH,17
1006,002697.SZ,17
1007,600628.SH,17
1008,600861.SH,17
1009,000791.SZ,17
1010,600682.SH,17
1011,600774.SH,17
1012,600811.SH,17
1013,600838.SH,17
1014,601010.SH,17
1015,603123.SH,17
1016,000735.SZ,17
1017,002251.SZ,17
1018,601366.SH,17
1019,000061.SZ,17
1020,600370.SH,18
1021,603555.SH,18
1022,603116.SH,18
1023,603188.SH,18
1024,002776.SZ,18
1025,002440.SZ,18
1026,601339.SH,18
1027,002269.SZ,18
1028,002486.SZ,18
1029,600987.SH,18
1030,603214.SH,18
1031,900917.SH,18
1032,002394.SZ,18
1033,600884.SH,18
1034,603518.SH,18
1035,603877.SH,18
1036,002656.SZ,18
1037,002144.SZ,18
1038,600193.SH,18
1039,603587.SH,18
1040,600287.SH,18
1041,200168.SZ,18
1042,000045.SZ,18
1043,002193.SZ,18
1044,300798.SZ,18
1045,002687.SZ,18
1046,600232.SH,18
1047,603365.SH,18
1048,603889.SH,18
1049,600830.SH,18
1050,000850.SZ,18
1051,600767.SH,18
1052,600448.SH,18
1053,603157.SH,18
1054,603557.SH,18
1055,601718.SH,18
1056,002634.SZ,18
1057,900922.SH,18
1058,600667.SH,18
1059,300321.SZ,18
1060,603608.SH,18
1061,600156.SH,18
1062,002832.SZ,18
1063,002485.SZ,18
1064,002029.SZ,18
1065,600070.SH,18
1066,603196.SH,18
1067,603790.SH,18
1068,002563.SZ,18
1069,300067.SZ,18
1070,600272.SH,18
1071,601599.SH,18
1072,603701.SH,18
1073,000518.SZ,18
1074,603980.SH,18
1075,000726.SZ,18
1076,002293.SZ,18
1077,002612.SZ,18
1078,600400.SH,18
1079,200045.SZ,18
1080,600851.SH,18
1081,600398.SH,18
1082,200726.SZ,18
1083,002072.SZ,18
1084,601566.SH,18
1085,000936.SZ,18
1086,002083.SZ,18
1087,600630.SH,18
1088,600177.SH,18
1089,603719.SH,18
1090,603808.SH,18
1091,002042.SZ,18
1092,002404.SZ,18
1093,002569.SZ,18
1094,002516.SZ,18
1095,600120.SH,18
1096,603839.SH,18
1097,600220.SH,18
1098,000158.SZ,18
1099,002761.SZ,18
1100,600790.SH,18
1101,600241.SH,18
1102,600689.SH,18
1103,600626.SH,18
1104,900943.SH,18
1105,600777.SH,18
1106,600250.SH,18
1107,603306.SH,18
1108,002679.SZ,19
1109,000488.SZ,19
1110,002235.SZ,19
1111,002565.SZ,19
1112,002078.SZ,19
1113,600793.SH,19
1114,600103.SH,19
1115,600189.SH,19
1116,600356.SH,19
1117,603165.SH,19
1118,600963.SH,19
1119,000663.SZ,19
1120,603863.SH,19
1121,600235.SH,19
1122,002511.SZ,19
1123,002288.SZ,19
1124,600966.SH,19
1125,000911.SZ,19
1126,200488.SZ,19
1127,002012.SZ,19
1128,000576.SZ,19
1129,002067.SZ,19
1130,600279.SH,20
1131,000582.SZ,20
1132,201872.SZ,20
1133,601228.SH,20
1134,603967.SH,20
1135,603648.SH,20
1136,002040.SZ,20
1137,600018.SH,20
1138,603223.SH,20
1139,603535.SH,20
1140,002210.SZ,20
1141,600317.SH,20
1142,600190.SH,20
1143,601880.SH,20
1144,600026.SH,20
1145,601018.SH,20
1146,600603.SH,20
1147,600798.SH,20
1148,300240.SZ,20
1149,000088.SZ,20
1150,600017.SH,20
1151,601326.SH,20
1152,603356.SH,20
1153,002800.SZ,20
1154,000507.SZ,20
1155,601021.SH,20
1156,002183.SZ,20
1157,002435.SZ,20
1158,300780.SZ,20
1159,000905.SZ,20
1160,601866.SH,20
1161,300055.SZ,20
1162,002990.SZ,20
1163,000662.SZ,20
1164,600057.SH,20
1165,000039.SZ,20
1166,603871.SH,20
1167,603713.SH,20
1168,002889.SZ,20
1169,601919.SH,20
1170,601000.SH,20
1171,603569.SH,20
1172,603117.SH,20
1173,002627.SZ,20
1174,300605.SZ,20
1175,600428.SH,20
1176,603128.SH,20
1177,601598.SH,20
1178,603032.SH,20
1179,601298.SH,20
1180,603069.SH,20
1181,001872.SZ,20
1182,300013.SZ,20
1183,600787.SH,20
1184,002769.SZ,20
1185,600575.SH,20
1186,000564.SZ,20
1187,601882.SH,20
1188,300350.SZ,20
1189,603869.SH,20
1190,603167.SH,20
1191,603813.SH,20
1192,600153.SH,20
1193,002930.SZ,20
1194,002492.SZ,20
1195,002352.SZ,20
1196,603056.SH,20
1197,002421.SZ,20
1198,900952.SH,20
1199,601008.SH,20
1200,600180.SH,20
1201,600093.SH,20
1202,600717.SH,20
1203,600496.SH,20
1204,600233.SH,20
1205,002682.SZ,20
1206,601975.SH,20
1207,600125.SH,20
1208,300532.SZ,20
1209,002401.SZ,20
1210,600119.SH,20
1211,601872.SH,20
1212,002524.SZ,20
1213,002189.SZ,21
1214,000526.SZ,21
1215,300433.SZ,21
1216,300566.SZ,21
1217,300790.SZ,21
1218,600130.SH,21
1219,600071.SH,21
1220,002273.SZ,21
1221,300283.SZ,21
1222,300620.SZ,21
1223,603297.SH,21
1224,300653.SZ,21
1225,603725.SH,21
1226,002495.SZ,21
1227,600796.SH,21
1228,300331.SZ,21
1229,603679.SH,22
1230,300046.SZ,22
1231,300808.SZ,22
1232,000055.SZ,22
1233,300625.SZ,22
1234,002618.SZ,22
1235,300458.SZ,22
1236,603290.SH,22
1237,300399.SZ,22
1238,300782.SZ,22
1239,300324.SZ,22
1240,300506.SZ,22
1241,300650.SZ,22
1242,603078.SH,22
1243,002049.SZ,22
1244,603515.SH,22
1245,300661.SZ,22
1246,300582.SZ,22
1247,300632.SZ,22
1248,300241.SZ,22
1249,002587.SZ,22
1250,603421.SH,22
1251,600584.SH,22
1252,002983.SZ,22
1253,300162.SZ,22
1254,300671.SZ,22
1255,300831.SZ,22
1256,603068.SH,22
1257,000541.SZ,22
1258,600360.SH,22
1259,002185.SZ,22
1260,603685.SH,22
1261,300232.SZ,22
1262,300269.SZ,22
1263,300301.SZ,22
1264,300223.SZ,22
1265,002129.SZ,22
1266,002079.SZ,22
1267,300672.SZ,22
1268,002005.SZ,22
1269,300236.SZ,22
1270,300303.SZ,22
1271,603005.SH,22
1272,603501.SH,22
1273,600703.SH,22
1274,300139.SZ,22
1275,300613.SZ,22
1276,300752.SZ,22
1277,002745.SZ,22
1278,603893.SH,22
1279,300323.SZ,22
1280,300623.SZ,22
1281,300667.SZ,22
1282,300708.SZ,22
1283,300389.SZ,22
1284,200541.SZ,22
1285,300102.SZ,22
1286,300296.SZ,22
1287,300373.SZ,22
1288,002638.SZ,22
1289,200055.SZ,22
1290,603690.SH,22
1291,002119.SZ,22
1292,300077.SZ,22
1293,002449.SZ,22
1294,002729.SZ,22
1295,000701.SZ,22
1296,603303.SH,22
1297,300317.SZ,22
1298,300219.SZ,22
1299,300132.SZ,23
1300,600664.SH,24
1301,002821.SZ,24
1302,300194.SZ,24
1303,002793.SZ,24
1304,600519.SH,24
1305,603387.SH,24
1306,000009.SZ,24
1307,600511.SH,24
1308,200028.SZ,24
1309,300147.SZ,24
1310,300497.SZ,24
1311,002349.SZ,24
1312,002868.SZ,24
1313,300723.SZ,24
1314,600222.SH,24
1315,002038.SZ,24
1316,000505.SZ,24
1317,002198.SZ,24
1318,300199.SZ,24
1319,002437.SZ,24
1320,002287.SZ,24
1321,002550.SZ,24
1322,300294.SZ,24
1323,600535.SH,24
1324,300585.SZ,24
1325,002940.SZ,24
1326,002219.SZ,24
1327,600713.SH,24
1328,603590.SH,24
1329,600521.SH,24
1330,002262.SZ,24
1331,300279.SZ,24
1332,002020.SZ,24
1333,000627.SZ,24
1334,600750.SH,24
1335,600285.SH,24
1336,002727.SZ,24
1337,002332.SZ,24
1338,300267.SZ,24
1339,603367.SH,24
1340,000922.SZ,24
1341,603351.SH,24
1342,600080.SH,24
1343,000766.SZ,24
1344,603222.SH,24
1345,603520.SH,24
1346,002517.SZ,24
1347,002750.SZ,24
1348,000919.SZ,24
1349,300110.SZ,24
1350,300181.SZ,24
1351,300363.SZ,24
1352,600267.SH,24
1353,600227.SH,24
1354,002864.SZ,24
1355,600993.SH,24
1356,300026.SZ,24
1357,603368.SH,24
1358,300016.SZ,24
1359,603233.SH,24
1360,600422.SH,24
1361,002566.SZ,24
1362,600488.SH,24
1363,002758.SZ,24
1364,600671.SH,24
1365,600594.SH,24
1366,600998.SH,24
1367,000788.SZ,24
1368,300534.SZ,24
1369,000999.SZ,24
1370,600568.SH,24
1371,300584.SZ,24
1372,600367.SH,24
1373,600557.SH,24
1374,000153.SZ,24
1375,002082.SZ,24
1376,603168.SH,24
1377,603858.SH,24
1378,600829.SH,24
1379,600351.SH,24
1380,002037.SZ,24
1381,300086.SZ,24
1382,002675.SZ,24
1383,002728.SZ,24
1384,600420.SH,24
1385,600572.SH,24
1386,300158.SZ,24
1387,002107.SZ,24
1388,600329.SH,24
1389,000989.SZ,24
1390,002099.SZ,24
1391,600976.SH,24
1392,600436.SH,24
1393,002422.SZ,24
1394,600332.SH,24
1395,300108.SZ,24
1396,002118.SZ,24
1397,000513.SZ,24
1398,002603.SZ,24
1399,600079.SH,24
1400,000705.SZ,24
1401,603139.SH,24
1402,000739.SZ,24
1403,002433.SZ,24
1404,000950.SZ,24
1405,600216.SH,24
1406,002557.SZ,24
1407,300040.SZ,24
1408,000623.SZ,24
1409,002755.SZ,24
1410,002462.SZ,24
1411,002393.SZ,24
1412,000028.SZ,24
1413,002895.SZ,24
1414,600276.SH,24
1415,600771.SH,24
1416,300485.SZ,24
1417,603439.SH,24
1418,300233.SZ,24
1419,600062.SH,24
1420,603811.SH,24
1421,600789.SH,24
1422,300039.SZ,24
1423,600211.SH,24
1424,300558.SZ,24
1425,600479.SH,24
1426,300573.SZ,24
1427,300255.SZ,24
1428,002907.SZ,24
1429,000635.SZ,24
1430,300702.SZ,24
1431,002644.SZ,24
1432,600864.SH,24
1433,603896.SH,24
1434,600666.SH,24
1435,603963.SH,24
1436,603567.SH,24
1437,300003.SZ,24
1438,300006.SZ,24
1439,002424.SZ,24
1440,200505.SZ,24
1441,603229.SH,24
1442,300049.SZ,24
1443,002004.SZ,24
1444,000411.SZ,24
1445,002773.SZ,24
1446,600566.SH,24
1447,002399.SZ,24
1448,002390.SZ,24
1449,002653.SZ,24
1450,601607.SH,24
1451,300636.SZ,24
1452,300404.SZ,24
1453,000423.SZ,24
1454,603456.SH,24
1455,002411.SZ,24
1456,002898.SZ,24
1457,600781.SH,24
1458,600833.SH,24
1459,002900.SZ,24
1460,600812.SH,24
1461,600779.SH,24
1462,002589.SZ,24
1463,300436.SZ,24
1464,000756.SZ,24
1465,002294.SZ,24
1466,601231.SH,24
1467,300516.SZ,25
1468,300161.SZ,25
1469,002514.SZ,25
1470,002248.SZ,25
1471,002414.SZ,25
1472,002903.SZ,25
1473,002559.SZ,25
1474,002214.SZ,25
1475,600469.SH,26
1476,300375.SZ,26
1477,002211.SZ,26
1478,601058.SH,26
1479,601966.SH,26
1480,600623.SH,26
1481,600579.SH,26
1482,000589.SZ,26
1483,000599.SZ,26
1484,603657.SH,26
1485,300320.SZ,26
1486,300587.SZ,26
1487,603239.SH,26
1488,603655.SH,26
1489,002031.SZ,26
1490,002595.SZ,26
1491,002243.SZ,26
1492,600182.SH,26
1493,002073.SZ,26
1494,002381.SZ,26
1495,900909.SH,26
1496,300818.SZ,26
1497,601163.SH,26
1498,300709.SZ,27
1499,600081.SH,27
1500,300707.SZ,27
1501,603856.SH,27
1502,002438.SZ,27
1503,600261.SH,27
1504,002871.SZ,27
1505,603399.SH,27
1506,002298.SZ,27
1507,000777.SZ,27
1508,002899.SZ,27
1509,300217.SZ,27
1510,300680.SZ,27
1511,300694.SZ,27
1512,002801.SZ,27
1513,002877.SZ,27
1514,603699.SH,27
1515,000812.SZ,28
1516,002069.SZ,29
1517,002220.SZ,29
1518,300174.SZ,29
1519,000798.SZ,29
1520,000930.SZ,29
1521,600186.SH,29
1522,600251.SH,29
1523,002213.SZ,29
1524,002507.SZ,29
1525,002086.SZ,29
1526,601118.SH,29
1527,600540.SH,29
1528,600097.SH,29
1529,000626.SZ,29
1530,300511.SZ,29
1531,000722.SZ,29
1532,600075.SH,29
1533,600866.SH,29
1534,200992.SZ,29
1535,603876.SH,30
1536,300117.SZ,30
1537,300489.SZ,30
1538,600888.SH,30
1539,002374.SZ,30
1540,601600.SH,30
1541,603208.SH,30
1542,600219.SH,30
1543,002333.SZ,30
1544,002560.SZ,30
1545,002379.SZ,30
1546,002988.SZ,30
1547,002160.SZ,30
1548,000612.SZ,30
1549,002501.SZ,30
1550,603612.SH,30
1551,000807.SZ,30
1552,600581.SH,31
1553,000709.SZ,31
1554,600117.SH,31
1555,000928.SZ,31
1556,300787.SZ,31
1557,002756.SZ,31
1558,600165.SH,31
1559,600307.SH,31
1560,600126.SH,31
1561,000825.SZ,31
1562,002132.SZ,31
1563,300823.SZ,31
1564,002819.SZ,31
1565,300548.SZ,31
1566,002110.SZ,31
1567,600022.SH,31
1568,000898.SZ,31
1569,601005.SH,31
1570,603929.SH,31
1571,000959.SZ,31
1572,600231.SH,31
1573,300031.SZ,31
1574,600992.SH,31
1575,300126.SZ,31
1576,600058.SH,31
1577,600019.SH,31
1578,002342.SZ,31
1579,000778.SZ,31
1580,601003.SH,31
1581,600569.SH,31
1582,000890.SZ,31
1583,603278.SH,31
1584,600399.SH,31
1585,603878.SH,31
1586,600498.SH,31
1587,603995.SH,31
1588,000938.SZ,31
1589,000717.SZ,31
1590,300098.SZ,31
1591,002933.SZ,31
1592,600782.SH,31
1593,300488.SZ,31
1594,600282.SH,31
1595,603028.SH,31
1596,600808.SH,31
1597,600149.SH,31
1598,002617.SZ,31
1599,600055.SH,32
1600,300122.SZ,32
1601,002763.SZ,32
1602,002030.SZ,32
1603,000551.SZ,32
1604,603987.SH,32
1605,002932.SZ,32
1606,300550.SZ,32
1607,000721.SZ,32
1608,000538.SZ,32
1609,603716.SH,32
1610,603566.SH,32
1611,600507.SH,32
1612,300244.SZ,32
1613,300482.SZ,32
1614,300396.SZ,32
1615,603683.SH,32
1616,300439.SZ,32
1617,300639.SZ,32
1618,600763.SH,32
1619,300119.SZ,32
1620,603860.SH,32
1621,300720.SZ,32
1622,300165.SZ,32
1623,300633.SZ,32
1624,603886.SH,32
1625,000516.SZ,32
1626,603990.SH,32
1627,600201.SH,32
1628,300338.SZ,32
1629,600645.SH,32
1630,603718.SH,32
1631,002173.SZ,32
1632,603883.SH,32
1633,603658.SH,32
1634,002980.SZ,32
1635,002950.SZ,32
1636,000403.SZ,32
1637,002693.SZ,32
1638,300273.SZ,32
1639,300676.SZ,32
1640,300642.SZ,32
1641,002919.SZ,32
1642,300685.SZ,32
1643,600161.SH,32
1644,300210.SZ,32
1645,601628.SH,32
1646,002616.SZ,32
1647,300463.SZ,32
1648,300306.SZ,32
1649,002551.SZ,32
1650,300030.SZ,32
1651,002224.SZ,32
1652,600215.SH,32
1653,300142.SZ,32
1654,300813.SZ,32
1655,300760.SZ,32
1656,300318.SZ,32
1657,300015.SZ,32
1658,300683.SZ,32
1659,600455.SH,32
1660,300143.SZ,32
1661,300673.SZ,32
1662,002880.SZ,32
1663,300453.SZ,32
1664,300254.SZ,32
1665,300802.SZ,32
1666,002901.SZ,32
1667,300731.SZ,32
1668,300759.SZ,32
1669,002044.SZ,32
1670,000150.SZ,32
1671,300456.SZ,32
1672,300567.SZ,32
1673,002362.SZ,32
1674,002223.SZ,32
1675,600697.SH,32
1676,300445.SZ,32
1677,002870.SZ,32
1678,300247.SZ,32
1679,300601.SZ,32
1680,600896.SH,32
1681,000504.SZ,32
1682,300109.SZ,32
1683,601601.SH,32
1684,603108.SH,32
1685,300406.SZ,32
1686,300374.SZ,32
1687,002967.SZ,32
1688,300791.SZ,32
1689,000710.SZ,32
1690,002007.SZ,32
1691,600704.SH,32
1692,300289.SZ,32
1693,300347.SZ,32
1694,603259.SH,32
1695,300583.SZ,32
1696,600867.SH,32
1697,600056.SH,32
1698,300677.SZ,32
1699,300313.SZ,32
1700,300149.SZ,32
1701,601222.SH,32
1702,603392.SH,32
1703,300572.SZ,32
1704,300009.SZ,32
1705,300797.SZ,32
1706,000503.SZ,32
1707,300529.SZ,32
1708,600380.SH,32
1709,002263.SZ,32
1710,002286.SZ,32
1711,002369.SZ,32
1712,002172.SZ,32
1713,300272.SZ,32
1714,603879.SH,32
1715,002105.SZ,32
1716,603880.SH,32
1717,000972.SZ,32
1718,002100.SZ,32
1719,300204.SZ,32
1720,603015.SH,32
1721,002701.SZ,32
1722,000910.SZ,32
1723,603739.SH,32
1724,000078.SZ,32
1725,300832.SZ,32
1726,603301.SH,32
1727,300114.SZ,32
1728,300298.SZ,32
1729,002252.SZ,32
1730,603681.SH,32
1731,603079.SH,32
1732,002022.SZ,32
1733,603757.SH,32
1734,000789.SZ,33
1735,000401.SZ,33
1736,600802.SH,33
1737,600720.SH,33
1738,600425.SH,33
1739,002816.SZ,33
1740,000546.SZ,33
1741,603660.SH,33
1742,600318.SH,33
1743,600539.SH,33
1744,300737.SZ,33
1745,600095.SH,33
1746,900939.SH,33
1747,601992.SH,33
1748,300715.SZ,33
1749,002850.SZ,33
1750,600585.SH,33
1751,600668.SH,33
1752,002457.SZ,33
1753,600883.SH,33
1754,000935.SZ,33
1755,002742.SZ,33
1756,603629.SH,33
1757,000877.SZ,33
1758,600449.SH,33
1759,002271.SZ,33
1760,300190.SZ,33
1761,002233.SZ,33
1762,600986.SH,33
1763,600499.SH,33
1764,000672.SZ,33
1765,000673.SZ,34
1766,600150.SH,34
1767,600086.SH,34
1768,002175.SZ,34
1769,002145.SZ,34
1770,600459.SH,34
1771,002762.SZ,34
1772,600532.SH,34
1773,002317.SZ,34
1774,002428.SZ,34
1775,600085.SH,34
1776,600506.SH,34
1777,002147.SZ,34
1778,603003.SH,34
1779,002167.SZ,34
1780,601618.SH,34
1781,000301.SZ,34
1782,300239.SZ,34
1783,603110.SH,34
1784,603366.SH,34
1785,603868.SH,34
1786,002035.SZ,34
1787,600249.SH,34
1788,300726.SZ,34
1789,600826.SH,34
1790,603855.SH,34
1791,002397.SZ,34
1792,300483.SZ,34
1793,002102.SZ,34
1794,002056.SZ,34
1795,601890.SH,34
1796,002084.SZ,34
1797,300595.SZ,34
1798,000962.SZ,34
1799,603919.SH,35
1800,000565.SZ,35
1801,000859.SZ,35
1802,000929.SZ,35
1803,603369.SH,35
1804,002304.SZ,35
1805,002730.SZ,35
1806,600197.SH,35
1807,600229.SH,35
1808,000869.SZ,35
1809,300014.SZ,35
1810,002365.SZ,35
1811,600365.SH,35
1812,600199.SH,35
1813,000625.SZ,35
1814,600559.SH,35
1815,600243.SH,35
1816,000752.SZ,35
1817,200869.SZ,35
1818,002461.SZ,35
1819,603299.SH,35
1820,600382.SH,35
1821,603779.SH,35
1822,600145.SH,35
1823,000048.SZ,35
1824,601579.SH,35
1825,600961.SH,35
1826,000596.SZ,35
1827,603198.SH,35
1828,300001.SZ,35
1829,600238.SH,35
1830,000799.SZ,35
1831,000590.SZ,35
1832,002396.SZ,35
1833,600702.SH,35
1834,600573.SH,35
1835,600565.SH,35
1836,200596.SZ,35
1837,002050.SZ,35
1838,200625.SZ,35
1839,000729.SZ,35
1840,600600.SH,35
1841,600059.SH,35
1842,600601.SH,35
1843,600132.SH,35
1844,600657.SH,36
1845,000567.SZ,36
1846,001914.SZ,36
1847,300828.SZ,36
1848,001979.SZ,36
1849,002033.SZ,36
1850,600981.SH,36
1851,600822.SH,36
1852,000597.SZ,36
1853,000501.SZ,36
1854,002133.SZ,36
1855,002344.SZ,36
1856,600327.SH,36
1857,600376.SH,36
1858,600675.SH,36
1859,600653.SH,36
1860,603099.SH,36
1861,000667.SZ,36
1862,600208.SH,36
1863,600555.SH,36
1864,300178.SZ,36
1865,900913.SH,36
1866,600773.SH,36
1867,000926.SZ,36
1868,600291.SH,36
1869,600805.SH,36
1870,600223.SH,36
1871,600322.SH,36
1872,600890.SH,36
1873,600673.SH,36
1874,600736.SH,36
1875,600846.SH,36
1876,900942.SH,36
1877,000025.SZ,36
1878,000042.SZ,36
1879,000900.SZ,36
1880,600225.SH,36
1881,000691.SZ,36
1882,600463.SH,36
1883,600415.SH,36
1884,000610.SZ,36
1885,000888.SZ,36
1886,002244.SZ,36
1887,002314.SZ,36
1888,000514.SZ,36
1889,000609.SZ,36
1890,000615.SZ,36
1891,200011.SZ,36
1892,600651.SH,36
1893,600053.SH,36
1894,300688.SZ,36
1895,900929.SH,36
1896,000716.SZ,36
1897,002146.SZ,36
1898,002305.SZ,36
1899,000029.SZ,36
1900,000608.SZ,36
1901,002103.SZ,36
1902,603676.SH,36
1903,000568.SZ,36
1904,600252.SH,36
1905,000011.SZ,36
1906,900911.SH,36
1907,600708.SH,36
1908,600858.SH,36
1909,600677.SH,36
1910,900940.SH,36
1911,000046.SZ,36
1912,600615.SH,36
1913,603682.SH,36
1914,600701.SH,36
1915,002400.SZ,36
1916,000502.SZ,36
1917,300144.SZ,36
1918,000613.SZ,36
1919,000002.SZ,36
1920,000036.SZ,36
1921,603712.SH,36
1922,603707.SH,36
1923,002159.SZ,36
1924,600185.SH,36
1925,600724.SH,36
1926,603329.SH,36
1927,200025.SZ,36
1928,600278.SH,36
1929,000006.SZ,36
1930,600321.SH,36
1931,002865.SZ,36
1932,600791.SH,36
1933,002154.SZ,36
1934,600094.SH,36
1935,603115.SH,36
1936,601512.SH,36
1937,600721.SH,36
1938,601588.SH,36
1939,601888.SH,36
1940,600683.SH,36
1941,900934.SH,36
1942,000661.SZ,36
1943,000560.SZ,36
1944,600676.SH,36
1945,000836.SZ,36
1946,000955.SZ,36
1947,600622.SH,36
1948,600530.SH,36
1949,000548.SZ,36
1950,000838.SZ,36
1951,000069.SZ,36
1952,002571.SZ,36
1953,002968.SZ,36
1954,600082.SH,36
1955,900932.SH,36
1956,600641.SH,36
1957,600881.SH,36
1958,000430.SZ,36
1959,002077.SZ,36
1960,600730.SH,36
1961,600874.SH,36
1962,900912.SH,36
1963,600051.SH,36
1964,600138.SH,36
1965,600515.SH,36
1966,300451.SZ,36
1967,600743.SH,36
1968,600007.SH,36
1969,600823.SH,36
1970,600173.SH,36
1971,601677.SH,36
1972,000796.SZ,36
1973,600179.SH,36
1974,000529.SZ,36
1975,600266.SH,36
1976,600647.SH,36
1977,002707.SZ,36
1978,600247.SH,36
1979,600638.SH,36
1980,600778.SH,36
1981,000736.SZ,36
1982,900901.SH,36
1983,900914.SH,36
1984,600246.SH,36
1985,200613.SZ,36
1986,600639.SH,36
1987,600064.SH,36
1988,600800.SH,36
1989,000509.SZ,36
1990,600358.SH,36
1991,600749.SH,36
1992,900904.SH,36
1993,600158.SH,36
1994,002192.SZ,36
1995,603199.SH,36
1996,002285.SZ,36
1997,603161.SH,36
1998,000333.SZ,36
1999,000557.SZ,36
2000,000671.SZ,36
2001,900938.SH,36
2002,000732.SZ,36
2003,600693.SH,36
2004,600865.SH,36
2005,600107.SH,36
2006,600814.SH,36
2007,600892.SH,36
2008,600556.SH,36
2009,603007.SH,36
2010,000049.SZ,36
2011,600162.SH,36
2012,600054.SH,36
2013,000517.SZ,36
2014,600754.SH,36
2015,600684.SH,36
2016,900927.SH,36
2017,000656.SZ,36
2018,000620.SZ,36
2019,600751.SH,36
2020,000408.SZ,36
2021,600738.SH,36
2022,000428.SZ,36
2023,000402.SZ,36
2024,600895.SH,36
2025,200029.SZ,36
2026,900955.SH,36
2027,603136.SH,36
2028,000419.SZ,36
2029,000566.SZ,36
2030,000616.SZ,36
2031,002091.SZ,36
2032,600613.SH,36
2033,002510.SZ,36
2034,000040.SZ,36
2035,000062.SZ,36
2036,600617.SH,36
2037,002320.SZ,36
2038,200056.SZ,36
2039,300630.SZ,36
2040,600258.SH,36
2041,600650.SH,36
2042,000534.SZ,36
2043,300819.SZ,36
2044,000056.SZ,36
2045,600748.SH,36
2046,600706.SH,36
2047,000023.SZ,36
2048,300195.SZ,36
2049,600663.SH,36
2050,600665.SH,36
2051,000863.SZ,36
2052,000813.SZ,36
2053,600640.SH,36
2054,600716.SH,36
2055,600624.SH,36
2056,000965.SZ,36
2057,600325.SH,36
2058,600338.SH,36
2059,000631.SZ,36
2060,600090.SH,36
2061,600067.SH,36
2062,600239.SH,36
2063,600753.SH,36
2064,000638.SZ,36
2065,600602.SH,36
2066,600648.SH,36
2067,600658.SH,36
2068,002141.SZ,36
2069,600649.SH,36
2070,600696.SH,36
2071,000961.SZ,36
2072,000712.SZ,36
2073,000031.SZ,36
2074,600383.SH,36
2075,600836.SH,36
2076,600599.SH,36
2077,300409.SZ,37
2078,603838.SH,37
2079,000021.SZ,37
2080,600371.SH,37
2081,002162.SZ,37
2082,300089.SZ,37
2083,000066.SZ,37
2084,002918.SZ,37
2085,603385.SH,37
2086,603268.SH,37
2087,300285.SZ,37
2088,600288.SH,37
2089,600212.SH,37
2090,603897.SH,37
2091,601606.SH,37
2092,300408.SZ,37
2093,900918.SH,38
2094,000020.SZ,38
2095,002036.SZ,38
2096,002613.SZ,38
2097,200012.SZ,38
2098,000823.SZ,38
2099,300069.SZ,38
2100,600819.SH,38
2101,600875.SH,38
2102,200413.SZ,38
2103,002876.SZ,38
2104,600876.SH,38
2105,600707.SH,38
2106,600552.SH,38
2107,000012.SZ,38
2108,000909.SZ,38
2109,200020.SZ,38
2110,002106.SZ,38
2111,300691.SZ,38
2112,600462.SH,38
2113,200016.SZ,38
2114,600184.SH,38
2115,300514.SZ,38
2116,300638.SZ,38
2117,600586.SH,38
2118,002623.SZ,38
2119,002338.SZ,38
2120,300093.SZ,38
2121,300088.SZ,38
2122,000068.SZ,38
2123,002962.SZ,38
2124,603976.SH,38
2125,000536.SZ,38
2126,000552.SZ,38
2127,603773.SH,38
2128,002217.SZ,38
2129,002643.SZ,38
2130,002952.SZ,38
2131,603021.SH,38
2132,300729.SZ,38
2133,600435.SH,38
2134,002289.SZ,38
2135,600839.SH,38
2136,300256.SZ,38
2137,300160.SZ,38
2138,000413.SZ,38
2139,300769.SZ,38
2140,601865.SH,38
2141,000016.SZ,38
2142,600660.SH,38
2143,603328.SH,38
2144,002845.SZ,38
2145,600262.SH,38
2146,000585.SZ,38
2147,601636.SH,38
2148,603578.SH,38
2149,002866.SZ,38
2150,002326.SZ,38
2151,000050.SZ,38
2152,002360.SZ,39
2153,002783.SZ,39
2154,600050.SH,39
2155,600561.SH,39
2156,002748.SZ,39
2157,600538.SH,39
2158,002068.SZ,39
2159,600592.SH,39
2160,900920.SH,39
2161,600389.SH,39
2162,002497.SZ,39
2163,600305.SH,39
2164,600362.SH,39
2165,002052.SZ,39
2166,600841.SH,39
2167,300431.SZ,39
2168,300722.SZ,39
2169,603977.SH,39
2170,000858.SZ,39
2171,600588.SH,39
2172,300393.SZ,39
2173,000801.SZ,39
2174,603227.SH,39
2175,002226.SZ,39
2176,002096.SZ,39
2177,600006.SH,39
2178,600386.SH,40
2179,300336.SZ,40
2180,601949.SH,40
2181,000718.SZ,40
2182,300426.SZ,40
2183,603377.SH,40
2184,601858.SH,40
2185,002502.SZ,40
2186,603444.SH,40
2187,600962.SH,40
2188,300251.SZ,40
2189,002410.SZ,40
2190,002739.SZ,40
2191,603096.SH,40
2192,600088.SH,40
2193,600248.SH,40
2194,300010.SZ,40
2195,000793.SZ,40
2196,600735.SH,40
2197,601811.SH,40
2198,002301.SZ,40
2199,300654.SZ,40
2200,002598.SZ,40
2201,002229.SZ,40
2202,002117.SZ,40
2203,601002.SH,40
2204,600661.SH,40
2205,002515.SZ,40
2206,002357.SZ,40
2207,300148.SZ,40
2208,000802.SZ,40
2209,000893.SZ,40
2210,600113.SH,40
2211,300027.SZ,40
2212,300459.SZ,40
2213,603733.SH,40
2214,000607.SZ,40
2215,603778.SH,40
2216,000835.SZ,40
2217,600551.SH,40
2218,002343.SZ,40
2219,600715.SH,40
2220,300291.SZ,40
2221,002181.SZ,40
2222,601595.SH,40
2223,603729.SH,40
2224,601928.SH,40
2225,600483.SH,40
2226,002659.SZ,40
2227,600977.SH,40
2228,600255.SH,40
2229,002787.SZ,40
2230,000665.SZ,40
2231,603986.SH,40
2232,601019.SH,40
2233,300071.SZ,40
2234,601801.SH,40
2235,603999.SH,40
2236,002240.SZ,40
2237,002905.SZ,40
2238,002120.SZ,40
2239,300528.SZ,40
2240,601098.SH,40
2241,000720.SZ,40
2242,000719.SZ,40
2243,601999.SH,40
2244,300133.SZ,40
2245,300364.SZ,40
2246,600373.SH,40
2247,002607.SZ,40
2248,601900.SH,40
2249,000159.SZ,40
2250,000537.SZ,40
2251,002071.SZ,40
2252,000600.SZ,40
2253,300788.SZ,40
2254,600620.SH,40
2255,300282.SZ,40
2256,000897.SZ,40
2257,603103.SH,40
2258,601816.SH,40
2259,000687.SZ,41
2260,600487.SH,41
2261,600745.SH,41
2262,600198.SH,41
2263,002300.SZ,41
2264,002808.SZ,41
2265,002047.SZ,41
2266,002465.SZ,41
2267,000063.SZ,41
2268,002692.SZ,41
2269,300570.SZ,41
2270,002544.SZ,41
2271,300502.SZ,41
2272,600755.SH,41
2273,300627.SZ,41
2274,002212.SZ,41
2275,300776.SZ,41
2276,600118.SH,41
2277,002312.SZ,41
2278,000931.SZ,41
2279,300810.SZ,41
2280,900907.SH,41
2281,002829.SZ,41
2282,603803.SH,41
2283,300227.SZ,41
2284,600775.SH,41
2285,000611.SZ,41
2286,300563.SZ,41
2287,300711.SZ,41
2288,002953.SZ,41
2289,600869.SH,41
2290,603559.SH,41
2291,300250.SZ,41
2292,300312.SZ,41
2293,300603.SZ,41
2294,002195.SZ,41
2295,002281.SZ,41
2296,300252.SZ,41
2297,300565.SZ,41
2298,300265.SZ,41
2299,600614.SH,41
2300,600980.SH,41
2301,002194.SZ,41
2302,300591.SZ,41
2303,002008.SZ,41
2304,300597.SZ,41
2305,600990.SH,41
2306,000892.SZ,41
2307,300292.SZ,41
2308,002313.SZ,41
2309,002413.SZ,41
2310,002276.SZ,41
2311,002417.SZ,41
2312,300420.SZ,41
2313,600105.SH,41
2314,300762.SZ,41
2315,000668.SZ,41
2316,300136.SZ,41
2317,002089.SZ,41
2318,603606.SH,41
2319,300177.SZ,41
2320,002222.SZ,41
2321,600345.SH,41
2322,603333.SH,41
2323,002568.SZ,41
2324,002151.SZ,41
2325,300698.SZ,41
2326,002929.SZ,41
2327,300590.SZ,41
2328,002951.SZ,41
2329,600522.SH,41
2330,000547.SZ,41
2331,300025.SZ,41
2332,002383.SZ,41
2333,002938.SZ,41
2334,600776.SH,41
2335,603220.SH,41
2336,002309.SZ,41
2337,300220.SZ,41
2338,600973.SH,41
2339,603618.SH,41
2340,002446.SZ,41
2341,000988.SZ,41
2342,300504.SZ,41
2343,002491.SZ,41
2344,300394.SZ,41
2345,002882.SZ,41
2346,300134.SZ,41
2347,002792.SZ,41
2348,000829.SZ,41
2349,603322.SH,41
2350,601869.SH,41
2351,002231.SZ,41
2352,600363.SH,41
2353,002498.SZ,41
2354,002359.SZ,41
2355,002935.SZ,41
2356,300184.SZ,41
2357,002266.SZ,41
2358,300319.SZ,41
2359,300747.SZ,41
2360,000987.SZ,41
2361,300384.SZ,41
2362,603607.SH,41
2363,200468.SZ,41
2364,002471.SZ,41
2365,000586.SZ,41
2366,900941.SH,41
2367,603602.SH,41
2368,002115.SZ,41
2369,002879.SZ,41
2370,600898.SH,41
2371,603083.SH,41
2372,300322.SZ,41
2373,603042.SH,41
2374,603236.SH,41
2375,603338.SH,42
2376,603169.SH,42
2377,300527.SZ,42
2378,601989.SH,42
2379,603656.SH,42
2380,002097.SZ,42
2381,002026.SZ,42
2382,002535.SZ,42
2383,300022.SZ,42
2384,000407.SZ,42
2385,002666.SZ,42
2386,000680.SZ,42
2387,000425.SZ,42
2388,603040.SH,42
2389,002552.SZ,42
2390,600169.SH,42
2391,601177.SH,42
2392,601717.SH,42
2393,000708.SZ,42
2394,000821.SZ,42
2395,600764.SH,42
2396,002490.SZ,42
2397,603315.SH,42
2398,002204.SZ,42
2399,300123.SZ,42
2400,300600.SZ,42
2401,600495.SH,42
2402,300589.SZ,42
2403,600761.SH,42
2404,600984.SH,42
2405,002483.SZ,42
2406,300008.SZ,42
2407,600099.SH,42
2408,300598.SZ,42
2409,300443.SZ,42
2410,300332.SZ,42
2411,000157.SZ,42
2412,603768.SH,42
2413,000666.SZ,42
2414,002526.SZ,42
2415,600685.SH,42
2416,300159.SZ,42
2417,600967.SH,42
2418,300185.SZ,42
2419,600031.SH,42
2420,600765.SH,42
2421,000839.SZ,42
2422,300690.SZ,42
2423,600756.SH,42
2424,600815.SH,42
2425,603029.SH,42
2426,300553.SZ,42
2427,900947.SH,42
2428,600320.SH,42
2429,002703.SZ,42
2430,002164.SZ,42
2431,002890.SZ,42
2432,002209.SZ,42
2433,603789.SH,42
2434,002163.SZ,42
2435,002347.SZ,42
2436,601100.SH,42
2437,603337.SH,42
2438,000880.SZ,42
2439,002126.SZ,42
2440,603396.SH,42
2441,600468.SH,42
2442,300234.SZ,42
2443,601608.SH,42
2444,000639.SZ,42
2445,000417.SZ,42
2446,300753.SZ,42
2447,002006.SZ,42
2448,600605.SH,42
2449,603985.SH,42
2450,002778.SZ,42
2451,002208.SZ,42
2452,002529.SZ,42
2453,002545.SZ,43
2454,300517.SZ,43
2455,002743.SZ,43
2456,600477.SH,43
2457,603269.SH,43
2458,002135.SZ,43
2459,601038.SH,43
2460,002541.SZ,43
2461,600072.SH,43
2462,600060.SH,44
2463,603016.SH,44
2464,603726.SH,44
2465,600309.SH,44
2466,603819.SH,44
2467,603915.SH,44
2468,900956.SH,44
2469,000521.SZ,44
2470,600854.SH,44
2471,002892.SZ,44
2472,300257.SZ,44
2473,000651.SZ,44
2474,603693.SH,44
2475,002686.SZ,44
2476,002664.SZ,44
2477,603988.SH,44
2478,000404.SZ,44
2479,600202.SH,44
2480,002366.SZ,44
2481,300594.SZ,44
2482,002158.SZ,44
2483,000530.SZ,44
2484,600834.SH,44
2485,300342.SZ,44
2486,000967.SZ,44
2487,300129.SZ,44
2488,002242.SZ,44
2489,200521.SZ,44
2490,300520.SZ,44
2491,002531.SZ,44
2492,300004.SZ,44
2493,601218.SH,44
2494,600983.SH,44
2495,603331.SH,44
2496,300569.SZ,44
2497,600481.SH,44
2498,200530.SZ,44
2499,603277.SH,44
2500,601016.SH,44
2501,300660.SZ,44
2502,603109.SH,44
2503,000100.SZ,44
2504,000811.SZ,44
2505,300411.SZ,44
2506,002676.SZ,44
2507,600336.SH,44
2508,603320.SH,44
2509,002176.SZ,44
2510,002032.SZ,44
2511,300771.SZ,44
2512,300772.SZ,44
2513,000622.SZ,44
2514,002249.SZ,44
2515,603912.SH,44
2516,002576.SZ,44
2517,002418.SZ,44
2518,002202.SZ,44
2519,600690.SH,44
2520,601012.SH,45
2521,002057.SZ,45
2522,601137.SH,45
2523,600111.SH,45
2524,601015.SH,45
2525,002735.SZ,45
2526,300748.SZ,45
2527,300428.SZ,45
2528,300596.SZ,45
2529,000969.SZ,45
2530,300629.SZ,45
2531,002540.SZ,45
2532,002600.SZ,45
2533,600200.SH,45
2534,603663.SH,45
2535,600596.SH,45
2536,300019.SZ,45
2537,600392.SH,45
2538,300041.SZ,45
2539,002825.SZ,45
2540,002206.SZ,45
2541,000603.SZ,45
2542,603045.SH,45
2543,900933.SH,45
2544,603916.SH,45
2545,300697.SZ,45
2546,300637.SZ,45
2547,300706.SZ,45
2548,000657.SZ,45
2549,600330.SH,45
2550,300064.SZ,45
2551,300821.SZ,45
2552,300554.SZ,45
2553,300169.SZ,45
2554,603330.SH,45
2555,000818.SZ,45
2556,300700.SZ,45
2557,002165.SZ,45
2558,002886.SZ,45
2559,002392.SZ,45
2560,002838.SZ,45
2561,002533.SZ,45
2562,600885.SH,45
2563,300478.SZ,45
2564,600801.SH,45
2565,002066.SZ,45
2566,002302.SZ,45
2567,300806.SZ,45
2568,603585.SH,45
2569,000632.SZ,45
2570,002809.SZ,45
2571,603192.SH,45
2572,603978.SH,45
2573,002250.SZ,45
2574,000795.SZ,45
2575,300163.SZ,45
2576,603826.SH,45
2577,603186.SH,45
2578,002591.SZ,45
2579,300610.SZ,45
2580,000831.SZ,45
2581,002585.SZ,45
2582,300717.SZ,45
2583,600366.SH,45
2584,300179.SZ,45
2585,600299.SH,45
2586,600636.SH,45
2587,300328.SZ,45
2588,603806.SH,45
2589,300421.SZ,45
2590,000881.SZ,45
2591,600516.SH,45
2592,603595.SH,45
2593,600172.SH,45
2594,002225.SZ,45
2595,300192.SZ,45
2596,601208.SH,45
2597,600674.SH,45
2598,002319.SZ,45
2599,603238.SH,45
2600,300658.SZ,45
2601,600577.SH,45
2602,002671.SZ,45
2603,002709.SZ,45
2604,300340.SZ,45
2605,002741.SZ,45
2606,002356.SZ,45
2607,600458.SH,45
2608,603937.SH,45
2609,603212.SH,45
2610,000633.SZ,45
2611,002297.SZ,45
2612,300034.SZ,45
2613,600089.SH,45
2614,300224.SZ,45
2615,300325.SZ,45
2616,002669.SZ,45
2617,603969.SH,45
2618,300811.SZ,45
2619,002810.SZ,45
2620,300063.SZ,45
2621,600206.SH,45
2622,300358.SZ,45
2623,002915.SZ,45
2624,300398.SZ,45
2625,300305.SZ,45
2626,603378.SH,45
2627,300481.SZ,45
2628,601011.SH,45
2629,300200.SZ,45
2630,300537.SZ,45
2631,300218.SZ,45
2632,000970.SZ,45
2633,600192.SH,45
2634,603200.SH,45
2635,300037.SZ,45
2636,603991.SH,45
2637,300429.SZ,45
2638,300072.SZ,45
2639,600210.SH,46
2640,002852.SZ,46
2641,002803.SZ,46
2642,601968.SH,46
2643,002523.SZ,46
2644,300370.SZ,46
2645,300739.SZ,46
2646,002713.SZ,46
2647,603022.SH,46
2648,002799.SZ,46
2649,002836.SZ,46
2650,600183.SH,46
2651,002579.SZ,46
2652,002228.SZ,46
2653,603936.SH,46
2654,300509.SZ,46
2655,601515.SH,46
2656,002815.SZ,46
2657,603499.SH,46
2658,600567.SH,46
2659,300470.SZ,46
2660,002303.SZ,46
2661,603228.SH,46
2662,603920.SH,46
2663,002522.SZ,46
2664,002652.SZ,46
2665,002245.SZ,46
2666,002737.SZ,46
2667,300454.SZ,46
2668,603429.SH,46
2669,300657.SZ,46
2670,603058.SH,46
2671,300057.SZ,46
2672,002913.SZ,46
2673,002436.SZ,46
2674,300131.SZ,46
2675,300501.SZ,46
2676,002134.SZ,46
2677,300235.SZ,46
2678,300442.SZ,46
2679,000592.SZ,46
2680,002831.SZ,46
2681,002812.SZ,46
2682,600783.SH,46
2683,200986.SZ,46
2684,002916.SZ,46
2685,002722.SZ,46
2686,600129.SH,46
2687,002329.SZ,46
2688,002191.SZ,46
2689,002518.SZ,46
2690,002599.SZ,46
2691,300512.SZ,46
2692,300360.SZ,47
2693,002453.SZ,47
2694,002861.SZ,47
2695,300793.SZ,47
2696,002835.SZ,47
2697,300278.SZ,47
2698,600035.SH,47
2699,600268.SH,47
2700,000004.SZ,47
2701,000682.SZ,47
2702,002957.SZ,47
2703,300286.SZ,47
2704,300490.SZ,47
2705,300607.SZ,47
2706,300742.SZ,47
2707,603895.SH,47
2708,002458.SZ,47
2709,601126.SH,47
2710,002415.SZ,47
2711,603309.SH,47
2712,002241.SZ,47
2713,300447.SZ,47
2714,002881.SZ,47
2715,002058.SZ,47
2716,002972.SZ,47
2717,300275.SZ,47
2718,002979.SZ,47
2719,002350.SZ,47
2720,300462.SZ,47
2721,300450.SZ,47
2722,603203.SH,47
2723,300417.SZ,47
2724,600848.SH,47
2725,002074.SZ,47
2726,300050.SZ,47
2727,000558.SZ,47
2728,300228.SZ,47
2729,300023.SZ,47
2730,600083.SH,47
2731,600560.SH,47
2732,300822.SZ,47
2733,300024.SZ,47
2734,300356.SZ,47
2735,002380.SZ,47
2736,300032.SZ,47
2737,300487.SZ,47
2738,300222.SZ,47
2739,002339.SZ,47
2740,200771.SZ,47
2741,002337.SZ,47
2742,002123.SZ,47
2743,002960.SZ,47
2744,600710.SH,47
2745,002139.SZ,47
2746,002430.SZ,47
2747,300768.SZ,47
2748,002527.SZ,47
2749,002528.SZ,47
2750,002104.SZ,47
2751,300078.SZ,47
2752,300203.SZ,47
2753,300619.SZ,47
2754,300799.SZ,47
2755,600817.SH,47
2756,600131.SH,47
2757,603496.SH,47
2758,300154.SZ,47
2759,300011.SZ,47
2760,002681.SZ,47
2761,603076.SH,47
2762,300792.SZ,47
2763,900928.SH,47
2764,601226.SH,47
2765,601106.SH,47
2766,300053.SZ,47
2767,002981.SZ,47
2768,300757.SZ,47
2769,603662.SH,47
2770,603728.SH,47
2771,300349.SZ,47
2772,300400.SZ,47
2773,002090.SZ,47
2774,300035.SZ,47
2775,603960.SH,47
2776,300696.SZ,47
2777,600582.SH,47
2778,300743.SZ,47
2779,300171.SZ,47
2780,600525.SH,47
2781,600734.SH,47
2782,300710.SZ,47
2783,300807.SZ,47
2784,603788.SH,47
2785,300270.SZ,47
2786,300440.SZ,47
2787,300466.SZ,47
2788,603486.SH,47
2789,300543.SZ,47
2790,300314.SZ,47
2791,300449.SZ,47
2792,300416.SZ,47
2793,603011.SH,47
2794,002833.SZ,47
2795,300246.SZ,47
2796,300326.SZ,47
2797,300523.SZ,47
2798,300805.SZ,47
2799,603666.SH,47
2800,002296.SZ,47
2801,002546.SZ,47
2802,603687.SH,47
2803,002977.SZ,47
2804,002645.SZ,47
2805,300074.SZ,47
2806,002156.SZ,47
2807,300557.SZ,47
2808,600460.SH,47
2809,300045.SZ,47
2810,300507.SZ,47
2811,300559.SZ,47
2812,603901.SH,47
2813,002779.SZ,47
2814,300062.SZ,47
2815,300670.SZ,47
2816,002402.SZ,47
2817,300486.SZ,47
2818,002665.SZ,47
2819,600077.SH,47
2820,000584.SZ,47
2821,300150.SZ,47
2822,300141.SZ,47
2823,600136.SH,47
2824,002971.SZ,47
2825,002009.SZ,47
2826,603809.SH,47
2827,300789.SZ,47
2828,300472.SZ,47
2829,601689.SH,47
2830,603023.SH,47
2831,300727.SZ,47
2832,600388.SH,47
2833,002509.SZ,47
2834,603050.SH,47
2835,002667.SZ,47
2836,300546.SZ,47
2837,603095.SH,47
2838,300480.SZ,47
2839,300545.SZ,47
2840,300044.SZ,47
2841,600654.SH,47
2842,002188.SZ,47
2843,300293.SZ,47
2844,603528.SH,47
2845,300248.SZ,47
2846,002655.SZ,47
2847,300330.SZ,47
2848,300678.SZ,47
2849,300812.SZ,47
2850,603700.SH,47
2851,300099.SZ,47
2852,300354.SZ,47
2853,300435.SZ,47
2854,600699.SH,47
2855,600406.SH,47
2856,000400.SZ,47
2857,002322.SZ,47
2858,002651.SZ,47
2859,300259.SZ,47
2860,300526.SZ,47
2861,002888.SZ,47
2862,002169.SZ,47
2863,600580.SH,47
2864,600587.SH,47
2865,603776.SH,47
2866,002857.SZ,47
2867,300167.SZ,47
2868,300309.SZ,47
2869,600880.SH,47
2870,300703.SZ,47
2871,300604.SZ,47
2872,002658.SZ,47
2873,300477.SZ,47
2874,000790.SZ,47
2875,002970.SZ,47
2876,300097.SZ,47
2877,300007.SZ,47
2878,002614.SZ,47
2879,300155.SZ,47
2880,002184.SZ,47
2881,603583.SH,47
2882,300281.SZ,47
2883,002261.SZ,47
2884,002639.SZ,47
2885,300471.SZ,48
2886,000593.SZ,48
2887,002207.SZ,48
2888,000669.SZ,48
2889,300441.SZ,48
2890,002767.SZ,48
2891,002873.SZ,48
2892,601028.SH,48
2893,300461.SZ,48
2894,601798.SH,48
2895,600028.SH,48
2896,603131.SH,48
2897,002259.SZ,48
2898,603619.SH,48
2899,002700.SZ,48
2900,002849.SZ,48
2901,002893.SZ,48
2902,300540.SZ,48
2903,600759.SH,48
2904,000852.SZ,48
2905,603689.SH,48
2906,000520.SZ,48
2907,300164.SZ,48
2908,002629.SZ,48
2909,600968.SH,48
2910,600228.SH,48
2911,002443.SZ,48
2912,300191.SZ,48
2913,601857.SH,48
2914,000554.SZ,48
2915,600856.SH,48
2916,000985.SZ,48
2917,002583.SZ,48
2918,300084.SZ,48
2919,000819.SZ,48
2920,600608.SH,48
2921,300513.SZ,48
2922,300157.SZ,48
2923,000685.SZ,48
2924,600917.SH,48
2925,603353.SH,48
2926,600871.SH,48
2927,000637.SZ,48
2928,002278.SZ,48
2929,002203.SZ,48
2930,000543.SZ,48
2931,002267.SZ,48
2932,600333.SH,48
2933,002911.SZ,48
2934,002554.SZ,48
2935,300402.SZ,48
2936,601139.SH,48
2937,600480.SH,48
2938,600635.SH,48
2939,600688.SH,48
2940,603053.SH,48
2941,603393.SH,48
2942,002828.SZ,48
2943,601808.SH,48
2944,603318.SH,48
2945,002747.SZ,48
2946,600416.SH,48
2947,603080.SH,48
2948,002760.SZ,48
2949,300432.SZ,48
2950,600681.SH,48
2951,600903.SH,48
2952,603706.SH,48
2953,603036.SH,49
2954,300800.SZ,49
2955,603012.SH,49
2956,002378.SZ,49
2957,000908.SZ,49
2958,002872.SZ,49
2959,600127.SH,49
2960,002943.SZ,49
2961,603319.SH,49
2962,600549.SH,49
2963,600328.SH,49
2964,002282.SZ,49
2965,603533.SH,49
2966,002843.SZ,49
2967,300135.SZ,49
2968,002817.SZ,49
2969,002549.SZ,49
2970,000410.SZ,49
2971,600381.SH,49
2972,300308.SZ,49
2973,002982.SZ,49
2974,603289.SH,49
2975,300452.SZ,49
2976,000917.SZ,49
2977,000652.SZ,49
2978,000837.SZ,49
2979,601985.SH,49
2980,002444.SZ,49
2981,600476.SH,49
2982,300345.SZ,49
2983,600529.SH,49
2984,603899.SH,49
2985,600929.SH,49
2986,300705.SZ,49
2987,002842.SZ,49
2988,300515.SZ,49
2989,300103.SZ,49
2990,600589.SH,50
2991,002859.SZ,50
2992,600171.SH,50
2993,002371.SZ,50
2994,300751.SZ,50
2995,300615.SZ,50
2996,300151.SZ,50
2997,002150.SZ,50
2998,002965.SZ,50
2999,002855.SZ,50
3000,300083.SZ,50
3001,603848.SH,50
3002,002635.SZ,50
3003,002387.SZ,50
3004,002316.SZ,50
3005,002602.SZ,50
3006,603917.SH,50
3007,002295.SZ,50
3008,002179.SZ,50
3009,000725.SZ,50
3010,200725.SZ,50
3011,002908.SZ,50
3012,002823.SZ,50
3013,603626.SH,50
3014,000561.SZ,50
3015,603283.SH,50
3016,603890.SH,50
3017,002190.SZ,50
3018,000026.SZ,50
3019,300333.SZ,50
3020,600433.SH,50
3021,300606.SZ,50
3022,002130.SZ,50
3023,300207.SZ,50
3024,300716.SZ,50
3025,002016.SZ,50
3026,300128.SZ,50
3027,300539.SZ,50
3028,300479.SZ,50
3029,300054.SZ,50
3030,000573.SZ,50
3031,002055.SZ,50
3032,300549.SZ,50
3033,300809.SZ,50
3034,002937.SZ,50
3035,002432.SZ,50
3036,002519.SZ,50
3037,002388.SZ,50
3038,300397.SZ,50
3039,000007.SZ,50
3040,603380.SH,50
3041,300307.SZ,50
3042,002564.SZ,50
3043,600203.SH,50
3044,603386.SH,50
3045,000997.SZ,50
3046,300522.SZ,50
3047,002101.SZ,50
3048,603159.SH,50
3049,002947.SZ,50
3050,603787.SH,50
3051,002786.SZ,50
3052,002463.SZ,50
3053,002426.SZ,50
3054,000636.SZ,50
3055,002647.SZ,50
3056,603305.SH,50
3057,002796.SZ,50
3058,603088.SH,50
3059,300773.SZ,50
3060,002897.SZ,50
3061,300101.SZ,50
3062,600520.SH,50
3063,300508.SZ,50
3064,300176.SZ,50
3065,300684.SZ,50
3066,002976.SZ,50
3067,300599.SZ,50
3068,300666.SZ,50
3069,002902.SZ,50
3070,300656.SZ,50
3071,002975.SZ,50
3072,300382.SZ,50
3073,603933.SH,50
3074,300376.SZ,50
3075,002384.SZ,50
3076,300562.SZ,50
3077,600493.SH,50
3078,300679.SZ,50
3079,300351.SZ,50
3080,002537.SZ,50
3081,603025.SH,50
3082,300115.SZ,50
3083,002161.SZ,50
3084,200026.SZ,50
3085,300206.SZ,50
3086,002138.SZ,50
3087,300390.SZ,50
3088,002547.SZ,50
3089,603266.SH,50
3090,603105.SH,51
3091,300693.SZ,51
3092,002227.SZ,51
3093,300648.SZ,51
3094,002256.SZ,51
3095,600152.SH,51
3096,002239.SZ,51
3097,600732.SH,51
3098,002772.SZ,51
3099,300457.SZ,51
3100,000032.SZ,51
3101,002364.SZ,51
3102,002733.SZ,51
3103,300316.SZ,51
3104,300042.SZ,51
3105,002168.SZ,51
3106,603185.SH,51
3107,300724.SZ,51
3108,603506.SH,51
3109,300593.SZ,51
3110,300827.SZ,51
3111,300118.SZ,51
3112,300153.SZ,51
3113,600847.SH,51
3114,002137.SZ,51
3115,002806.SZ,51
3116,002197.SZ,51
3117,300068.SZ,51
3118,000591.SZ,51
3119,300029.SZ,51
3120,002121.SZ,51
3121,601311.SH,51
3122,002459.SZ,51
3123,300274.SZ,51
3124,002610.SZ,51
3125,300491.SZ,51
3126,600405.SH,51
3127,200160.SZ,51
3128,300304.SZ,51
3129,300750.SZ,51
3130,002923.SZ,51
3131,002416.SZ,51
3132,600733.SH,51
3133,002851.SZ,51
3134,300111.SZ,51
3135,300116.SZ,51
3136,603160.SH,51
3137,000906.SZ,51
3138,600100.SH,51
3139,600110.SH,51
3140,603659.SH,51
3141,002076.SZ,51
3142,600478.SH,51
3143,002611.SZ,51
3144,300713.SZ,51
3145,300568.SZ,51
3146,002885.SZ,51
3147,002218.SZ,51
3148,002506.SZ,51
3149,603063.SH,51
3150,002684.SZ,51
3151,300130.SZ,51
3152,002624.SZ,51
3153,002429.SZ,51
3154,002660.SZ,51
3155,002580.SZ,51
3156,603507.SH,51
3157,603055.SH,52
3158,002427.SZ,52
3159,603665.SH,52
3160,603332.SH,52
3161,000782.SZ,52
3162,300644.SZ,52
3163,603601.SH,52
3164,300180.SZ,52
3165,300829.SZ,52
3166,002493.SZ,52
3167,600810.SH,52
3168,600595.SH,52
3169,600889.SH,52
3170,603225.SH,52
3171,601233.SH,52
3172,600527.SH,52
3173,000703.SZ,52
3174,000420.SZ,52
3175,300334.SZ,52
3176,603033.SH,52
3177,600439.SH,52
3178,002254.SZ,52
3179,601113.SH,52
3180,000677.SZ,52
3181,000895.SZ,52
3182,600346.SH,52
3183,000949.SZ,52
3184,002321.SZ,52
3185,002840.SZ,52
3186,600545.SH,52
3187,603077.SH,53
3188,000833.SZ,53
3189,600619.SH,53
3190,603628.SH,53
3191,601369.SH,53
3192,002969.SZ,53
3193,600137.SH,53
3194,900924.SH,53
3195,600818.SH,53
3196,300051.SZ,53
3197,600679.SH,53
3198,300725.SZ,53
3199,002641.SZ,53
3200,603317.SH,53
3201,600872.SH,53
3202,601319.SH,53
3203,300535.SZ,53
3204,002166.SZ,53
3205,603327.SH,53
3206,600302.SH,53
3207,000803.SZ,53
3208,300260.SZ,53
3209,603006.SH,53
3210,002798.SZ,53
3211,600611.SH,53
3212,000017.SZ,53
3213,000913.SZ,53
3214,300213.SZ,53
3215,600048.SH,53
3216,000990.SZ,53
3217,603416.SH,53
3218,300335.SZ,53
3219,600678.SH,53
3220,603489.SH,53
3221,601258.SH,53
3222,002372.SZ,53
3223,900916.SH,53
3224,000528.SZ,53
3225,002253.SZ,53
3226,600196.SH,53
3227,000733.SZ,53
3228,300735.SZ,53
3229,002694.SZ,53
3230,603477.SH,53
3231,300172.SZ,53
3232,900910.SH,53
3233,000421.SZ,53
3234,900915.SH,53
3235,002021.SZ,53
3236,601996.SH,53
3237,600466.SH,53
3238,601609.SH,53
3239,601318.SH,53
3240,300365.SZ,53
3241,300353.SZ,53
3242,002054.SZ,53
3243,600843.SH,53
3244,603580.SH,53
3245,300107.SZ,53
3246,000715.SZ,53
3247,002846.SZ,53
3248,200017.SZ,53
3249,300434.SZ,53
3250,600510.SH,53
3251,002648.SZ,53
3252,603133.SH,53
3253,002752.SZ,53
3254,600794.SH,53
3255,601138.SH,53
3256,600122.SH,53
3257,000099.SZ,53
3258,300166.SZ,53
3259,300017.SZ,53
3260,002196.SZ,53
3261,900903.SH,53
3262,000510.SZ,53
3263,002148.SZ,53
3264,002636.SZ,53
3265,600340.SH,53
3266,300209.SZ,54
3267,002065.SZ,54
3268,603488.SH,54
3269,002153.SZ,54
3270,002351.SZ,54
3271,300674.SZ,54
3272,002642.SZ,54
3273,000882.SZ,54
3274,002180.SZ,54
3275,300348.SZ,54
3276,603189.SH,54
3277,002063.SZ,54
3278,603019.SH,54
3279,300297.SZ,54
3280,002268.SZ,54
3281,600855.SH,54
3282,002405.SZ,54
3283,300170.SZ,54
3284,000014.SZ,54
3285,300608.SZ,54
3286,603106.SH,54
3287,300253.SZ,54
3288,002280.SZ,54
3289,000948.SZ,54
3290,300556.SZ,54
3291,002520.SZ,54
3292,002474.SZ,54
3293,000034.SZ,54
3294,603636.SH,54
3295,002987.SZ,54
3296,300188.SZ,54
3297,300302.SZ,54
3298,300763.SZ,54
3299,300496.SZ,54
3300,002306.SZ,54
3301,000555.SZ,54
3302,300465.SZ,54
3303,000861.SZ,54
3304,000971.SZ,54
3305,300531.SZ,54
3306,300205.SZ,54
3307,300059.SZ,54
3308,600410.SH,54
3309,600728.SH,54
3310,300245.SZ,54
3311,000711.SZ,54
3312,002609.SZ,54
3313,300002.SZ,54
3314,300634.SZ,54
3315,300058.SZ,54
3316,601007.SH,54
3317,600536.SH,54
3318,300352.SZ,54
3319,002955.SZ,54
3320,000415.SZ,54
3321,000889.SZ,54
3322,300096.SZ,54
3323,300803.SZ,54
3324,002777.SZ,54
3325,603383.SH,54
3326,000606.SZ,54
3327,300065.SZ,54
3328,603918.SH,54
3329,300766.SZ,54
3330,002376.SZ,54
3331,600797.SH,54
3332,300369.SZ,54
3333,600403.SH,54
3334,603927.SH,54
3335,002027.SZ,54
3336,300525.SZ,54
3337,300588.SZ,54
3338,300038.SZ,54
3339,300229.SZ,54
3340,300005.SZ,54
3341,300047.SZ,54
3342,300033.SZ,54
3343,300551.SZ,54
3344,300182.SZ,54
3345,002017.SZ,54
3346,300624.SZ,54
3347,002335.SZ,54
3348,300339.SZ,54
3349,600289.SH,54
3350,000005.SZ,54
3351,603000.SH,54
3352,300075.SZ,54
3353,300287.SZ,54
3354,601519.SH,54
3355,300659.SZ,54
3356,002657.SZ,54
3357,000008.SZ,54
3358,000681.SZ,54
3359,002236.SZ,54
3360,002279.SZ,54
3361,603516.SH,54
3362,000851.SZ,54
3363,002813.SZ,54
3364,300168.SZ,54
3365,300419.SZ,54
3366,900926.SH,54
3367,300288.SZ,54
3368,603232.SH,54
3369,300290.SZ,54
3370,600570.SH,54
3371,300682.SZ,54
3372,603300.SH,54
3373,603308.SH,54
3374,600845.SH,54
3375,603138.SH,54
3376,300036.SZ,54
3377,000977.SZ,54
3378,603127.SH,54
3379,600770.SH,54
3380,300830.SZ,54
3381,600242.SH,54
3382,300378.SZ,54
3383,300231.SZ,54
3384,300738.SZ,54
3385,300609.SZ,54
3386,002690.SZ,54
3387,300689.SZ,54
3388,603881.SH,54
3389,300687.SZ,54
3390,002230.SZ,54
3391,300380.SZ,54
3392,002577.SZ,54
3393,300662.SZ,54
3394,002649.SZ,54
3395,600355.SH,54
3396,300663.SZ,54
3397,600634.SH,54
3398,300578.SZ,54
3399,300541.SZ,54
3400,002439.SZ,54
3401,600901.SH,54
3402,300730.SZ,54
3403,002331.SZ,54
3404,300377.SZ,54
3405,300359.SZ,54
3406,300249.SZ,54
3407,300469.SZ,54
3408,600571.SH,54
3409,002368.SZ,54
3410,300455.SZ,54
3411,600446.SH,54
3412,300212.SZ,54
3413,603389.SH,55
3414,603060.SH,55
3415,000727.SZ,55
3416,002472.SZ,55
3417,002853.SZ,55
3418,603801.SH,55
3419,603508.SH,55
3420,002824.SZ,55
3421,603898.SH,55
3422,002718.SZ,55
3423,300430.SZ,55
3424,300602.SZ,55
3425,300538.SZ,55
3426,603709.SH,55
3427,603816.SH,55
3428,300474.SZ,55
3429,600562.SH,55
3430,603888.SH,55
3431,002848.SZ,55
3432,002766.SZ,55
3433,002691.SZ,55
3434,002328.SZ,55
3435,000915.SZ,55
3436,002959.SZ,55
3437,300410.SZ,55
3438,300835.SZ,55
3439,603326.SH,55
3440,002757.SZ,55
3441,603833.SH,55
3442,600860.SH,55
3443,300622.SZ,55
3444,002489.SZ,55
3445,603818.SH,55
3446,603908.SH,55
3447,300112.SZ,55
3448,002759.SZ,55
3449,300460.SZ,55
3450,002705.SZ,55
3451,603221.SH,55
3452,002631.SZ,55
3453,002818.SZ,55
3454,300438.SZ,55
3455,600337.SH,55
3456,603678.SH,55
3457,603579.SH,55
3458,600978.SH,55
3459,603966.SH,55
3460,600537.SH,55
3461,002473.SZ,55
3462,002677.SZ,55
3463,601877.SH,55
3464,300686.SZ,55
3465,300616.SZ,55
3466,002860.SZ,55
3467,603610.SH,55
3468,002584.SZ,55
3469,603738.SH,55
3470,002478.SZ,55
3471,603355.SH,55
3472,603615.SH,55
3473,603558.SH,55
3474,603633.SH,55
3475,002512.SZ,55
3476,300437.SZ,55
3477,002508.SZ,55
3478,603226.SH,55
3479,300371.SZ,55
3480,002875.SZ,55
3481,300464.SZ,55
3482,603018.SH,55
3483,300626.SZ,55
3484,002706.SZ,55
3485,002045.SZ,55
3486,600503.SH,55
3487,603688.SH,55
3488,600112.SH,55
3489,200512.SZ,55
3490,600191.SH,55
3491,600766.SH,55
3492,002625.SZ,55
3493,300395.SZ,55
3494,300651.SZ,55
3495,603730.SH,55
3496,300493.SZ,55
3497,002780.SZ,55
3498,002403.SZ,55
3499,002475.SZ,55
3500,600490.SH,55
3501,603085.SH,55
3502,300012.SZ,55
3503,300611.SZ,55
3504,002572.SZ,55
3505,603998.SH,55
3506,002795.SZ,55
3507,300476.SZ,55
3508,603313.SH,55
3509,603066.SH,55
3510,000650.SZ,55
3511,002771.SZ,55
3512,603600.SH,55
3513,300749.SZ,55
3514,603039.SH,55
3515,002668.SZ,55
3516,300668.SZ,55
3517,300579.SZ,55
3518,002199.SZ,55
3519,600714.SH,55
3520,603008.SH,55
3521,603551.SH,55
3522,603997.SH,55
3523,002098.SZ,55
3524,300681.SZ,56
3525,300733.SZ,56
3526,603358.SH,56
3527,603121.SH,56
3528,603982.SH,56
3529,600104.SH,56
3530,603166.SH,56
3531,000981.SZ,56
3532,200054.SZ,56
3533,300643.SZ,56
3534,300825.SZ,56
3535,600741.SH,56
3536,002536.SZ,56
3537,603798.SH,56
3538,603500.SH,56
3539,900953.SH,56
3540,300473.SZ,56
3541,000887.SZ,56
3542,200581.SZ,56
3543,300403.SZ,56
3544,002921.SZ,56
3545,603617.SH,56
3546,601766.SH,56
3547,000868.SZ,56
3548,603390.SH,56
3549,300652.SZ,56
3550,002085.SZ,56
3551,603286.SH,56
3552,300258.SZ,56
3553,600335.SH,56
3554,603786.SH,56
3555,002488.SZ,56
3556,300475.SZ,56
3557,603680.SH,56
3558,603677.SH,56
3559,603179.SH,56
3560,000856.SZ,56
3561,600213.SH,56
3562,002454.SZ,56
3563,000757.SZ,56
3564,000338.SZ,56
3565,000980.SZ,56
3566,200030.SZ,56
3567,600303.SH,56
3568,300145.SZ,56
3569,600609.SH,56
3570,600418.SH,56
3571,002723.SZ,56
3572,603586.SH,56
3573,601777.SH,56
3574,600148.SH,56
3575,002708.SZ,56
3576,000957.SZ,56
3577,603949.SH,56
3578,900946.SH,56
3579,000570.SZ,56
3580,603111.SH,56
3581,603158.SH,56
3582,002363.SZ,56
3583,000951.SZ,56
3584,002046.SZ,56
3585,601127.SH,56
3586,603129.SH,56
3587,002906.SZ,56
3588,603767.SH,56
3589,600135.SH,56
3590,002048.SZ,56
3591,000030.SZ,56
3592,200706.SZ,56
3593,002265.SZ,56
3594,600066.SH,56
3595,002685.SZ,56
3596,603013.SH,56
3597,002725.SZ,56
3598,600421.SH,56
3599,002284.SZ,56
3600,000559.SZ,56
3601,000927.SZ,56
3602,603758.SH,56
3603,300718.SZ,56
3604,002863.SZ,56
3605,600742.SH,56
3606,600877.SH,56
3607,603009.SH,56
3608,603922.SH,56
3609,000572.SZ,56
3610,603178.SH,56
3611,603611.SH,56
3612,001696.SZ,56
3613,002592.SZ,56
3614,002232.SZ,56
3615,000601.SZ,56
3616,000862.SZ,56
3617,603037.SH,56
3618,603348.SH,56
3619,603035.SH,56
3620,002448.SZ,56
3621,603090.SH,56
3622,002920.SZ,56
3623,600960.SH,56
3624,300745.SZ,56
3625,000738.SZ,56
3626,600482.SH,56
3627,002283.SZ,56
3628,601238.SH,56
3629,002662.SZ,56
3630,603596.SH,56
3631,600375.SH,56
3632,603197.SH,56
3633,002355.SZ,56
3634,300391.SZ,56
3635,600523.SH,56
3636,002434.SZ,56
3637,601615.SH,56
3638,000678.SZ,56
3639,300100.SZ,56
3640,300695.SZ,56
3641,603335.SH,56
3642,000700.SZ,56
3643,000760.SZ,56
3644,600686.SH,56
3645,600218.SH,56
3646,002122.SZ,56
3647,002553.SZ,56
3648,000581.SZ,56
3649,002715.SZ,56
3650,600178.SH,56
3651,600746.SH,56
3652,002765.SZ,56
3653,601799.SH,56
3654,000920.SZ,56
3655,600558.SH,56
3656,600114.SH,56
3657,601633.SH,56
3658,603906.SH,56
3659,300415.SZ,56
3660,603926.SH,56
3661,600698.SH,56
3662,600297.SH,56
3663,600933.SH,56
3664,000595.SZ,56
3665,000800.SZ,56
3666,200570.SZ,56
3667,600166.SH,56
3668,601965.SH,56
3669,300547.SZ,56
3670,002594.SZ,56
3671,300816.SZ,56
3672,300817.SZ,56
3673,600997.SH,57
3674,002442.SZ,57
3675,600723.SH,57
3676,300225.SZ,57
3677,603650.SH,57
3678,300505.SZ,57
3679,600423.SH,57
3680,603181.SH,57
3681,603948.SH,57
3682,300346.SZ,57
3683,600352.SH,57
3684,000422.SZ,57
3685,600408.SH,57
3686,002632.SZ,57
3687,600618.SH,57
3688,600260.SH,57
3689,600301.SH,57
3690,603379.SH,57
3691,603983.SH,57
3692,603630.SH,57
3693,002455.SZ,57
3694,300494.SZ,57
3695,002019.SZ,57
3696,603113.SH,57
3697,600513.SH,57
3698,601117.SH,57
3699,600331.SH,57
3700,000902.SZ,57
3701,000737.SZ,57
3702,603041.SH,57
3703,002002.SZ,57
3704,600722.SH,57
3705,600470.SH,57
3706,600273.SH,57
3707,300758.SZ,57
3708,603260.SH,57
3709,600160.SH,57
3710,002805.SZ,57
3711,603737.SH,57
3712,603938.SH,57
3713,002601.SZ,57
3714,002407.SZ,57
3715,600486.SH,57
3716,600319.SH,57
3717,000707.SZ,57
3718,000953.SZ,57
3719,600308.SH,57
3720,300576.SZ,57
3721,000822.SZ,57
3722,600141.SH,57
3723,002942.SZ,57
3724,300647.SZ,57
3725,603968.SH,57
3726,600593.SH,57
3727,603661.SH,57
3728,603867.SH,57
3729,600091.SH,57
3730,002109.SZ,57
3731,000830.SZ,57
3732,300243.SZ,57
3733,300765.SZ,57
3734,002476.SZ,57
3735,002538.SZ,57
3736,300655.SZ,57
3737,300387.SZ,57
3738,002064.SZ,57
3739,600500.SH,57
3740,600426.SH,57
3741,002621.SZ,57
3742,600727.SH,57
3743,603538.SH,57
3744,300082.SZ,57
3745,002003.SZ,57
3746,600078.SH,57
3747,603081.SH,57
3748,000525.SZ,57
3749,002470.SZ,57
3750,600293.SH,57
3751,000426.SZ,57
3752,002637.SZ,57
3753,300721.SZ,57
3754,300405.SZ,57
3755,603360.SH,57
3756,300121.SZ,57
3757,002802.SZ,57
3758,603010.SH,57
3759,300641.SZ,57
3760,300412.SZ,57
3761,002447.SZ,57
3762,600731.SH,57
3763,601216.SH,57
3764,603089.SH,57
3765,002562.SZ,57
3766,002539.SZ,57
3767,900921.SH,57
3768,900951.SH,57
3769,600230.SH,57
3770,000059.SZ,57
3771,002340.SZ,57
3772,600096.SH,57
3773,000545.SZ,57
3774,000683.SZ,57
3775,300796.SZ,57
3776,600281.SH,57
3777,000731.SZ,57
3778,002588.SZ,57
3779,002753.SZ,57
3780,600315.SH,57
3781,600518.SH,57
3782,002274.SZ,57
3783,000912.SZ,57
3784,002467.SZ,57
3785,002201.SZ,57
3786,002092.SZ,57
3787,002382.SZ,57
3788,002409.SZ,57
3789,300295.SZ,57
3790,603928.SH,57
3791,000698.SZ,57
3792,000883.SZ,57
3793,300214.SZ,57
3794,600844.SH,57
3795,603067.SH,57
3796,900908.SH,57
3797,600409.SH,57
