,company,DEC_cluster
0,603363.SH,6
1,603128.SH,16
2,688039.SH,10
3,603127.SH,16
4,601068.SH,7
5,601969.SH,16
6,603551.SH,19
7,603637.SH,10
8,603298.SH,14
9,603180.SH,10
10,688015.SH,7
11,603898.SH,4
12,601689.SH,1
13,603158.SH,17
14,688021.SH,16
15,603218.SH,7
16,603603.SH,8
17,603007.SH,10
18,600996.SH,8
19,603722.SH,15
20,603353.SH,17
21,603001.SH,14
22,603955.SH,16
23,688022.SH,16
24,600936.SH,14
25,603716.SH,1
26,603659.SH,17
27,603017.SH,6
28,603045.SH,19
29,601258.SH,10
30,601368.SH,6
31,688139.SH,14
32,601766.SH,19
33,603199.SH,16
34,688037.SH,7
35,603790.SH,14
36,603236.SH,15
37,601633.SH,1
38,603995.SH,1
39,601989.SH,16
40,601200.SH,8
41,601801.SH,14
42,603078.SH,16
43,601579.SH,1
44,688208.SH,6
45,601216.SH,4
46,603533.SH,19
47,600939.SH,15
48,601299.SH,7
49,601618.SH,14
50,600919.SH,15
51,601339.SH,16
52,603035.SH,7
53,688159.SH,15
54,603680.SH,18
55,603301.SH,4
56,601231.SH,7
57,688033.SH,14
58,688258.SH,15
59,603330.SH,10
60,603578.SH,16
61,603386.SH,15
62,603500.SH,16
63,603896.SH,7
64,603399.SH,10
65,603661.SH,19
66,601669.SH,4
67,601860.SH,14
68,603566.SH,10
69,601330.SH,10
70,601069.SH,10
71,603617.SH,4
72,603116.SH,16
73,603730.SH,7
74,603583.SH,16
75,603878.SH,19
76,603985.SH,7
77,688016.SH,14
78,601636.SH,1
79,603991.SH,14
80,601882.SH,14
81,603029.SH,1
82,603055.SH,6
83,601127.SH,16
84,603638.SH,14
85,603010.SH,16
86,603949.SH,6
87,603738.SH,17
88,603601.SH,10
89,603099.SH,16
90,603090.SH,19
91,603920.SH,16
92,688036.SH,10
93,603881.SH,7
94,603041.SH,1
95,603613.SH,14
96,603318.SH,14
97,603901.SH,4
98,601366.SH,16
99,603665.SH,10
100,603676.SH,16
101,603662.SH,8
102,603773.SH,7
103,601698.SH,10
104,603701.SH,7
105,601615.SH,17
106,603157.SH,10
107,600901.SH,7
108,688202.SH,15
109,601512.SH,8
110,603167.SH,14
111,603115.SH,19
112,603359.SH,8
113,600917.SH,1
114,603989.SH,14
115,601179.SH,8
116,688166.SH,8
117,601985.SH,10
118,601116.SH,10
119,688186.SH,1
120,603488.SH,10
121,603507.SH,4
122,601163.SH,1
123,601966.SH,7
124,601608.SH,8
125,603042.SH,16
126,603489.SH,15
127,603387.SH,6
128,603912.SH,6
129,688098.SH,10
130,603886.SH,17
131,603378.SH,10
132,603138.SH,10
133,603351.SH,16
134,601718.SH,18
135,601199.SH,10
136,600968.SH,1
137,603786.SH,14
138,603569.SH,19
139,603022.SH,8
140,603311.SH,18
141,601616.SH,1
142,603355.SH,1
143,601599.SH,16
144,603998.SH,15
145,688023.SH,10
146,603368.SH,10
147,601106.SH,14
148,603577.SH,16
149,603003.SH,14
150,600475.SH,7
151,600349.SH,8
152,600348.SH,14
153,600481.SH,10
154,600557.SH,14
155,600553.SH,1
156,600487.SH,8
157,600446.SH,10
158,600039.SH,10
159,600401.SH,17
160,603458.SH,14
161,603323.SH,8
162,600592.SH,10
163,600960.SH,6
164,600012.SH,4
165,600432.SH,14
166,600485.SH,10
167,600050.SH,10
168,603178.SH,15
169,603679.SH,1
170,603121.SH,15
171,688198.SH,16
172,601375.SH,16
173,600552.SH,14
174,600992.SH,1
175,600460.SH,16
176,600406.SH,10
177,600327.SH,7
178,600490.SH,15
179,600493.SH,16
180,600511.SH,1
181,688068.SH,10
182,601916.SH,16
183,688100.SH,17
184,601108.SH,18
185,600357.SH,16
186,600035.SH,16
187,600343.SH,18
188,600503.SH,14
189,600439.SH,14
190,600565.SH,1
191,600547.SH,1
192,600562.SH,14
193,600273.SH,17
194,600527.SH,7
195,601808.SH,10
196,601066.SH,14
197,600928.SH,1
198,600993.SH,10
199,600563.SH,1
200,600476.SH,10
201,600477.SH,1
202,600004.SH,15
203,600597.SH,16
204,600559.SH,15
205,600021.SH,8
206,600026.SH,8
207,688010.SH,14
208,688218.SH,17
209,601107.SH,14
210,600251.SH,15
211,600549.SH,4
212,600020.SH,14
213,600967.SH,4
214,600587.SH,8
215,600595.SH,8
216,600340.SH,1
217,600531.SH,10
218,688108.SH,4
219,603203.SH,10
220,688333.SH,14
221,600015.SH,14
222,600576.SH,16
223,600579.SH,16
224,600479.SH,16
225,600449.SH,16
226,600507.SH,10
227,600438.SH,16
228,688188.SH,1
229,600505.SH,8
230,603758.SH,6
231,688118.SH,6
232,600969.SH,16
233,600271.SH,1
234,600577.SH,1
235,600538.SH,10
236,600570.SH,8
237,603826.SH,16
238,600375.SH,1
239,600516.SH,17
240,600403.SH,16
241,600521.SH,14
242,688090.SH,18
243,688288.SH,8
244,600593.SH,10
245,600572.SH,8
246,600469.SH,10
247,600489.SH,16
248,600988.SH,8
249,600452.SH,19
250,600397.SH,10
251,600525.SH,10
252,600031.SH,10
253,600030.SH,4
254,600502.SH,4
255,600429.SH,1
256,600371.SH,18
257,600586.SH,14
258,600561.SH,1
259,600491.SH,14
260,600545.SH,10
261,600990.SH,16
262,600370.SH,10
263,600584.SH,14
264,600571.SH,10
265,600352.SH,8
266,603139.SH,15
267,600423.SH,10
268,600522.SH,10
269,600355.SH,8
270,600463.SH,7
271,600470.SH,16
272,600114.SH,6
273,603890.SH,16
274,601880.SH,4
275,600900.SH,16
276,600480.SH,8
277,600573.SH,4
278,600963.SH,4
279,600515.SH,16
280,600980.SH,10
281,600517.SH,4
282,600529.SH,16
283,600462.SH,10
284,688123.SH,10
285,603938.SH,6
286,603076.SH,6
287,600495.SH,8
288,600478.SH,8
289,600976.SH,4
290,600560.SH,14
291,600467.SH,6
292,600459.SH,10
293,600435.SH,10
294,600551.SH,4
295,603319.SH,10
296,601628.SH,10
297,688357.SH,16
298,603879.SH,4
299,600392.SH,16
300,600510.SH,16
301,600497.SH,10
302,600591.SH,1
303,600540.SH,6
304,600590.SH,17
305,600184.SH,10
306,600496.SH,16
307,688006.SH,1
308,601838.SH,10
309,601997.SH,18
310,600926.SH,16
311,688389.SH,10
312,603712.SH,10
313,603976.SH,1
314,603895.SH,1
315,601005.SH,6
316,688138.SH,16
317,600426.SH,8
318,600537.SH,10
319,600526.SH,16
320,603823.SH,10
321,603517.SH,15
322,601099.SH,17
323,601128.SH,16
324,600416.SH,8
325,688278.SH,15
326,600983.SH,10
327,601333.SH,10
328,601699.SH,8
329,603855.SH,15
330,688268.SH,1
331,601158.SH,10
332,603700.SH,14
333,600472.SH,10
334,603899.SH,1
335,603516.SH,4
336,688363.SH,4
337,603357.SH,18
338,600387.SH,10
339,688089.SH,8
340,601866.SH,16
341,600482.SH,1
342,601666.SH,10
343,601006.SH,16
344,600433.SH,10
345,600354.SH,7
346,600284.SH,10
347,600970.SH,10
348,600425.SH,10
349,600029.SH,16
350,601519.SH,1
351,600575.SH,18
352,600546.SH,18
353,600249.SH,10
354,600444.SH,1
355,603803.SH,10
356,600535.SH,10
357,600436.SH,10
358,600409.SH,10
359,600351.SH,1
360,600512.SH,10
361,601598.SH,8
362,601577.SH,4
363,600973.SH,14
364,600532.SH,16
365,600499.SH,4
366,600408.SH,10
367,601588.SH,4
368,688086.SH,16
369,603356.SH,10
370,600580.SH,10
371,600513.SH,10
372,600581.SH,10
373,600458.SH,10
374,603966.SH,18
375,600908.SH,1
376,600353.SH,10
377,600979.SH,10
378,603885.SH,1
379,601238.SH,16
380,603927.SH,10
381,603109.SH,10
382,601788.SH,10
383,603960.SH,10
384,601118.SH,1
385,601919.SH,10
386,600025.SH,10
387,601001.SH,10
388,600987.SH,10
389,601958.SH,16
390,601038.SH,1
391,600962.SH,15
392,600143.SH,16
393,603527.SH,10
394,600056.SH,10
395,600057.SH,1
396,600058.SH,8
397,600059.SH,16
398,600022.SH,10
399,600981.SH,10
400,600060.SH,6
401,600061.SH,10
402,600062.SH,10
403,600063.SH,16
404,600064.SH,1
405,600065.SH,10
406,688388.SH,16
407,688396.SH,15
408,600066.SH,8
409,600067.SH,10
410,600068.SH,10
411,600069.SH,1
412,600982.SH,10
413,600984.SH,10
414,600070.SH,7
415,600071.SH,6
416,600072.SH,1
417,600073.SH,10
418,600074.SH,10
419,603303.SH,18
420,600075.SH,10
421,600076.SH,6
422,600077.SH,10
423,600078.SH,8
424,600079.SH,10
425,603595.SH,15
426,603063.SH,10
427,600120.SH,10
428,600121.SH,8
429,600122.SH,16
430,600123.SH,4
431,600089.SH,6
432,600090.SH,6
433,600091.SH,10
434,600092.SH,10
435,600093.SH,10
436,600105.SH,1
437,600106.SH,6
438,600107.SH,7
439,600108.SH,8
440,600109.SH,10
441,603168.SH,1
442,600125.SH,14
443,600126.SH,10
444,600127.SH,16
445,600128.SH,10
446,600129.SH,18
447,600094.SH,16
448,600095.SH,4
449,600096.SH,10
450,600097.SH,16
451,600098.SH,1
452,600099.SH,1
453,603226.SH,1
454,601886.SH,10
455,600110.SH,18
456,600111.SH,16
457,600112.SH,10
458,600113.SH,4
459,600115.SH,14
460,688011.SH,16
461,601658.SH,16
462,600000.SH,16
463,600001.SH,10
464,600002.SH,14
465,600080.SH,8
466,600081.SH,10
467,600082.SH,4
468,600083.SH,18
469,600084.SH,18
470,603466.SH,6
471,600003.SH,4
472,600005.SH,1
473,600006.SH,18
474,600007.SH,1
475,600008.SH,10
476,600009.SH,16
477,600100.SH,6
478,600101.SH,10
479,600102.SH,10
480,600103.SH,4
481,600104.SH,6
482,600010.SH,10
483,600011.SH,14
484,600016.SH,1
485,600019.SH,14
486,600116.SH,7
487,600117.SH,8
488,600118.SH,16
489,600119.SH,10
490,603848.SH,16
491,688007.SH,16
492,600028.SH,10
493,600033.SH,10
494,600036.SH,1
495,600037.SH,7
496,600085.SH,15
497,600086.SH,16
498,601975.SH,14
499,600088.SH,10
500,600038.SH,10
501,600051.SH,4
502,600052.SH,18
503,600053.SH,1
504,600054.SH,1
505,600055.SH,1
506,600345.SH,1
507,600346.SH,4
508,600350.SH,10
509,600356.SH,10
510,600358.SH,16
511,600359.SH,10
512,600365.SH,10
513,600366.SH,16
514,600367.SH,1
515,600368.SH,10
516,600369.SH,18
517,600146.SH,10
518,600148.SH,4
519,600149.SH,14
520,600150.SH,10
521,600145.SH,6
522,600151.SH,10
523,600242.SH,6
524,600243.SH,10
525,600246.SH,16
526,600247.SH,10
527,600241.SH,10
528,600248.SH,16
529,600583.SH,8
530,600585.SH,1
531,600588.SH,16
532,600589.SH,4
533,600671.SH,1
534,600672.SH,7
535,600673.SH,10
536,600674.SH,4
537,600675.SH,10
538,600676.SH,10
539,600152.SH,14
540,600153.SH,10
541,600155.SH,1
542,600156.SH,10
543,600157.SH,4
544,600250.SH,10
545,600252.SH,1
546,600253.SH,16
547,600255.SH,16
548,600256.SH,1
549,600596.SH,1
550,600598.SH,10
551,600599.SH,10
552,600600.SH,16
553,600601.SH,10
554,600372.SH,10
555,600373.SH,14
556,600376.SH,16
557,600377.SH,1
558,600378.SH,4
559,600158.SH,8
560,600159.SH,16
561,600160.SH,10
562,600161.SH,4
563,600162.SH,1
564,600163.SH,1
565,600257.SH,10
566,600258.SH,10
567,600259.SH,19
568,600260.SH,10
569,600602.SH,10
570,600603.SH,15
571,600604.SH,8
572,600605.SH,10
573,600606.SH,16
574,600379.SH,10
575,600380.SH,16
576,600381.SH,8
577,600382.SH,6
578,600383.SH,10
579,600166.SH,10
580,600167.SH,16
581,600168.SH,4
582,600169.SH,15
583,600165.SH,10
584,600261.SH,10
585,600262.SH,10
586,600263.SH,16
587,600265.SH,4
588,600266.SH,16
589,600267.SH,16
590,600607.SH,10
591,600608.SH,16
592,600609.SH,1
593,600610.SH,16
594,600611.SH,18
595,600612.SH,10
596,600385.SH,4
597,600386.SH,16
598,600388.SH,10
599,600389.SH,10
600,600390.SH,1
601,600171.SH,10
602,600172.SH,1
603,600173.SH,16
604,600175.SH,18
605,600170.SH,10
606,600176.SH,16
607,600268.SH,10
608,600269.SH,10
609,600270.SH,8
610,600275.SH,10
611,600276.SH,4
612,600614.SH,10
613,600615.SH,16
614,600616.SH,10
615,600617.SH,14
616,600613.SH,10
617,600618.SH,16
618,600391.SH,15
619,600393.SH,10
620,600395.SH,8
621,600396.SH,14
622,600398.SH,16
623,600177.SH,16
624,600178.SH,16
625,600179.SH,8
626,600180.SH,10
627,600181.SH,16
628,600182.SH,10
629,600277.SH,14
630,600278.SH,7
631,600279.SH,10
632,600280.SH,1
633,600281.SH,14
634,600619.SH,10
635,600620.SH,10
636,600621.SH,4
637,600622.SH,15
638,600623.SH,16
639,600624.SH,10
640,600399.SH,15
641,600400.SH,18
642,600415.SH,15
643,600418.SH,10
644,600419.SH,8
645,600183.SH,10
646,600185.SH,10
647,600186.SH,4
648,600187.SH,7
649,600188.SH,8
650,600282.SH,10
651,600283.SH,6
652,600285.SH,1
653,600286.SH,10
654,600287.SH,16
655,600625.SH,1
656,600626.SH,4
657,600627.SH,10
658,600628.SH,10
659,600629.SH,10
660,600422.SH,10
661,600428.SH,4
662,600448.SH,18
663,600456.SH,16
664,600466.SH,10
665,600190.SH,10
666,600191.SH,1
667,600192.SH,10
668,600193.SH,10
669,600189.SH,1
670,600195.SH,6
671,600288.SH,4
672,600289.SH,1
673,600290.SH,1
674,600291.SH,16
675,600292.SH,1
676,600630.SH,1
677,600631.SH,16
678,600632.SH,16
679,600633.SH,15
680,600634.SH,10
681,600635.SH,6
682,600486.SH,16
683,600488.SH,4
684,600498.SH,10
685,600468.SH,1
686,600500.SH,10
687,600196.SH,1
688,600197.SH,16
689,600198.SH,10
690,600199.SH,14
691,600200.SH,8
692,600293.SH,6
693,600296.SH,1
694,600297.SH,10
695,600298.SH,8
696,600299.SH,10
697,600636.SH,6
698,600637.SH,16
699,600638.SH,10
700,600639.SH,19
701,600640.SH,10
702,600501.SH,16
703,600506.SH,1
704,600508.SH,10
705,600509.SH,6
706,600201.SH,10
707,600202.SH,10
708,600203.SH,10
709,600205.SH,7
710,600206.SH,16
711,600300.SH,10
712,600301.SH,10
713,600302.SH,10
714,600303.SH,16
715,600642.SH,8
716,600643.SH,10
717,600644.SH,10
718,600645.SH,1
719,600646.SH,16
720,600641.SH,8
721,600647.SH,16
722,600518.SH,16
723,600519.SH,10
724,600520.SH,10
725,600523.SH,10
726,600528.SH,4
727,600207.SH,10
728,600208.SH,10
729,600209.SH,10
730,600210.SH,7
731,600211.SH,10
732,600212.SH,18
733,600305.SH,16
734,600306.SH,7
735,600307.SH,10
736,600308.SH,10
737,600309.SH,10
738,600648.SH,4
739,600649.SH,10
740,600650.SH,8
741,600651.SH,16
742,600652.SH,6
743,600530.SH,8
744,600533.SH,10
745,600536.SH,16
746,600539.SH,8
747,600548.SH,10
748,600213.SH,16
749,600215.SH,18
750,600216.SH,10
751,600217.SH,10
752,600218.SH,10
753,600310.SH,16
754,600311.SH,15
755,600312.SH,10
756,600313.SH,10
757,600315.SH,10
758,600653.SH,8
759,600654.SH,8
760,600655.SH,10
761,600656.SH,7
762,600657.SH,8
763,600658.SH,16
764,600659.SH,10
765,600556.SH,16
766,600558.SH,10
767,600566.SH,1
768,600550.SH,19
769,600567.SH,18
770,600219.SH,19
771,600220.SH,16
772,600221.SH,10
773,600222.SH,4
774,600223.SH,10
775,600316.SH,7
776,600317.SH,4
777,600318.SH,18
778,600319.SH,8
779,600321.SH,15
780,600322.SH,14
781,600660.SH,19
782,600661.SH,8
783,600662.SH,10
784,600663.SH,8
785,600664.SH,8
786,600568.SH,10
787,600569.SH,14
788,600578.SH,8
789,600582.SH,10
790,600226.SH,15
791,600227.SH,16
792,600228.SH,6
793,600229.SH,10
794,600225.SH,8
795,600323.SH,19
796,600326.SH,1
797,600328.SH,16
798,600329.SH,10
799,600665.SH,7
800,600666.SH,19
801,600667.SH,8
802,600668.SH,8
803,600669.SH,8
804,600670.SH,8
805,600130.SH,7
806,600131.SH,7
807,600132.SH,17
808,600133.SH,10
809,600135.SH,16
810,600230.SH,14
811,600231.SH,15
812,600232.SH,14
813,600233.SH,1
814,600234.SH,1
815,600330.SH,7
816,600331.SH,16
817,600332.SH,19
818,600333.SH,1
819,600335.SH,16
820,600360.SH,10
821,600361.SH,15
822,600362.SH,16
823,600363.SH,15
824,600136.SH,14
825,600137.SH,7
826,600138.SH,17
827,600139.SH,4
828,600141.SH,6
829,600236.SH,15
830,600237.SH,1
831,600238.SH,1
832,600235.SH,10
833,600239.SH,1
834,600240.SH,17
835,600336.SH,15
836,600337.SH,7
837,600338.SH,18
838,600339.SH,16
839,600842.SH,1
840,600843.SH,19
841,600844.SH,4
842,600845.SH,14
843,600846.SH,10
844,600682.SH,19
845,600683.SH,4
846,600684.SH,4
847,600685.SH,16
848,600686.SH,14
849,600764.SH,16
850,600765.SH,1
851,600766.SH,18
852,600767.SH,8
853,600768.SH,16
854,600769.SH,14
855,600847.SH,16
856,600848.SH,19
857,601607.SH,10
858,600850.SH,1
859,600851.SH,10
860,600852.SH,1
861,601168.SH,10
862,600018.SH,7
863,600687.SH,4
864,600688.SH,14
865,600689.SH,10
866,600690.SH,15
867,600770.SH,14
868,600771.SH,14
869,600772.SH,4
870,600773.SH,10
871,600774.SH,16
872,600853.SH,15
873,600854.SH,7
874,600855.SH,1
875,600856.SH,1
876,600857.SH,4
877,600325.SH,1
878,600691.SH,1
879,600692.SH,7
880,600693.SH,15
881,600694.SH,4
882,600695.SH,1
883,600775.SH,1
884,600776.SH,16
885,600777.SH,15
886,600778.SH,14
887,600858.SH,16
888,600859.SH,1
889,600860.SH,15
890,600861.SH,1
891,600862.SH,1
892,603937.SH,14
893,600696.SH,14
894,600697.SH,10
895,600698.SH,16
896,600699.SH,6
897,600700.SH,1
898,600701.SH,1
899,600779.SH,1
900,600780.SH,15
901,600781.SH,18
902,600782.SH,7
903,600783.SH,4
904,600863.SH,10
905,600864.SH,4
906,600865.SH,16
907,600866.SH,14
908,600867.SH,14
909,600868.SH,15
910,688081.SH,15
911,603269.SH,16
912,600702.SH,15
913,600703.SH,15
914,600704.SH,4
915,600705.SH,19
916,600706.SH,16
917,600784.SH,16
918,600785.SH,18
919,600786.SH,7
920,600787.SH,1
921,600869.SH,7
922,600870.SH,14
923,600871.SH,15
924,600872.SH,1
925,600455.SH,16
926,600961.SH,7
927,600707.SH,7
928,600708.SH,15
929,600709.SH,15
930,600710.SH,1
931,600711.SH,16
932,600712.SH,1
933,600788.SH,7
934,600789.SH,4
935,600790.SH,4
936,600791.SH,18
937,600792.SH,19
938,600793.SH,10
939,600873.SH,17
940,600874.SH,16
941,600875.SH,17
942,600876.SH,1
943,600877.SH,1
944,600295.SH,10
945,600272.SH,10
946,600320.SH,5
947,600713.SH,15
948,600714.SH,1
949,600715.SH,10
950,600716.SH,7
951,600717.SH,7
952,600794.SH,10
953,600795.SH,16
954,600796.SH,7
955,600797.SH,14
956,600798.SH,15
957,600879.SH,4
958,600880.SH,15
959,600881.SH,15
960,600882.SH,6
961,600883.SH,10
962,600878.SH,15
963,600543.SH,10
964,600978.SH,16
965,600718.SH,16
966,600719.SH,16
967,600720.SH,10
968,600721.SH,19
969,600722.SH,10
970,600799.SH,15
971,600800.SH,10
972,600801.SH,15
973,600802.SH,16
974,600803.SH,10
975,600884.SH,14
976,600885.SH,8
977,600886.SH,18
978,600887.SH,10
979,600888.SH,6
980,600483.SH,10
981,600405.SH,8
982,600461.SH,16
983,600723.SH,7
984,600724.SH,1
985,600725.SH,16
986,600726.SH,1
987,600727.SH,14
988,600728.SH,16
989,600804.SH,19
990,600805.SH,16
991,600806.SH,10
992,600807.SH,5
993,600808.SH,14
994,600809.SH,10
995,600890.SH,14
996,600891.SH,19
997,600892.SH,14
998,600893.SH,14
999,600889.SH,15
1000,603557.SH,15
1001,600555.SH,7
1002,688025.SH,14
1003,600729.SH,14
1004,600730.SH,14
1005,600731.SH,7
1006,600732.SH,1
1007,600733.SH,19
1008,600810.SH,1
1009,600811.SH,4
1010,600812.SH,10
1011,600813.SH,14
1012,600814.SH,16
1013,600894.SH,17
1014,600895.SH,14
1015,600896.SH,15
1016,600897.SH,14
1017,600898.SH,15
1018,600986.SH,10
1019,603607.SH,18
1020,600734.SH,7
1021,600735.SH,4
1022,600736.SH,16
1023,600737.SH,4
1024,600738.SH,16
1025,600815.SH,8
1026,600816.SH,8
1027,600817.SH,16
1028,600818.SH,16
1029,600819.SH,8
1030,600899.SH,15
1031,600739.SH,10
1032,600740.SH,10
1033,600741.SH,8
1034,600742.SH,8
1035,600743.SH,8
1036,600744.SH,4
1037,600820.SH,7
1038,600821.SH,15
1039,600822.SH,8
1040,600823.SH,1
1041,600824.SH,14
1042,600825.SH,7
1043,688066.SH,10
1044,603360.SH,8
1045,601992.SH,10
1046,603192.SH,15
1047,600745.SH,7
1048,600746.SH,16
1049,600747.SH,7
1050,600748.SH,7
1051,600749.SH,16
1052,600750.SH,17
1053,600826.SH,15
1054,600827.SH,15
1055,600828.SH,16
1056,600829.SH,15
1057,600830.SH,1
1058,600410.SH,15
1059,600985.SH,10
1060,600751.SH,14
1061,600752.SH,10
1062,600753.SH,1
1063,600754.SH,19
1064,600755.SH,7
1065,600756.SH,18
1066,600831.SH,15
1067,600832.SH,10
1068,600833.SH,15
1069,600834.SH,7
1070,600835.SH,7
1071,601800.SH,6
1072,600594.SH,14
1073,600757.SH,16
1074,600758.SH,18
1075,600759.SH,7
1076,600760.SH,18
1077,600761.SH,19
1078,600762.SH,19
1079,600763.SH,16
1080,600836.SH,14
1081,600837.SH,16
1082,600838.SH,14
1083,600839.SH,15
1084,600840.SH,7
1085,600841.SH,15
1086,601010.SH,15
1087,601000.SH,19
1088,600677.SH,16
1089,600678.SH,16
1090,600679.SH,14
1091,600680.SH,14
1092,600681.SH,16
1093,603681.SH,1
1094,688002.SH,1
1095,601002.SH,14
1096,688399.SH,16
1097,600027.SH,14
1098,600421.SH,19
1099,600966.SH,7
1100,603036.SH,16
1101,601952.SH,15
1102,603586.SH,14
1103,601218.SH,17
1104,600975.SH,16
1105,603858.SH,16
1106,601198.SH,15
1107,603290.SH,18
1108,603916.SH,17
1109,600965.SH,15
1110,600991.SH,17
1111,601688.SH,14
1112,600017.SH,16
1113,603069.SH,16
1114,600958.SH,16
1115,601328.SH,7
1116,601939.SH,10
1117,601398.SH,17
1118,601098.SH,16
1119,600995.SH,16
1120,600420.SH,7
1121,601288.SH,16
1122,601988.SH,1
1123,601901.SH,6
1124,601888.SH,16
1125,688012.SH,4
1126,601117.SH,16
1127,600971.SH,15
1128,601390.SH,16
1129,601318.SH,14
1130,601166.SH,16
1131,603501.SH,19
1132,601077.SH,14
1133,601003.SH,15
1134,688310.SH,15
1135,688111.SH,17
1136,601857.SH,10
1137,601336.SH,16
1138,601872.SH,15
1139,603289.SH,14
1140,688368.SH,7
1141,603683.SH,16
1142,603559.SH,7
1143,601377.SH,15
1144,601818.SH,16
1145,601319.SH,16
1146,600999.SH,10
1147,603456.SH,16
1148,603667.SH,10
1149,603610.SH,16
1150,601555.SH,1
1151,601211.SH,16
1152,603568.SH,1
1153,603799.SH,16
1154,688020.SH,7
1155,603200.SH,1
1156,603331.SH,10
1157,603980.SH,10
1158,603181.SH,16
1159,603110.SH,18
1160,603499.SH,15
1161,603906.SH,14
1162,601877.SH,14
1163,603222.SH,7
1164,603611.SH,14
1165,601727.SH,15
1166,601991.SH,15
1167,603903.SH,1
1168,688058.SH,17
1169,603316.SH,15
1170,603897.SH,16
1171,603098.SH,16
1172,603259.SH,6
1173,603956.SH,1
1174,603658.SH,18
1175,601717.SH,15
1176,603286.SH,15
1177,688298.SH,1
1178,603728.SH,16
1179,603444.SH,19
1180,600997.SH,14
1181,603900.SH,7
1182,603725.SH,16
1183,603822.SH,16
1184,603590.SH,4
1185,603429.SH,17
1186,600048.SH,10
1187,603808.SH,17
1188,603609.SH,16
1189,601233.SH,15
1190,688099.SH,15
1191,688321.SH,7
1192,601177.SH,1
1193,603639.SH,15
1194,601369.SH,15
1195,601012.SH,7
1196,688122.SH,10
1197,603612.SH,16
1198,688200.SH,14
1199,601360.SH,16
1200,603787.SH,7
1201,601222.SH,16
1202,603987.SH,14
1203,603633.SH,14
1204,601816.SH,15
1205,603169.SH,7
1206,601777.SH,4
1207,601101.SH,14
1208,601208.SH,1
1209,601558.SH,16
1210,603111.SH,16
1211,603585.SH,10
1212,688078.SH,6
1213,603068.SH,16
1214,603077.SH,15
1215,603333.SH,16
1216,603156.SH,15
1217,603877.SH,10
1218,601567.SH,4
1219,603508.SH,19
1220,601677.SH,10
1221,603606.SH,10
1222,603917.SH,1
1223,601566.SH,19
1224,601789.SH,14
1225,603993.SH,1
1226,601908.SH,16
1227,603123.SH,19
1228,603113.SH,15
1229,603136.SH,14
1230,688008.SH,16
1231,603863.SH,16
1232,603012.SH,7
1233,603689.SH,16
1234,603020.SH,19
1235,601088.SH,7
1236,601999.SH,4
1237,603002.SH,4
1238,601996.SH,10
1239,601311.SH,16
1240,601668.SH,19
1241,603629.SH,1
1242,603829.SH,16
1243,603179.SH,16
1244,601021.SH,7
1245,601811.SH,16
1246,603605.SH,18
1247,601918.SH,15
1248,603801.SH,7
1249,603530.SH,1
1250,603321.SH,16
1251,601139.SH,16
1252,601212.SH,16
1253,603919.SH,19
1254,603893.SH,10
1255,601268.SH,15
1256,601898.SH,16
1257,603636.SH,7
1258,601933.SH,1
1259,601007.SH,14
1260,601126.SH,14
1261,603058.SH,14
1262,603589.SH,16
1263,603733.SH,16
1264,603861.SH,18
1265,601028.SH,4
1266,601799.SH,14
1267,601137.SH,10
1268,603267.SH,16
1269,688028.SH,7
1270,601225.SH,7
1271,603129.SH,10
1272,603757.SH,14
1273,688299.SH,19
1274,601020.SH,8
1275,603126.SH,1
1276,603602.SH,15
1277,603778.SH,16
1278,603043.SH,16
1279,688169.SH,4
1280,603809.SH,7
1281,603390.SH,15
1282,688026.SH,15
1283,603718.SH,15
1284,603693.SH,14
1285,603686.SH,16
1286,603288.SH,15
1287,603277.SH,16
1288,603810.SH,16
1289,601018.SH,16
1290,603225.SH,1
1291,603228.SH,18
1292,603915.SH,16
1293,603106.SH,14
1294,603258.SH,7
1295,603085.SH,16
1296,603838.SH,10
1297,603856.SH,1
1298,601899.SH,16
1299,603630.SH,15
1300,603755.SH,19
1301,603876.SH,7
1302,603083.SH,17
1303,688266.SH,1
1304,601678.SH,14
1305,603233.SH,7
1306,603963.SH,1
1307,603958.SH,7
1308,603706.SH,15
1309,603096.SH,7
1310,603005.SH,14
1311,603398.SH,15
1312,603815.SH,15
1313,603656.SH,17
1314,603727.SH,16
1315,603860.SH,8
1316,688196.SH,1
1317,603019.SH,17
1318,603217.SH,16
1319,601228.SH,14
1320,603666.SH,6
1321,603279.SH,10
1322,603699.SH,1
1323,603717.SH,17
1324,603025.SH,18
1325,603327.SH,1
1326,603982.SH,16
1327,603709.SH,15
1328,603777.SH,15
1329,688019.SH,7
1330,603220.SH,15
1331,603039.SH,10
1332,603256.SH,16
1333,600998.SH,15
1334,603313.SH,18
1335,603348.SH,8
1336,688178.SH,16
1337,688398.SH,10
1338,603779.SH,15
1339,601058.SH,18
1340,603322.SH,10
1341,601929.SH,10
1342,688181.SH,10
1343,603926.SH,14
1344,603698.SH,1
1345,603657.SH,17
1346,603505.SH,10
1347,601206.SH,18
1348,603105.SH,10
1349,603297.SH,14
1350,603185.SH,14
1351,603031.SH,7
1352,601100.SH,16
1353,603788.SH,16
1354,603345.SH,8
1355,603053.SH,16
1356,603081.SH,16
1357,603668.SH,18
1358,603711.SH,7
1359,603088.SH,14
1360,603302.SH,1
1361,603977.SH,1
1362,600933.SH,14
1363,603650.SH,14
1364,603050.SH,16
1365,603015.SH,8
1366,601155.SH,10
1367,603708.SH,8
1368,603843.SH,15
1369,603833.SH,10
1370,688168.SH,10
1371,603519.SH,14
1372,601606.SH,16
1373,603067.SH,10
1374,688088.SH,15
1375,603697.SH,18
1376,603317.SH,16
1377,603887.SH,14
1378,603227.SH,1
1379,601326.SH,16
1380,603721.SH,10
1381,600977.SH,17
1382,688029.SH,14
1383,601798.SH,10
1384,688005.SH,16
1385,603369.SH,10
1386,601601.SH,16
1387,601298.SH,19
1388,603332.SH,14
1389,603027.SH,4
1390,603871.SH,14
1391,603131.SH,10
1392,601611.SH,5
1393,603032.SH,10
1394,603729.SH,14
1395,603177.SH,10
1396,603719.SH,10
1397,603908.SH,10
1398,601500.SH,10
1399,603328.SH,10
1400,688233.SH,8
1401,603165.SH,4
1402,603800.SH,10
1403,688366.SH,15
1404,603798.SH,4
1405,603818.SH,10
1406,603615.SH,4
1407,600023.SH,10
1408,603385.SH,19
1409,603196.SH,18
1410,603300.SH,16
1411,601226.SH,16
1412,601138.SH,19
1413,601016.SH,4
1414,603789.SH,14
1415,601865.SH,16
1416,603416.SH,10
1417,603103.SH,1
1418,603988.SH,10
1419,601595.SH,10
1420,603936.SH,1
1421,603996.SH,10
1422,601019.SH,10
1423,603970.SH,16
1424,603260.SH,8
1425,603393.SH,8
1426,603713.SH,8
1427,603707.SH,7
1428,603009.SH,7
1429,603056.SH,16
1430,603013.SH,16
1431,600959.SH,7
1432,603767.SH,4
1433,601086.SH,4
1434,603006.SH,1
1435,603859.SH,10
1436,603669.SH,1
1437,603528.SH,10
1438,603868.SH,15
1439,603329.SH,1
1440,603739.SH,10
1441,603365.SH,18
1442,603239.SH,14
1443,603766.SH,1
1444,603556.SH,10
1445,688369.SH,16
1446,603108.SH,10
1447,603986.SH,16
1448,603939.SH,1
1449,603869.SH,15
1450,603060.SH,8
1451,603080.SH,10
1452,603587.SH,1
1453,603967.SH,16
1454,600989.SH,7
1455,601011.SH,16
1456,603580.SH,10
1457,603690.SH,10
1458,603396.SH,6
1459,603101.SH,10
1460,603616.SH,4
1461,601828.SH,1
1462,603421.SH,16
1463,603889.SH,10
1464,603933.SH,7
1465,688300.SH,8
1466,603229.SH,10
1467,603309.SH,10
1468,601869.SH,6
1469,603306.SH,1
1470,603028.SH,10
1471,603776.SH,14
1472,603335.SH,16
1473,603320.SH,10
1474,603816.SH,10
1475,603187.SH,16
1476,603315.SH,10
1477,603030.SH,1
1478,603197.SH,10
1479,601968.SH,10
1480,603338.SH,16
1481,603866.SH,1
1482,603626.SH,16
1483,603208.SH,14
1484,603389.SH,16
1485,601949.SH,8
1486,603600.SH,1
1487,603117.SH,10
1488,603515.SH,4
1489,603983.SH,10
1490,603486.SH,16
1491,603599.SH,10
1492,603059.SH,8
1493,603687.SH,10
1494,603040.SH,10
1495,603366.SH,14
1496,603266.SH,10
1497,603016.SH,16
1498,603726.SH,10
1499,603918.SH,10
1500,603388.SH,1
1501,601388.SH,10
1502,603089.SH,8
1503,603021.SH,10
1504,603188.SH,10
1505,603990.SH,10
1506,603839.SH,14
1507,603797.SH,10
1508,603283.SH,16
1509,688358.SH,6
1510,688128.SH,4
1511,601600.SH,16
1512,688030.SH,8
1513,603183.SH,1
1514,601990.SH,10
1515,601162.SH,16
1516,603380.SH,10
1517,603195.SH,1
1518,601998.SH,10
1519,601229.SH,10
1520,601009.SH,8
1521,603655.SH,16
1522,601188.SH,8
1523,601518.SH,10
1524,601169.SH,10
1525,603093.SH,15
1526,601900.SH,18
1527,688009.SH,16
1528,601928.SH,16
1529,601878.SH,16
1530,601696.SH,1
1531,603118.SH,7
1532,601515.SH,7
1533,603883.SH,15
1534,603618.SH,10
1535,603948.SH,7
1536,603660.SH,10
1537,603520.SH,7
1538,603308.SH,1
1539,601236.SH,8
1540,603968.SH,1
1541,603959.SH,10
1542,603026.SH,10
1543,601186.SH,10
1544,688101.SH,8
1545,603999.SH,8
1546,601113.SH,10
1547,603558.SH,6
1548,603000.SH,8
1549,603159.SH,1
1550,603079.SH,10
1551,603536.SH,8
1552,601008.SH,4
1553,603232.SH,10
1554,600909.SH,6
1555,601881.SH,10
1556,603339.SH,10
1557,603596.SH,16
1558,603133.SH,14
1559,603326.SH,1
1560,603008.SH,10
1561,603379.SH,4
1562,603696.SH,18
1563,603978.SH,8
1564,603377.SH,4
1565,603628.SH,16
1566,603888.SH,18
1567,688001.SH,4
1568,601111.SH,4
1569,688199.SH,10
1570,603922.SH,16
1571,688116.SH,10
1572,603189.SH,10
1573,603066.SH,16
1574,603608.SH,4
1575,603535.SH,4
1576,603997.SH,8
1577,603086.SH,6
1578,603496.SH,1
1579,601700.SH,14
1580,603813.SH,14
1581,603969.SH,10
1582,603336.SH,10
1583,603928.SH,1
1584,603358.SH,16
1585,600903.SH,19
1586,603909.SH,1
1587,603880.SH,14
1588,603588.SH,18
1589,603811.SH,10
1590,603579.SH,16
1591,603619.SH,16
1592,603677.SH,7
1593,601965.SH,16
1594,603214.SH,16
1595,603033.SH,10
1596,603867.SH,10
1597,688080.SH,4
1598,603166.SH,1
1599,603819.SH,16
1600,603186.SH,1
1601,603598.SH,4
1602,600929.SH,7
1603,603299.SH,18
1604,603038.SH,4
1605,603663.SH,10
1606,603567.SH,10
1607,603882.SH,10
1608,603979.SH,6
1609,603703.SH,6
1610,603383.SH,8
1611,603929.SH,18
1612,603737.SH,1
1613,603688.SH,10
1614,603648.SH,15
1615,603518.SH,10
1616,603278.SH,6
1617,688018.SH,10
1618,603768.SH,10
1619,688177.SH,10
1620,603992.SH,10
1621,603555.SH,7
1622,603806.SH,1
1623,603018.SH,1
1624,603223.SH,10
1625,688003.SH,16
1626,603538.SH,16
1627,603477.SH,16
1628,603037.SH,16
1629,603161.SH,8
1630,601890.SH,1
1631,603023.SH,6
1632,603367.SH,10
1633,603825.SH,4
1634,603305.SH,16
1635,603506.SH,10
1636,603160.SH,1
1637,601858.SH,10
1638,601619.SH,1
1639,603238.SH,10
1640,603337.SH,4
1641,688158.SH,10
1642,603100.SH,4
1643,603828.SH,4
1644,603198.SH,16
1645,601015.SH,16
1646,603678.SH,1
1647,603268.SH,8
1648,603685.SH,10
1649,603011.SH,1
1650,603817.SH,10
1651,300381.SZ,14
1652,300222.SZ,10
1653,300416.SZ,10
1654,300234.SZ,10
1655,300395.SZ,10
1656,300454.SZ,10
1657,300246.SZ,10
1658,300400.SZ,10
1659,002882.SZ,1
1660,002711.SZ,16
1661,002692.SZ,1
1662,300297.SZ,10
1663,002967.SZ,10
1664,300559.SZ,4
1665,300405.SZ,10
1666,002965.SZ,16
1667,300460.SZ,14
1668,002957.SZ,10
1669,002780.SZ,10
1670,300793.SZ,8
1671,002658.SZ,10
1672,002766.SZ,10
1673,300720.SZ,8
1674,300470.SZ,1
1675,300670.SZ,8
1676,002796.SZ,17
1677,300403.SZ,16
1678,300735.SZ,14
1679,002662.SZ,10
1680,002802.SZ,1
1681,300586.SZ,10
1682,300572.SZ,10
1683,300217.SZ,4
1684,300287.SZ,18
1685,300781.SZ,10
1686,002777.SZ,10
1687,300343.SZ,10
1688,300796.SZ,16
1689,002880.SZ,18
1690,300426.SZ,10
1691,300780.SZ,10
1692,002761.SZ,15
1693,300779.SZ,7
1694,300457.SZ,1
1695,002546.SZ,18
1696,300369.SZ,14
1697,300718.SZ,16
1698,300280.SZ,1
1699,002791.SZ,4
1700,300013.SZ,14
1701,002334.SZ,4
1702,002220.SZ,7
1703,002299.SZ,8
1704,300059.SZ,18
1705,300061.SZ,4
1706,300235.SZ,7
1707,300084.SZ,8
1708,002444.SZ,10
1709,002492.SZ,10
1710,002445.SZ,6
1711,002213.SZ,7
1712,002278.SZ,10
1713,002469.SZ,1
1714,002441.SZ,16
1715,300637.SZ,16
1716,300465.SZ,7
1717,300809.SZ,14
1718,002933.SZ,16
1719,300695.SZ,16
1720,002972.SZ,1
1721,300739.SZ,4
1722,002845.SZ,10
1723,002447.SZ,10
1724,002459.SZ,16
1725,002430.SZ,16
1726,002284.SZ,10
1727,002276.SZ,16
1728,002282.SZ,19
1729,002362.SZ,6
1730,002283.SZ,16
1731,002226.SZ,10
1732,002217.SZ,8
1733,002434.SZ,1
1734,300069.SZ,6
1735,300067.SZ,18
1736,002435.SZ,10
1737,002438.SZ,15
1738,300002.SZ,6
1739,002277.SZ,10
1740,002229.SZ,8
1741,300001.SZ,10
1742,300004.SZ,10
1743,300005.SZ,10
1744,002504.SZ,19
1745,002325.SZ,10
1746,002353.SZ,1
1747,002359.SZ,10
1748,002311.SZ,7
1749,300017.SZ,10
1750,300071.SZ,1
1751,300233.SZ,1
1752,300025.SZ,1
1753,002370.SZ,15
1754,002326.SZ,1
1755,002344.SZ,1
1756,002314.SZ,18
1757,002293.SZ,7
1758,002323.SZ,18
1759,300030.SZ,7
1760,300247.SZ,10
1761,002328.SZ,10
1762,300040.SZ,19
1763,300585.SZ,16
1764,300563.SZ,7
1765,300584.SZ,14
1766,300684.SZ,1
1767,002683.SZ,7
1768,300555.SZ,4
1769,002586.SZ,19
1770,002346.SZ,15
1771,002318.SZ,19
1772,002319.SZ,1
1773,300032.SZ,10
1774,002529.SZ,1
1775,002352.SZ,1
1776,002317.SZ,4
1777,300713.SZ,4
1778,300514.SZ,16
1779,300708.SZ,17
1780,002849.SZ,4
1781,300686.SZ,18
1782,300771.SZ,18
1783,002238.SZ,7
1784,002247.SZ,1
1785,002176.SZ,14
1786,002237.SZ,1
1787,002230.SZ,1
1788,002295.SZ,16
1789,002182.SZ,10
1790,002184.SZ,17
1791,002205.SZ,15
1792,002198.SZ,16
1793,002360.SZ,16
1794,002179.SZ,7
1795,002196.SZ,10
1796,002241.SZ,4
1797,002245.SZ,19
1798,002242.SZ,4
1799,002177.SZ,10
1800,300792.SZ,15
1801,300642.SZ,16
1802,300812.SZ,19
1803,300697.SZ,16
1804,300292.SZ,6
1805,300729.SZ,7
1806,002706.SZ,7
1807,002531.SZ,16
1808,300451.SZ,15
1809,002951.SZ,7
1810,300237.SZ,15
1811,300751.SZ,1
1812,300336.SZ,7
1813,002881.SZ,14
1814,002800.SZ,16
1815,002649.SZ,15
1816,002816.SZ,16
1817,300256.SZ,18
1818,002868.SZ,16
1819,002553.SZ,10
1820,300721.SZ,10
1821,300455.SZ,15
1822,300268.SZ,14
1823,300447.SZ,14
1824,002847.SZ,1
1825,002762.SZ,16
1826,002356.SZ,16
1827,300079.SZ,10
1828,002774.SZ,7
1829,300358.SZ,7
1830,002842.SZ,10
1831,300439.SZ,7
1832,002699.SZ,18
1833,300766.SZ,7
1834,002690.SZ,6
1835,300657.SZ,10
1836,002578.SZ,10
1837,300480.SZ,8
1838,002916.SZ,8
1839,002725.SZ,8
1840,300592.SZ,10
1841,300717.SZ,16
1842,300531.SZ,1
1843,300489.SZ,14
1844,300393.SZ,6
1845,300184.SZ,1
1846,002632.SZ,1
1847,300618.SZ,15
1848,300177.SZ,16
1849,002793.SZ,7
1850,002731.SZ,7
1851,300452.SZ,16
1852,002565.SZ,17
1853,300424.SZ,10
1854,300113.SZ,10
1855,300112.SZ,15
1856,002561.SZ,1
1857,002341.SZ,1
1858,002461.SZ,19
1859,002599.SZ,10
1860,002291.SZ,10
1861,002280.SZ,7
1862,002290.SZ,15
1863,300165.SZ,16
1864,300624.SZ,15
1865,300816.SZ,1
1866,300041.SZ,16
1867,002831.SZ,1
1868,002740.SZ,16
1869,002626.SZ,14
1870,300263.SZ,10
1871,300118.SZ,7
1872,300129.SZ,14
1873,300133.SZ,10
1874,002292.SZ,16
1875,002285.SZ,15
1876,300413.SZ,15
1877,300109.SZ,1
1878,002505.SZ,18
1879,002511.SZ,17
1880,300108.SZ,1
1881,300487.SZ,14
1882,300509.SZ,19
1883,300261.SZ,14
1884,300646.SZ,14
1885,002555.SZ,7
1886,300241.SZ,15
1887,300156.SZ,17
1888,300154.SZ,15
1889,002738.SZ,7
1890,002508.SZ,16
1891,300517.SZ,17
1892,002745.SZ,16
1893,002380.SZ,16
1894,002501.SZ,15
1895,300230.SZ,10
1896,300799.SZ,14
1897,002574.SZ,15
1898,300440.SZ,7
1899,300065.SZ,10
1900,300064.SZ,16
1901,002374.SZ,16
1902,002589.SZ,7
1903,300216.SZ,16
1904,300467.SZ,19
1905,300593.SZ,16
1906,002721.SZ,7
1907,300702.SZ,7
1908,002453.SZ,7
1909,300085.SZ,16
1910,002382.SZ,14
1911,300644.SZ,1
1912,002551.SZ,16
1913,300197.SZ,14
1914,002401.SZ,16
1915,300136.SZ,15
1916,002494.SZ,7
1917,002485.SZ,17
1918,300401.SZ,17
1919,300131.SZ,17
1920,002465.SZ,14
1921,002748.SZ,18
1922,300193.SZ,16
1923,300036.SZ,18
1924,300797.SZ,16
1925,300043.SZ,18
1926,002378.SZ,1
1927,300046.SZ,16
1928,300050.SZ,15
1929,300219.SZ,4
1930,300054.SZ,10
1931,300094.SZ,4
1932,002301.SZ,14
1933,300759.SZ,16
1934,002630.SZ,1
1935,002392.SZ,16
1936,300277.SZ,16
1937,002405.SZ,15
1938,300229.SZ,16
1939,300661.SZ,16
1940,002516.SZ,16
1941,300612.SZ,14
1942,300126.SZ,14
1943,002348.SZ,7
1944,002487.SZ,7
1945,002349.SZ,14
1946,002538.SZ,17
1947,300031.SZ,7
1948,300123.SZ,16
1949,300122.SZ,14
1950,300554.SZ,1
1951,300810.SZ,14
1952,002468.SZ,16
1953,300232.SZ,18
1954,300662.SZ,7
1955,002495.SZ,10
1956,002503.SZ,1
1957,300325.SZ,14
1958,300143.SZ,18
1959,002408.SZ,16
1960,002355.SZ,1
1961,300029.SZ,17
1962,002354.SZ,10
1963,300725.SZ,1
1964,002753.SZ,17
1965,002734.SZ,16
1966,300305.SZ,18
1967,002624.SZ,1
1968,002614.SZ,4
1969,002472.SZ,1
1970,002569.SZ,7
1971,002889.SZ,17
1972,002330.SZ,7
1973,002389.SZ,1
1974,002395.SZ,1
1975,002387.SZ,16
1976,300048.SZ,15
1977,002566.SZ,15
1978,300063.SZ,18
1979,002688.SZ,16
1980,300265.SZ,15
1981,300616.SZ,16
1982,300377.SZ,16
1983,300762.SZ,15
1984,002475.SZ,15
1985,300120.SZ,15
1986,002333.SZ,14
1987,002615.SZ,14
1988,300049.SZ,4
1989,300083.SZ,15
1990,300062.SZ,19
1991,300101.SZ,16
1992,300215.SZ,16
1993,002512.SZ,16
1994,300244.SZ,1
1995,002518.SZ,14
1996,300289.SZ,7
1997,002477.SZ,16
1998,002493.SZ,16
1999,300245.SZ,16
2000,002379.SZ,19
2001,002363.SZ,15
2002,300078.SZ,14
2003,300755.SZ,7
2004,002515.SZ,17
2005,300125.SZ,10
2006,300128.SZ,6
2007,300354.SZ,1
2008,300132.SZ,16
2009,002491.SZ,15
2010,002335.SZ,15
2011,300107.SZ,16
2012,300141.SZ,10
2013,002390.SZ,10
2014,002398.SZ,1
2015,002458.SZ,14
2016,300469.SZ,14
2017,002539.SZ,19
2018,002693.SZ,14
2019,002481.SZ,10
2020,002483.SZ,15
2021,300121.SZ,10
2022,002294.SZ,15
2023,002286.SZ,1
2024,002287.SZ,16
2025,002289.SZ,16
2026,002297.SZ,14
2027,300742.SZ,10
2028,002975.SZ,16
2029,002061.SZ,10
2030,000100.SZ,10
2031,300679.SZ,16
2032,002952.SZ,18
2033,300789.SZ,16
2034,002935.SZ,17
2035,002938.SZ,16
2036,002936.SZ,6
2037,300636.SZ,7
2038,300648.SZ,16
2039,300597.SZ,16
2040,300551.SZ,1
2041,300700.SZ,16
2042,300685.SZ,15
2043,300722.SZ,19
2044,300703.SZ,15
2045,002887.SZ,15
2046,002110.SZ,16
2047,300660.SZ,14
2048,300727.SZ,14
2049,300719.SZ,16
2050,300765.SZ,1
2051,300741.SZ,1
2052,002187.SZ,16
2053,300577.SZ,16
2054,300669.SZ,16
2055,002871.SZ,7
2056,300777.SZ,7
2057,002372.SZ,18
2058,300818.SZ,16
2059,300081.SZ,16
2060,300170.SZ,10
2061,002484.SZ,7
2062,002001.SZ,16
2063,002807.SZ,10
2064,002002.SZ,1
2065,300787.SZ,19
2066,002927.SZ,4
2067,002950.SZ,16
2068,300768.SZ,14
2069,002159.SZ,7
2070,300696.SZ,16
2071,002960.SZ,8
2072,300701.SZ,16
2073,002168.SZ,7
2074,002066.SZ,18
2075,002146.SZ,7
2076,300152.SZ,15
2077,300149.SZ,19
2078,002102.SZ,16
2079,002051.SZ,10
2080,002064.SZ,14
2081,002075.SZ,4
2082,300672.SZ,16
2083,002320.SZ,15
2084,300558.SZ,10
2085,002305.SZ,16
2086,002303.SZ,16
2087,002070.SZ,14
2088,002279.SZ,18
2089,002098.SZ,19
2090,300601.SZ,1
2091,002306.SZ,15
2092,300630.SZ,15
2093,002771.SZ,10
2094,002337.SZ,4
2095,002377.SZ,16
2096,300114.SZ,1
2097,002044.SZ,15
2098,002085.SZ,14
2099,002080.SZ,1
2100,002961.SZ,1
2101,002105.SZ,14
2102,002103.SZ,14
2103,300807.SZ,7
2104,002404.SZ,10
2105,002489.SZ,16
2106,002843.SZ,15
2107,002097.SZ,10
2108,002940.SZ,7
2109,002451.SZ,4
2110,300353.SZ,7
2111,002096.SZ,17
2112,300183.SZ,7
2113,300225.SZ,15
2114,002067.SZ,15
2115,300504.SZ,10
2116,300811.SZ,14
2117,002114.SZ,14
2118,002115.SZ,14
2119,002093.SZ,19
2120,002076.SZ,7
2121,002117.SZ,16
2122,002462.SZ,15
2123,000001.SZ,15
2124,000002.SZ,14
2125,000003.SZ,1
2126,300647.SZ,10
2127,002120.SZ,16
2128,002148.SZ,15
2129,002072.SZ,1
2130,002071.SZ,16
2131,002068.SZ,15
2132,000030.SZ,14
2133,000031.SZ,14
2134,000032.SZ,16
2135,000033.SZ,1
2136,000034.SZ,10
2137,300689.SZ,18
2138,300678.SZ,7
2139,002261.SZ,10
2140,002203.SZ,10
2141,002705.SZ,16
2142,002232.SZ,15
2143,002207.SZ,18
2144,002118.SZ,7
2145,002211.SZ,17
2146,002572.SZ,1
2147,002216.SZ,19
2148,300090.SZ,16
2149,300096.SZ,10
2150,000016.SZ,15
2151,000017.SZ,14
2152,000018.SZ,7
2153,000019.SZ,15
2154,300650.SZ,14
2155,002045.SZ,10
2156,002145.SZ,15
2157,300444.SZ,1
2158,000035.SZ,15
2159,000036.SZ,18
2160,000037.SZ,14
2161,000038.SZ,14
2162,000039.SZ,15
2163,300743.SZ,14
2164,002896.SZ,1
2165,000875.SZ,7
2166,002099.SZ,14
2167,002100.SZ,16
2168,300080.SZ,15
2169,002101.SZ,15
2170,300414.SZ,14
2171,002200.SZ,16
2172,002073.SZ,14
2173,002154.SZ,15
2174,002086.SZ,10
2175,002119.SZ,14
2176,000020.SZ,10
2177,000021.SZ,14
2178,001872.SZ,18
2179,000023.SZ,4
2180,000024.SZ,16
2181,000025.SZ,7
2182,300710.SZ,7
2183,002966.SZ,16
2184,002327.SZ,10
2185,002191.SZ,19
2186,002060.SZ,7
2187,300477.SZ,16
2188,002190.SZ,7
2189,000004.SZ,7
2190,000005.SZ,7
2191,000006.SZ,15
2192,000007.SZ,7
2193,000008.SZ,10
2194,300643.SZ,16
2195,002900.SZ,15
2196,002041.SZ,6
2197,300150.SZ,7
2198,002112.SZ,16
2199,002037.SZ,19
2200,300681.SZ,19
2201,002653.SZ,16
2202,002948.SZ,8
2203,002594.SZ,15
2204,002046.SZ,15
2205,300803.SZ,16
2206,300179.SZ,15
2207,000026.SZ,10
2208,000027.SZ,16
2209,000028.SZ,16
2210,000029.SZ,7
2211,002338.SZ,14
2212,300026.SZ,14
2213,002116.SZ,7
2214,002331.SZ,16
2215,002083.SZ,16
2216,300091.SZ,7
2217,002038.SZ,1
2218,002074.SZ,16
2219,002062.SZ,15
2220,000009.SZ,16
2221,000010.SZ,15
2222,000011.SZ,6
2223,000012.SZ,19
2224,000013.SZ,7
2225,000014.SZ,7
2226,000015.SZ,16
2227,002088.SZ,15
2228,002332.SZ,7
2229,002450.SZ,15
2230,002350.SZ,1
2231,002056.SZ,15
2232,002172.SZ,8
2233,002047.SZ,16
2234,300445.SZ,15
2235,002040.SZ,14
2236,000623.SZ,16
2237,000625.SZ,15
2238,000626.SZ,19
2239,000627.SZ,16
2240,000628.SZ,15
2241,000629.SZ,1
2242,000636.SZ,16
2243,000637.SZ,14
2244,000638.SZ,14
2245,000639.SZ,14
2246,000650.SZ,7
2247,000058.SZ,15
2248,000059.SZ,19
2249,000060.SZ,7
2250,000061.SZ,10
2251,000526.SZ,16
2252,000527.SZ,15
2253,000528.SZ,1
2254,000529.SZ,1
2255,000530.SZ,15
2256,000723.SZ,16
2257,000727.SZ,10
2258,000728.SZ,7
2259,000722.SZ,18
2260,000729.SZ,15
2261,000730.SZ,4
2262,000823.SZ,10
2263,000825.SZ,7
2264,000826.SZ,15
2265,000827.SZ,6
2266,000828.SZ,19
2267,000062.SZ,16
2268,000063.SZ,1
2269,000065.SZ,16
2270,000066.SZ,19
2271,000531.SZ,14
2272,000532.SZ,19
2273,000533.SZ,14
2274,000534.SZ,15
2275,000535.SZ,16
2276,000536.SZ,16
2277,000731.SZ,16
2278,000732.SZ,16
2279,000733.SZ,15
2280,000735.SZ,16
2281,000736.SZ,16
2282,000651.SZ,19
2283,000652.SZ,17
2284,000653.SZ,15
2285,000655.SZ,14
2286,000656.SZ,15
2287,000657.SZ,16
2288,000068.SZ,1
2289,000069.SZ,16
2290,000070.SZ,7
2291,000078.SZ,8
2292,000088.SZ,17
2293,000537.SZ,14
2294,000538.SZ,6
2295,000539.SZ,18
2296,000540.SZ,16
2297,000541.SZ,19
2298,000542.SZ,10
2299,000737.SZ,15
2300,000738.SZ,7
2301,000739.SZ,1
2302,000748.SZ,15
2303,000750.SZ,7
2304,000751.SZ,10
2305,000658.SZ,14
2306,000659.SZ,1
2307,000660.SZ,7
2308,000661.SZ,1
2309,000662.SZ,7
2310,000089.SZ,4
2311,000090.SZ,16
2312,000096.SZ,16
2313,000099.SZ,15
2314,000150.SZ,7
2315,000543.SZ,7
2316,000544.SZ,10
2317,000545.SZ,14
2318,000546.SZ,7
2319,000547.SZ,16
2320,000548.SZ,14
2321,000753.SZ,4
2322,000755.SZ,19
2323,000756.SZ,15
2324,000757.SZ,15
2325,000752.SZ,16
2326,000663.SZ,14
2327,000665.SZ,16
2328,000666.SZ,7
2329,000667.SZ,16
2330,000668.SZ,14
2331,000151.SZ,14
2332,000153.SZ,17
2333,000155.SZ,10
2334,000156.SZ,7
2335,000157.SZ,17
2336,000549.SZ,14
2337,000550.SZ,17
2338,000551.SZ,15
2339,000552.SZ,7
2340,000553.SZ,14
2341,000758.SZ,8
2342,000759.SZ,16
2343,000760.SZ,7
2344,000761.SZ,1
2345,000762.SZ,16
2346,000669.SZ,16
2347,000670.SZ,16
2348,000671.SZ,15
2349,000672.SZ,7
2350,000673.SZ,14
2351,000158.SZ,16
2352,000159.SZ,17
2353,000301.SZ,17
2354,000400.SZ,8
2355,000554.SZ,1
2356,000555.SZ,18
2357,000556.SZ,16
2358,000557.SZ,10
2359,000558.SZ,15
2360,000559.SZ,10
2361,000765.SZ,15
2362,000766.SZ,7
2363,000767.SZ,8
2364,000768.SZ,15
2365,000769.SZ,14
2366,000763.SZ,14
2367,000675.SZ,7
2368,000676.SZ,1
2369,000677.SZ,1
2370,000678.SZ,10
2371,000679.SZ,19
2372,000680.SZ,17
2373,000402.SZ,16
2374,000403.SZ,15
2375,000404.SZ,10
2376,000405.SZ,7
2377,000401.SZ,1
2378,000406.SZ,10
2379,000407.SZ,16
2380,000560.SZ,18
2381,000561.SZ,16
2382,000562.SZ,16
2383,000563.SZ,15
2384,000564.SZ,14
2385,000776.SZ,6
2386,000777.SZ,10
2387,000778.SZ,8
2388,000779.SZ,16
2389,000780.SZ,8
2390,000681.SZ,10
2391,000682.SZ,10
2392,000683.SZ,15
2393,000685.SZ,10
2394,000686.SZ,18
2395,000408.SZ,10
2396,000409.SZ,16
2397,000410.SZ,14
2398,000411.SZ,7
2399,000412.SZ,15
2400,000413.SZ,7
2401,000565.SZ,10
2402,000566.SZ,7
2403,000567.SZ,16
2404,000568.SZ,16
2405,000569.SZ,7
2406,000570.SZ,19
2407,000783.SZ,7
2408,000785.SZ,8
2409,000786.SZ,18
2410,000787.SZ,16
2411,000782.SZ,14
2412,000788.SZ,16
2413,000688.SZ,14
2414,000689.SZ,15
2415,000690.SZ,7
2416,000691.SZ,15
2417,000687.SZ,1
2418,000692.SZ,19
2419,000415.SZ,7
2420,000416.SZ,7
2421,000417.SZ,10
2422,000418.SZ,16
2423,000419.SZ,17
2424,000571.SZ,4
2425,000572.SZ,1
2426,000573.SZ,8
2427,000576.SZ,14
2428,000578.SZ,10
2429,000789.SZ,18
2430,000790.SZ,15
2431,000791.SZ,18
2432,000792.SZ,15
2433,000793.SZ,16
2434,000693.SZ,15
2435,000695.SZ,16
2436,001696.SZ,16
2437,000697.SZ,1
2438,000698.SZ,15
2439,000421.SZ,19
2440,000422.SZ,10
2441,000423.SZ,10
2442,000420.SZ,19
2443,000425.SZ,17
2444,000582.SZ,4
2445,000583.SZ,14
2446,000581.SZ,17
2447,000584.SZ,15
2448,000585.SZ,14
2449,000586.SZ,1
2450,000795.SZ,15
2451,000796.SZ,16
2452,000797.SZ,4
2453,000798.SZ,7
2454,000799.SZ,19
2455,000800.SZ,15
2456,000699.SZ,16
2457,000700.SZ,17
2458,000701.SZ,17
2459,000702.SZ,10
2460,000703.SZ,15
2461,000426.SZ,15
2462,000428.SZ,10
2463,000429.SZ,17
2464,000430.SZ,8
2465,000498.SZ,16
2466,000501.SZ,15
2467,000587.SZ,15
2468,000588.SZ,15
2469,000589.SZ,16
2470,000590.SZ,10
2471,000591.SZ,10
2472,000802.SZ,10
2473,000803.SZ,16
2474,000805.SZ,16
2475,000801.SZ,16
2476,000705.SZ,17
2477,000707.SZ,1
2478,000708.SZ,4
2479,000709.SZ,10
2480,000502.SZ,10
2481,000503.SZ,10
2482,000504.SZ,8
2483,000505.SZ,16
2484,000506.SZ,15
2485,000592.SZ,7
2486,000593.SZ,16
2487,000594.SZ,18
2488,000595.SZ,1
2489,000596.SZ,4
2490,000597.SZ,7
2491,000806.SZ,7
2492,000807.SZ,16
2493,000809.SZ,10
2494,000810.SZ,15
2495,000811.SZ,15
2496,000710.SZ,16
2497,000711.SZ,4
2498,000712.SZ,10
2499,000713.SZ,16
2500,000715.SZ,16
2501,000716.SZ,7
2502,000508.SZ,10
2503,000509.SZ,15
2504,000510.SZ,15
2505,000511.SZ,8
2506,000507.SZ,14
2507,000513.SZ,15
2508,000598.SZ,16
2509,000599.SZ,16
2510,000600.SZ,14
2511,000601.SZ,10
2512,000602.SZ,14
2513,000603.SZ,14
2514,000813.SZ,1
2515,000815.SZ,7
2516,000816.SZ,16
2517,000817.SZ,10
2518,000812.SZ,15
2519,000718.SZ,16
2520,000719.SZ,16
2521,000720.SZ,10
2522,000721.SZ,15
2523,000717.SZ,16
2524,000514.SZ,14
2525,000515.SZ,15
2526,000516.SZ,16
2527,000517.SZ,10
2528,000518.SZ,4
2529,000605.SZ,16
2530,000606.SZ,1
2531,000607.SZ,16
2532,000608.SZ,15
2533,000609.SZ,16
2534,000818.SZ,10
2535,000819.SZ,16
2536,000820.SZ,7
2537,000821.SZ,10
2538,000822.SZ,10
2539,000040.SZ,15
2540,000042.SZ,1
2541,001914.SZ,14
2542,000045.SZ,4
2543,000046.SZ,19
2544,000047.SZ,10
2545,000519.SZ,6
2546,000520.SZ,15
2547,000521.SZ,17
2548,000522.SZ,16
2549,000610.SZ,1
2550,000611.SZ,18
2551,000612.SZ,16
2552,000613.SZ,17
2553,000615.SZ,1
2554,000630.SZ,16
2555,000631.SZ,16
2556,000632.SZ,1
2557,000633.SZ,10
2558,000635.SZ,15
2559,000048.SZ,6
2560,000049.SZ,14
2561,000050.SZ,17
2562,000055.SZ,10
2563,000056.SZ,7
2564,000523.SZ,16
2565,000524.SZ,8
2566,000525.SZ,15
2567,000616.SZ,16
2568,000617.SZ,15
2569,000618.SZ,16
2570,000619.SZ,7
2571,000620.SZ,14
2572,000621.SZ,15
2573,000622.SZ,16
2574,000835.SZ,7
2575,000836.SZ,8
2576,000837.SZ,14
2577,000838.SZ,10
2578,000839.SZ,4
2579,000950.SZ,10
2580,000951.SZ,1
2581,000952.SZ,4
2582,000953.SZ,10
2583,000949.SZ,16
2584,000850.SZ,1
2585,000851.SZ,1
2586,000852.SZ,1
2587,000856.SZ,10
2588,000848.SZ,16
2589,000955.SZ,1
2590,000956.SZ,10
2591,000957.SZ,4
2592,000958.SZ,15
2593,000959.SZ,16
2594,300617.SZ,15
2595,000858.SZ,19
2596,000859.SZ,15
2597,000860.SZ,6
2598,000861.SZ,6
2599,000862.SZ,10
2600,000960.SZ,10
2601,000961.SZ,1
2602,000962.SZ,7
2603,000963.SZ,10
2604,000965.SZ,10
2605,300674.SZ,1
2606,002181.SZ,1
2607,000863.SZ,1
2608,000866.SZ,15
2609,000868.SZ,17
2610,000869.SZ,10
2611,000876.SZ,4
2612,000966.SZ,1
2613,000967.SZ,16
2614,000968.SZ,16
2615,000969.SZ,7
2616,000970.SZ,4
2617,002976.SZ,16
2618,000877.SZ,6
2619,000878.SZ,8
2620,000880.SZ,15
2621,000881.SZ,10
2622,000971.SZ,8
2623,000972.SZ,1
2624,000973.SZ,16
2625,000975.SZ,10
2626,000976.SZ,16
2627,000882.SZ,16
2628,000883.SZ,6
2629,000885.SZ,18
2630,000886.SZ,1
2631,000887.SZ,10
2632,000977.SZ,10
2633,000978.SZ,1
2634,000979.SZ,6
2635,000980.SZ,10
2636,000981.SZ,10
2637,002825.SZ,10
2638,002510.SZ,16
2639,300737.SZ,16
2640,000888.SZ,10
2641,000889.SZ,16
2642,000890.SZ,10
2643,000892.SZ,16
2644,000893.SZ,10
2645,000982.SZ,10
2646,000983.SZ,4
2647,000985.SZ,16
2648,000987.SZ,16
2649,000988.SZ,10
2650,000989.SZ,10
2651,002709.SZ,16
2652,000895.SZ,7
2653,001896.SZ,4
2654,000897.SZ,16
2655,000898.SZ,1
2656,000899.SZ,16
2657,000900.SZ,16
2658,000990.SZ,10
2659,000991.SZ,1
2660,000993.SZ,16
2661,000995.SZ,16
2662,000996.SZ,8
2663,000997.SZ,8
2664,002663.SZ,19
2665,000901.SZ,18
2666,000902.SZ,8
2667,000903.SZ,1
2668,000905.SZ,6
2669,000998.SZ,4
2670,000999.SZ,10
2671,000488.SZ,10
2672,000725.SZ,8
2673,000726.SZ,4
2674,300775.SZ,8
2675,000906.SZ,10
2676,000908.SZ,1
2677,000909.SZ,16
2678,000910.SZ,16
2679,000911.SZ,16
2680,002929.SZ,6
2681,300497.SZ,1
2682,002907.SZ,10
2683,000912.SZ,10
2684,000913.SZ,16
2685,000915.SZ,16
2686,000916.SZ,6
2687,000917.SZ,16
2688,000918.SZ,1
2689,300776.SZ,10
2690,000920.SZ,6
2691,000921.SZ,4
2692,000922.SZ,10
2693,000923.SZ,10
2694,000919.SZ,18
2695,000925.SZ,16
2696,000926.SZ,8
2697,000927.SZ,8
2698,000928.SZ,18
2699,000929.SZ,1
2700,300671.SZ,8
2701,300633.SZ,10
2702,300613.SZ,4
2703,000930.SZ,4
2704,000931.SZ,10
2705,000932.SZ,1
2706,000933.SZ,1
2707,000935.SZ,10
2708,000936.SZ,4
2709,000937.SZ,1
2710,000938.SZ,1
2711,000939.SZ,6
2712,000948.SZ,4
2713,300638.SZ,6
2714,000829.SZ,16
2715,000830.SZ,10
2716,000831.SZ,4
2717,000832.SZ,10
2718,000833.SZ,4
2719,300683.SZ,10
2720,300294.SZ,16
2721,300195.SZ,16
2722,002570.SZ,8
2723,002124.SZ,10
2724,300349.SZ,10
2725,002949.SZ,10
2726,300801.SZ,8
2727,300627.SZ,10
2728,002943.SZ,10
2729,300605.SZ,16
2730,002869.SZ,1
2731,002009.SZ,8
2732,002010.SZ,16
2733,002006.SZ,10
2734,002033.SZ,10
2735,002035.SZ,8
2736,002011.SZ,1
2737,300723.SZ,10
2738,002034.SZ,18
2739,002025.SZ,8
2740,300747.SZ,16
2741,000333.SZ,15
2742,002866.SZ,10
2743,002003.SZ,10
2744,002023.SZ,8
2745,002043.SZ,16
2746,002004.SZ,10
2747,002365.SZ,10
2748,002427.SZ,1
2749,300609.SZ,16
2750,002358.SZ,19
2751,002206.SZ,16
2752,002963.SZ,8
2753,002026.SZ,10
2754,002007.SZ,10
2755,002008.SZ,17
2756,300205.SZ,16
2757,002946.SZ,10
2758,300602.SZ,16
2759,002024.SZ,1
2760,002931.SZ,4
2761,002005.SZ,16
2762,002520.SZ,10
2763,300760.SZ,16
2764,000338.SZ,6
2765,002053.SZ,10
2766,002104.SZ,1
2767,300318.SZ,1
2768,002141.SZ,4
2769,002055.SZ,10
2770,002015.SZ,10
2771,002016.SZ,16
2772,002029.SZ,6
2773,300151.SZ,6
2774,300549.SZ,8
2775,300199.SZ,16
2776,002809.SZ,18
2777,002567.SZ,8
2778,002432.SZ,8
2779,300407.SZ,16
2780,002030.SZ,1
2781,002017.SZ,6
2782,002018.SZ,10
2783,300361.SZ,8
2784,300557.SZ,10
2785,300819.SZ,16
2786,300072.SZ,6
2787,300070.SZ,16
2788,002668.SZ,7
2789,002111.SZ,15
2790,002107.SZ,8
2791,002019.SZ,10
2792,002020.SZ,8
2793,002021.SZ,8
2794,002039.SZ,10
2795,000166.SZ,8
2796,002736.SZ,8
2797,002939.SZ,10
2798,002500.SZ,8
2799,300388.SZ,16
2800,300015.SZ,10
2801,002530.SZ,10
2802,002507.SZ,14
2803,002375.SZ,16
2804,002087.SZ,10
2805,002069.SZ,16
2806,002082.SZ,7
2807,002042.SZ,16
2808,002322.SZ,16
2809,002797.SZ,16
2810,002863.SZ,10
2811,002309.SZ,16
2812,002092.SZ,16
2813,002089.SZ,18
2814,002057.SZ,10
2815,002347.SZ,7
2816,002048.SZ,4
2817,002049.SZ,14
2818,300778.SZ,16
2819,001979.SZ,7
2820,002523.SZ,16
2821,002079.SZ,16
2822,002078.SZ,19
2823,300016.SZ,14
2824,002058.SZ,15
2825,002077.SZ,15
2826,002059.SZ,7
2827,002031.SZ,19
2828,002050.SZ,16
2829,002032.SZ,15
2830,002022.SZ,10
2831,300498.SZ,1
2832,300273.SZ,8
2833,002091.SZ,7
2834,002094.SZ,19
2835,300271.SZ,19
2836,002065.SZ,10
2837,300434.SZ,10
2838,001965.SZ,8
2839,300006.SZ,10
2840,300142.SZ,1
2841,002727.SZ,19
2842,002839.SZ,16
2843,002153.SZ,8
2844,002063.SZ,16
2845,002095.SZ,10
2846,002903.SZ,10
2847,002756.SZ,17
2848,002703.SZ,16
2849,002687.SZ,14
2850,002052.SZ,7
2851,002090.SZ,15
2852,002084.SZ,7
2853,002081.SZ,16
2854,300673.SZ,10
2855,300802.SZ,4
2856,002109.SZ,16
2857,300715.SZ,1
2858,002888.SZ,18
2859,002686.SZ,10
2860,002718.SZ,10
2861,002381.SZ,16
2862,300693.SZ,7
2863,300728.SZ,7
2864,300711.SZ,16
2865,002909.SZ,8
2866,002479.SZ,10
2867,002418.SZ,19
2868,002942.SZ,7
2869,300033.SZ,16
2870,002139.SZ,16
2871,002403.SZ,16
2872,002783.SZ,10
2873,002149.SZ,16
2874,002296.SZ,15
2875,002448.SZ,8
2876,002343.SZ,7
2877,002300.SZ,1
2878,002637.SZ,14
2879,300020.SZ,14
2880,002806.SZ,16
2881,002917.SZ,16
2882,002414.SZ,16
2883,300342.SZ,14
2884,300175.SZ,1
2885,002786.SZ,6
2886,002857.SZ,16
2887,300008.SZ,18
2888,002527.SZ,15
2889,300547.SZ,16
2890,002351.SZ,8
2891,300503.SZ,10
2892,300202.SZ,10
2893,300687.SZ,14
2894,300168.SZ,1
2895,002562.SZ,16
2896,300051.SZ,4
2897,300102.SZ,10
2898,002012.SZ,16
2899,002036.SZ,10
2900,300303.SZ,14
2901,002108.SZ,10
2902,002054.SZ,10
2903,002027.SZ,10
2904,002013.SZ,16
2905,002014.SZ,4
2906,002028.SZ,7
2907,300376.SZ,1
2908,300313.SZ,18
2909,300319.SZ,15
2910,300560.SZ,10
2911,300653.SZ,10
2912,002521.SZ,15
2913,002367.SZ,7
2914,002579.SZ,16
2915,300014.SZ,16
2916,002422.SZ,14
2917,002499.SZ,16
2918,002680.SZ,16
2919,300106.SZ,16
2920,300279.SZ,10
2921,002455.SZ,10
2922,300044.SZ,10
2923,300167.SZ,10
2924,300546.SZ,1
2925,002906.SZ,1
2926,002750.SZ,16
2927,002722.SZ,17
2928,300116.SZ,10
2929,300018.SZ,16
2930,300323.SZ,7
2931,002643.SZ,16
2932,300190.SZ,1
2933,002733.SZ,16
2934,002482.SZ,16
2935,300144.SZ,1
2936,002415.SZ,14
2937,002364.SZ,10
2938,002545.SZ,6
2939,300110.SZ,18
2940,002498.SZ,18
2941,300088.SZ,7
2942,300023.SZ,15
2943,002799.SZ,16
2944,300103.SZ,7
2945,002313.SZ,1
2946,002660.SZ,17
2947,002421.SZ,17
2948,002534.SZ,16
2949,002535.SZ,16
2950,300295.SZ,16
2951,300379.SZ,8
2952,002638.SZ,8
2953,300372.SZ,8
2954,002449.SZ,8
2955,300164.SZ,16
2956,002316.SZ,10
2957,002384.SZ,16
2958,300390.SZ,10
2959,002471.SZ,7
2960,002540.SZ,7
2961,002559.SZ,16
2962,300356.SZ,18
2963,300045.SZ,16
2964,002554.SZ,14
2965,002406.SZ,4
2966,300039.SZ,15
2967,300074.SZ,10
2968,002808.SZ,7
2969,300382.SZ,10
2970,300192.SZ,1
2971,002426.SZ,17
2972,300346.SZ,18
2973,300135.SZ,4
2974,002478.SZ,7
2975,300034.SZ,16
2976,300231.SZ,10
2977,300011.SZ,10
2978,002669.SZ,18
2979,300272.SZ,4
2980,002324.SZ,10
2981,300331.SZ,16
2982,002336.SZ,16
2983,002661.SZ,10
2984,300339.SZ,16
2985,300284.SZ,14
2986,002513.SZ,16
2987,002496.SZ,4
2988,300472.SZ,19
2989,002819.SZ,14
2990,002310.SZ,7
2991,300367.SZ,16
2992,002568.SZ,10
2993,002506.SZ,1
2994,300226.SZ,7
2995,002588.SZ,1
2996,002644.SZ,4
2997,002910.SZ,15
2998,002425.SZ,16
2999,002576.SZ,16
3000,002519.SZ,10
3001,002409.SZ,8
3002,002778.SZ,7
3003,300182.SZ,14
3004,300075.SZ,10
3005,300324.SZ,16
3006,002366.SZ,16
3007,300022.SZ,7
3008,300027.SZ,10
3009,002928.SZ,10
3010,300095.SZ,10
3011,002591.SZ,16
3012,002695.SZ,16
3013,002460.SZ,7
3014,002698.SZ,1
3015,002385.SZ,7
3016,300134.SZ,16
3017,002749.SZ,7
3018,002466.SZ,7
3019,002592.SZ,14
3020,300274.SZ,10
3021,002622.SZ,6
3022,002610.SZ,16
3023,002601.SZ,16
3024,002321.SZ,16
3025,002657.SZ,18
3026,300003.SZ,7
3027,300406.SZ,10
3028,300820.SZ,15
3029,300463.SZ,15
3030,002497.SZ,19
3031,002457.SZ,7
3032,300076.SZ,16
3033,300007.SZ,7
3034,300437.SZ,16
3035,002536.SZ,7
3036,300212.SZ,10
3037,300682.SZ,15
3038,002368.SZ,6
3039,300047.SZ,7
3040,300052.SZ,14
3041,300163.SZ,16
3042,002613.SZ,10
3043,002383.SZ,16
3044,300302.SZ,19
3045,300117.SZ,16
3046,002573.SZ,10
3047,300264.SZ,17
3048,002429.SZ,7
3049,002436.SZ,15
3050,002473.SZ,4
3051,300314.SZ,15
3052,300329.SZ,18
3053,300659.SZ,7
3054,300189.SZ,16
3055,300035.SZ,8
3056,002878.SZ,16
3057,300541.SZ,10
3058,300296.SZ,16
3059,300012.SZ,16
3060,002587.SZ,10
3061,300130.SZ,6
3062,002805.SZ,16
3063,300321.SZ,16
3064,002580.SZ,16
3065,002476.SZ,7
3066,300099.SZ,14
3067,002549.SZ,16
3068,300267.SZ,16
3069,300010.SZ,10
3070,002373.SZ,10
3071,002642.SZ,19
3072,300568.SZ,16
3073,300042.SZ,19
3074,300124.SZ,10
3075,002376.SZ,4
3076,002526.SZ,7
3077,300479.SZ,1
3078,002921.SZ,18
3079,300187.SZ,16
3080,300730.SZ,16
3081,002452.SZ,16
3082,300344.SZ,19
3083,300073.SZ,10
3084,300513.SZ,7
3085,300157.SZ,17
3086,002399.SZ,16
3087,300206.SZ,6
3088,300178.SZ,10
3089,300389.SZ,7
3090,002595.SZ,14
3091,300185.SZ,19
3092,002470.SZ,6
3093,300566.SZ,4
3094,002315.SZ,16
3095,300119.SZ,16
3096,300542.SZ,16
3097,300690.SZ,16
3098,300652.SZ,15
3099,300468.SZ,7
3100,300370.SZ,19
3101,300213.SZ,17
3102,002763.SZ,16
3103,002433.SZ,16
3104,002400.SZ,1
3105,002918.SZ,7
3106,300093.SZ,16
3107,300221.SZ,16
3108,300038.SZ,4
3109,300200.SZ,16
3110,002281.SZ,15
3111,002224.SZ,7
3112,002219.SZ,10
3113,002544.SZ,15
3114,002227.SZ,15
3115,002244.SZ,8
3116,002239.SZ,8
3117,002502.SZ,10
3118,300482.SZ,14
3119,300147.SZ,1
3120,002678.SZ,1
3121,002437.SZ,17
3122,300310.SZ,10
3123,002202.SZ,16
3124,002162.SZ,14
3125,002270.SZ,17
3126,002446.SZ,16
3127,002269.SZ,10
3128,300583.SZ,16
3129,002147.SZ,15
3130,002410.SZ,7
3131,002710.SZ,16
3132,002312.SZ,16
3133,002651.SZ,7
3134,300203.SZ,16
3135,300169.SZ,10
3136,002163.SZ,16
3137,002255.SZ,14
3138,002174.SZ,16
3139,002164.SZ,7
3140,002169.SZ,16
3141,002267.SZ,10
3142,002157.SZ,16
3143,002257.SZ,14
3144,002218.SZ,10
3145,002480.SZ,16
3146,002773.SZ,7
3147,300019.SZ,16
3148,002697.SZ,6
3149,002253.SZ,16
3150,002246.SZ,16
3151,002234.SZ,10
3152,002195.SZ,16
3153,002397.SZ,10
3154,002214.SZ,7
3155,002235.SZ,1
3156,002288.SZ,16
3157,002180.SZ,18
3158,300028.SZ,10
3159,300127.SZ,7
3160,300543.SZ,7
3161,300688.SZ,15
3162,002194.SZ,10
3163,002272.SZ,16
3164,002171.SZ,16
3165,002197.SZ,16
3166,002151.SZ,16
3167,002156.SZ,17
3168,300138.SZ,14
3169,300408.SZ,14
3170,300021.SZ,16
3171,300641.SZ,14
3172,002175.SZ,1
3173,002275.SZ,10
3174,002266.SZ,16
3175,002304.SZ,16
3176,002155.SZ,1
3177,002178.SZ,16
3178,002417.SZ,1
3179,300745.SZ,17
3180,002189.SZ,17
3181,002223.SZ,10
3182,002262.SZ,16
3183,002222.SZ,6
3184,002407.SZ,15
3185,002201.SZ,16
3186,002509.SZ,16
3187,002474.SZ,1
3188,300598.SZ,8
3189,002883.SZ,7
3190,300375.SZ,1
3191,300474.SZ,17
3192,002123.SZ,19
3193,002259.SZ,16
3194,002233.SZ,15
3195,002243.SZ,15
3196,002236.SZ,16
3197,002188.SZ,15
3198,002221.SZ,4
3199,002251.SZ,16
3200,300338.SZ,1
3201,300009.SZ,16
3202,002125.SZ,10
3203,002121.SZ,15
3204,002126.SZ,16
3205,002122.SZ,15
3206,002173.SZ,18
3207,002225.SZ,7
3208,002260.SZ,8
3209,002258.SZ,4
3210,002209.SZ,14
3211,002467.SZ,16
3212,002274.SZ,16
3213,002361.SZ,16
3214,300068.SZ,15
3215,300111.SZ,4
3216,002129.SZ,16
3217,002143.SZ,16
3218,002443.SZ,16
3219,002743.SZ,4
3220,002264.SZ,10
3221,002419.SZ,10
3222,002204.SZ,16
3223,002212.SZ,10
3224,002158.SZ,16
3225,002231.SZ,16
3226,002183.SZ,16
3227,002208.SZ,16
3228,002488.SZ,16
3229,002440.SZ,1
3230,002674.SZ,16
3231,300056.SZ,16
3232,002127.SZ,10
3233,002131.SZ,16
3234,002132.SZ,10
3235,002371.SZ,16
3236,002463.SZ,16
3237,002165.SZ,10
3238,002192.SZ,7
3239,002199.SZ,10
3240,002273.SZ,16
3241,002396.SZ,15
3242,002271.SZ,4
3243,002268.SZ,19
3244,002193.SZ,16
3245,002185.SZ,16
3246,300161.SZ,14
3247,002563.SZ,16
3248,002605.SZ,7
3249,002135.SZ,7
3250,002134.SZ,8
3251,002138.SZ,16
3252,002248.SZ,10
3253,002137.SZ,7
3254,002490.SZ,16
3255,002329.SZ,6
3256,002215.SZ,15
3257,002254.SZ,16
3258,002160.SZ,18
3259,002391.SZ,16
3260,002210.SZ,7
3261,002769.SZ,15
3262,002340.SZ,10
3263,002547.SZ,15
3264,002152.SZ,16
3265,002150.SZ,1
3266,002133.SZ,10
3267,002136.SZ,1
3268,002240.SZ,10
3269,002252.SZ,16
3270,002161.SZ,4
3271,002249.SZ,10
3272,002256.SZ,16
3273,002715.SZ,16
3274,300260.SZ,16
3275,300306.SZ,4
3276,002128.SZ,1
3277,002130.SZ,16
3278,002250.SZ,16
3279,002113.SZ,16
3280,002265.SZ,18
3281,002186.SZ,10
3282,002166.SZ,10
3283,002228.SZ,10
3284,300097.SZ,6
3285,300196.SZ,6
3286,300651.SZ,10
3287,300240.SZ,4
3288,300137.SZ,8
3289,002170.SZ,14
3290,300448.SZ,14
3291,300373.SZ,10
3292,002386.SZ,16
3293,002308.SZ,1
3294,002666.SZ,10
3295,002600.SZ,4
3296,002345.SZ,16
3297,002684.SZ,10
3298,300086.SZ,10
3299,002339.SZ,16
3300,002533.SZ,8
3301,002423.SZ,7
3302,300024.SZ,1
3303,300675.SZ,16
3304,300706.SZ,16
3305,300250.SZ,14
3306,300410.SZ,6
3307,300387.SZ,18
3308,002905.SZ,16
3309,300435.SZ,10
3310,300732.SZ,4
3311,002826.SZ,10
3312,300540.SZ,6
3313,300666.SZ,10
3314,300485.SZ,18
3315,002902.SZ,8
3316,002932.SZ,1
3317,300278.SZ,15
3318,300707.SZ,8
3319,300254.SZ,8
3320,300456.SZ,16
3321,300198.SZ,10
3322,002770.SZ,10
3323,002670.SZ,1
3324,002631.SZ,14
3325,300712.SZ,18
3326,300334.SZ,1
3327,300519.SZ,10
3328,300750.SZ,10
3329,300528.SZ,16
3330,300404.SZ,6
3331,002611.SZ,8
3332,002623.SZ,6
3333,002772.SZ,16
3334,002923.SZ,10
3335,002747.SZ,8
3336,002650.SZ,18
3337,300508.SZ,1
3338,300290.SZ,15
3339,002420.SZ,16
3340,002913.SZ,18
3341,300365.SZ,6
3342,300806.SZ,10
3343,300425.SZ,1
3344,002628.SZ,6
3345,300790.SZ,18
3346,002768.SZ,4
3347,300595.SZ,10
3348,002890.SZ,10
3349,002823.SZ,16
3350,300535.SZ,16
3351,002517.SZ,16
3352,002803.SZ,1
3353,300461.SZ,10
3354,002719.SZ,4
3355,300209.SZ,15
3356,002454.SZ,4
3357,002891.SZ,16
3358,002577.SZ,6
3359,300582.SZ,16
3360,002412.SZ,16
3361,002908.SZ,15
3362,002937.SZ,18
3363,300258.SZ,1
3364,002956.SZ,10
3365,300822.SZ,1
3366,300214.SZ,16
3367,300533.SZ,10
3368,002832.SZ,10
3369,300538.SZ,10
3370,300692.SZ,16
3371,300798.SZ,14
3372,300611.SZ,10
3373,002959.SZ,16
3374,300635.SZ,18
3375,300269.SZ,6
3376,002792.SZ,1
3377,300699.SZ,16
3378,002822.SZ,10
3379,002968.SZ,16
3380,002892.SZ,1
3381,300326.SZ,8
3382,300619.SZ,10
3383,002739.SZ,10
3384,300594.SZ,15
3385,300511.SZ,16
3386,300589.SZ,14
3387,002782.SZ,16
3388,300805.SZ,10
3389,002973.SZ,14
3390,300394.SZ,16
3391,300813.SZ,16
3392,002558.SZ,10
3393,300429.SZ,4
3394,002607.SZ,10
3395,300629.SZ,16
3396,300522.SZ,10
3397,300207.SZ,14
3398,300510.SZ,14
3399,300625.SZ,17
3400,002919.SZ,16
3401,002811.SZ,15
3402,300527.SZ,16
3403,002860.SZ,8
3404,300436.SZ,16
3405,002439.SZ,16
3406,002713.SZ,7
3407,300539.SZ,15
3408,300731.SZ,15
3409,002647.SZ,10
3410,002402.SZ,16
3411,300748.SZ,4
3412,300483.SZ,15
3413,002757.SZ,16
3414,002884.SZ,15
3415,300155.SZ,16
3416,300285.SZ,17
3417,002835.SZ,17
3418,300171.SZ,6
3419,002560.SZ,16
3420,300115.SZ,16
3421,002724.SZ,10
3422,300534.SZ,16
3423,002867.SZ,16
3424,300640.SZ,10
3425,300351.SZ,1
3426,002583.SZ,16
3427,002758.SZ,16
3428,002859.SZ,15
3429,002543.SZ,16
3430,300607.SZ,10
3431,300301.SZ,16
3432,002431.SZ,16
3433,002732.SZ,14
3434,002955.SZ,16
3435,300817.SZ,16
3436,300385.SZ,16
3437,300733.SZ,10
3438,002648.SZ,17
3439,002885.SZ,18
3440,300632.SZ,4
3441,300308.SZ,18
3442,002619.SZ,14
3443,002640.SZ,1
3444,002708.SZ,16
3445,002665.SZ,17
3446,300378.SZ,15
3447,300763.SZ,16
3448,002729.SZ,7
3449,300422.SZ,16
3450,300795.SZ,16
3451,300628.SZ,16
3452,300518.SZ,14
3453,300676.SZ,17
3454,002810.SZ,16
3455,002645.SZ,4
3456,300520.SZ,16
3457,002671.SZ,14
3458,002781.SZ,16
3459,300227.SZ,4
3460,300431.SZ,16
3461,300769.SZ,16
3462,300705.SZ,16
3463,002620.SZ,16
3464,300488.SZ,16
3465,300251.SZ,7
3466,300248.SZ,16
3467,300623.SZ,17
3468,002893.SZ,16
3469,300201.SZ,18
3470,300698.SZ,15
3471,300486.SZ,1
3472,002655.SZ,16
3473,300438.SZ,16
3474,300663.SZ,10
3475,300320.SZ,15
3476,002820.SZ,15
3477,002584.SZ,16
3478,300384.SZ,16
3479,002962.SZ,14
3480,300282.SZ,17
3481,300208.SZ,16
3482,002575.SZ,16
3483,300500.SZ,16
3484,300548.SZ,15
3485,300427.SZ,14
3486,300239.SZ,16
3487,002557.SZ,16
3488,300599.SZ,15
3489,300220.SZ,16
3490,300767.SZ,16
3491,300596.SZ,16
3492,300610.SZ,10
3493,300286.SZ,16
3494,002824.SZ,18
3495,002925.SZ,1
3496,300283.SZ,10
3497,300228.SZ,7
3498,300432.SZ,18
3499,002639.SZ,7
3500,002922.SZ,16
3501,002746.SZ,16
3502,300421.SZ,15
3503,002787.SZ,16
3504,300709.SZ,10
3505,300291.SZ,10
3506,300462.SZ,15
3507,300580.SZ,6
3508,300180.SZ,15
3509,300515.SZ,16
3510,300186.SZ,16
3511,300561.SZ,16
3512,002602.SZ,14
3513,300726.SZ,15
3514,002915.SZ,18
3515,300716.SZ,16
3516,300327.SZ,18
3517,300691.SZ,16
3518,300656.SZ,16
3519,300224.SZ,16
3520,002616.SZ,18
3521,002833.SZ,16
3522,002342.SZ,16
3523,002525.SZ,16
3524,002873.SZ,16
3525,002872.SZ,16
3526,300082.SZ,1
3527,002636.SZ,10
3528,300473.SZ,16
3529,300371.SZ,16
3530,300495.SZ,15
3531,300166.SZ,14
3532,300529.SZ,1
3533,300275.SZ,16
3534,002656.SZ,7
3535,002672.SZ,16
3536,002901.SZ,17
3537,300311.SZ,6
3538,300242.SZ,16
3539,002696.SZ,16
3540,300266.SZ,16
3541,300380.SZ,16
3542,002865.SZ,14
3543,300575.SZ,16
3544,002726.SZ,16
3545,002851.SZ,4
3546,300752.SZ,7
3547,300791.SZ,7
3548,003816.SZ,10
3549,002608.SZ,14
3550,300337.SZ,16
3551,300573.SZ,16
3552,002779.SZ,1
3553,300419.SZ,16
3554,300359.SZ,7
3555,300783.SZ,16
3556,002776.SZ,10
3557,300749.SZ,4
3558,002775.SZ,4
3559,300591.SZ,14
3560,002717.SZ,16
3561,300262.SZ,16
3562,300552.SZ,7
3563,300571.SZ,10
3564,300446.SZ,16
3565,300398.SZ,4
3566,002548.SZ,14
3567,300360.SZ,16
3568,300459.SZ,19
3569,300615.SZ,16
3570,300309.SZ,1
3571,002840.SZ,8
3572,002853.SZ,1
3573,300821.SZ,4
3574,300341.SZ,10
3575,300512.SZ,14
3576,300756.SZ,15
3577,300667.SZ,17
3578,300453.SZ,8
3579,002837.SZ,17
3580,002895.SZ,16
3581,300788.SZ,16
3582,002850.SZ,14
3583,002676.SZ,15
3584,002597.SZ,16
3585,300475.SZ,7
3586,300464.SZ,10
3587,300773.SZ,19
3588,300565.SZ,15
3589,002789.SZ,18
3590,300496.SZ,7
3591,002652.SZ,16
3592,300176.SZ,6
3593,300366.SZ,16
3594,002798.SZ,10
3595,300188.SZ,16
3596,300581.SZ,15
3597,002682.SZ,7
3598,002767.SZ,16
3599,300516.SZ,10
3600,002537.SZ,8
3601,002522.SZ,8
3602,300603.SZ,16
3603,300355.SZ,16
3604,300255.SZ,10
3605,300600.SZ,7
3606,300252.SZ,1
3607,002752.SZ,16
3608,002714.SZ,10
3609,002582.SZ,16
3610,300815.SZ,15
3611,002681.SZ,16
3612,300352.SZ,15
3613,002830.SZ,16
3614,300194.SZ,16
3615,002604.SZ,16
3616,002701.SZ,7
3617,300639.SZ,10
3618,300158.SZ,16
3619,002818.SZ,1
3620,300562.SZ,17
3621,300677.SZ,19
3622,300740.SZ,18
3623,300655.SZ,14
3624,002646.SZ,6
3625,002838.SZ,14
3626,300606.SZ,4
3627,002542.SZ,10
3628,300374.SZ,16
3629,300428.SZ,18
3630,300579.SZ,16
3631,002870.SZ,15
3632,300621.SZ,18
3633,002795.SZ,14
3634,300391.SZ,10
3635,002728.SZ,16
3636,002552.SZ,4
3637,002641.SZ,16
3638,002812.SZ,7
3639,300299.SZ,16
3640,300654.SZ,8
3641,300576.SZ,15
3642,300665.SZ,1
3643,300545.SZ,19
3644,002742.SZ,1
3645,002691.SZ,15
3646,002876.SZ,15
3647,002700.SZ,7
3648,002864.SZ,15
3649,002550.SZ,16
3650,300770.SZ,16
3651,002685.SZ,19
3652,300588.SZ,16
3653,300567.SZ,16
3654,002912.SZ,16
3655,002760.SZ,14
3656,002723.SZ,16
3657,002817.SZ,7
3658,300746.SZ,6
3659,300481.SZ,16
3660,300270.SZ,16
3661,300536.SZ,16
3662,300357.SZ,15
3663,300204.SZ,10
3664,300347.SZ,6
3665,300383.SZ,16
3666,300332.SZ,10
3667,300501.SZ,14
3668,300348.SZ,16
3669,300160.SZ,10
3670,300417.SZ,19
3671,300211.SZ,16
3672,300553.SZ,10
3673,300808.SZ,7
3674,300753.SZ,10
3675,002585.SZ,1
3676,300312.SZ,10
3677,002941.SZ,10
3678,300521.SZ,14
3679,300243.SZ,15
3680,300399.SZ,16
3681,300298.SZ,16
3682,002741.SZ,16
3683,002920.SZ,16
3684,300490.SZ,16
3685,300281.SZ,14
3686,300556.SZ,15
3687,300724.SZ,15
3688,002875.SZ,16
3689,300664.SZ,15
3690,002564.SZ,19
3691,300484.SZ,1
3692,300364.SZ,16
3693,002958.SZ,1
3694,002815.SZ,10
3695,300757.SZ,1
3696,002877.SZ,16
3697,002411.SZ,7
3698,002428.SZ,15
3699,002442.SZ,14
3700,002424.SZ,15
3701,002926.SZ,16
3702,300139.SZ,19
3703,300492.SZ,17
3704,300523.SZ,10
3705,002464.SZ,10
3706,002393.SZ,16
3707,002394.SZ,16
3708,300098.SZ,15
3709,002848.SZ,10
3710,300786.SZ,7
3711,300502.SZ,1
3712,300087.SZ,16
3713,002388.SZ,7
3714,300066.SZ,10
3715,002413.SZ,16
3716,002416.SZ,4
3717,002945.SZ,16
3718,300680.SZ,16
3719,300758.SZ,7
3720,002486.SZ,16
3721,002369.SZ,1
3722,300089.SZ,16
3723,300253.SZ,16
3724,300631.SZ,10
3725,002897.SZ,16
3726,300386.SZ,1
3727,300238.SZ,18
3728,002456.SZ,17
3729,300330.SZ,7
3730,002142.SZ,16
3731,002735.SZ,7
3732,002858.SZ,15
3733,002898.SZ,7
3734,300053.SZ,16
3735,300057.SZ,16
3736,300055.SZ,14
3737,300058.SZ,16
3738,002106.SZ,7
3739,002759.SZ,14
3740,002659.SZ,16
3741,300634.SZ,1
3742,002603.SZ,1
3743,300412.SZ,10
3744,300236.SZ,16
3745,300153.SZ,6
3746,300218.SZ,16
3747,002556.SZ,8
3748,300494.SZ,16
3749,300317.SZ,16
3750,002886.SZ,16
3751,002879.SZ,16
3752,002634.SZ,17
3753,300402.SZ,1
3754,002532.SZ,16
3755,002702.SZ,16
3756,300140.SZ,4
3757,002144.SZ,16
3758,002302.SZ,16
3759,002140.SZ,10
3760,002590.SZ,16
3761,002541.SZ,15
3762,300159.SZ,10
3763,300223.SZ,16
3764,300191.SZ,10
3765,002609.SZ,14
3766,002298.SZ,15
3767,300105.SZ,18
3768,300077.SZ,17
3769,002751.SZ,16
3770,002598.SZ,1
3771,300433.SZ,10
3772,002307.SZ,18
3773,002263.SZ,14
3774,300181.SZ,16
3775,300315.SZ,16
3776,002930.SZ,8
3777,300173.SZ,16
3778,002167.SZ,10
3779,300564.SZ,10
3780,300569.SZ,7
3781,300104.SZ,7
3782,002514.SZ,1
3783,300145.SZ,10
3784,300148.SZ,16
3785,300146.SZ,16
3786,300415.SZ,14
3787,300420.SZ,16
3788,300694.SZ,15
3789,002947.SZ,1
3790,300174.SZ,14
3791,002617.SZ,1
3792,300649.SZ,7
3793,002679.SZ,16
3794,002856.SZ,6
3795,300307.SZ,14
3796,002673.SZ,14
3797,002827.SZ,16
3798,300276.SZ,14
3799,300418.SZ,17
3800,300100.SZ,7
3801,300092.SZ,10
3802,002357.SZ,10
3803,300037.SZ,15
3804,002716.SZ,7
3805,300587.SZ,16
3806,300350.SZ,16
3807,300466.SZ,16
3808,002969.SZ,10
3809,300249.SZ,16
3810,300645.SZ,16
3811,300658.SZ,10
3812,300537.SZ,15
3813,300590.SZ,1
3814,300441.SZ,16
3815,300328.SZ,16
3816,002712.SZ,16
3817,002730.SZ,16
3818,002694.SZ,10
3819,300172.SZ,8
3820,002765.SZ,7
3821,002667.SZ,1
3822,002524.SZ,17
3823,300293.SZ,16
3824,002677.SZ,16
3825,002528.SZ,16
3826,002855.SZ,16
3827,300345.SZ,7
3828,300316.SZ,1
3829,300499.SZ,16
3830,300622.SZ,16
3831,002813.SZ,10
3832,300368.SZ,16
3833,002737.SZ,10
3834,002689.SZ,17
3835,300578.SZ,19
3836,300396.SZ,16
3837,300340.SZ,16
3838,300668.SZ,10
3839,002633.SZ,7
3840,002755.SZ,16
3841,300409.SZ,14
3842,300476.SZ,16
3843,300304.SZ,1
3844,300604.SZ,15
3845,300507.SZ,16
3846,002581.SZ,10
3847,002862.SZ,15
3848,002635.SZ,7
3849,300210.SZ,16
3850,002899.SZ,10
3851,002801.SZ,5
3852,300736.SZ,16
3853,002593.SZ,16
3854,002970.SZ,16
3855,002785.SZ,15
3856,300526.SZ,17
3857,002828.SZ,16
3858,002788.SZ,14
3859,002664.SZ,10
3860,002596.SZ,14
3861,002654.SZ,10
3862,300362.SZ,10
3863,002829.SZ,1
3864,300471.SZ,15
3865,002852.SZ,16
3866,300288.SZ,15
3867,300430.SZ,7
3868,002675.SZ,10
3869,300782.SZ,19
3870,300738.SZ,15
3871,002618.SZ,7
3872,002821.SZ,14
3873,002625.SZ,16
3874,300333.SZ,15
3875,002953.SZ,16
3876,300259.SZ,17
3877,300505.SZ,14
3878,300532.SZ,7
3879,300300.SZ,16
3880,002846.SZ,6
3881,300772.SZ,16
3882,002911.SZ,19
3883,300550.SZ,17
3884,300392.SZ,19
3885,300458.SZ,16
3886,300322.SZ,17
3887,300162.SZ,16
3888,300800.SZ,16
3889,002836.SZ,15
3890,002707.SZ,7
3891,002606.SZ,16
3892,300443.SZ,16
3893,002841.SZ,16
3894,002621.SZ,15
3895,300442.SZ,16
3896,002571.SZ,17
3897,002720.SZ,16
3898,002629.SZ,10
3899,300620.SZ,16
3900,300397.SZ,15
3901,300608.SZ,16
3902,300761.SZ,16
3903,002612.SZ,16
3904,300423.SZ,16
3905,300449.SZ,16
3906,300525.SZ,16
3907,300506.SZ,10
3908,300450.SZ,15
3909,300363.SZ,16
3910,002971.SZ,16
3911,300257.SZ,16
3912,300530.SZ,10
3913,300335.SZ,16
3914,300478.SZ,16
3915,300785.SZ,10
3916,300493.SZ,16
3917,002861.SZ,1
3918,002790.SZ,18
3919,300411.SZ,14
3920,002627.SZ,10
3921,300570.SZ,14
3922,300491.SZ,7
3923,300626.SZ,15
